{
  "type": "FeatureCollection",
  "metadata": {
    "source": "OpenStreetMap via Overpass API",
    "endpoint": "https://overpass.private.coffee/api/interpreter",
    "generatedAt": "2026-03-09T03:41:48.272Z",
    "bbox": {
      "south": 35.676,
      "west": 139.757,
      "north": 35.6838,
      "east": 139.7678
    },
    "count": 1230,
    "osmBaseTimestamp": "2026-03-09T03:40:42Z"
  },
  "features": [
    {
      "type": "Feature",
      "properties": {
        "id": 43933142,
        "highway": "service",
        "name": null,
        "access": "no",
        "surface": null
      },
      "geometry": {
        "type": "LineString",
        "coordinates": [
          [
            139.7583291,
            35.6839018
          ],
          [
            139.7583159,
            35.6838676
          ],
          [
            139.7582173,
            35.6836064
          ]
        ]
      }
    },
    {
      "type": "Feature",
      "properties": {
        "id": 145402271,
        "highway": "footway",
        "name": null,
        "access": null,
        "surface": "asphalt"
      },
      "geometry": {
        "type": "LineString",
        "coordinates": [
          [
            139.7584044,
            35.6789278
          ],
          [
            139.7583868,
            35.6788907
          ],
          [
            139.7583306,
            35.6787719
          ],
          [
            139.7583078,
            35.6787066
          ],
          [
            139.7582946,
            35.6786442
          ],
          [
            139.7582838,
            35.6785867
          ],
          [
            139.758279,
            35.6785263
          ],
          [
            139.7582826,
            35.6784668
          ],
          [
            139.7582882,
            35.6784127
          ],
          [
            139.7583062,
            35.6783454
          ],
          [
            139.7583317,
            35.6782804
          ],
          [
            139.7584082,
            35.6780851
          ],
          [
            139.7584276,
            35.6780208
          ]
        ]
      }
    },
    {
      "type": "Feature",
      "properties": {
        "id": 145402273,
        "highway": "pedestrian",
        "name": null,
        "access": null,
        "surface": null
      },
      "geometry": {
        "type": "LineString",
        "coordinates": [
          [
            139.759464,
            35.680457
          ],
          [
            139.759842,
            35.6803734
          ],
          [
            139.760089,
            35.6803199
          ]
        ]
      }
    },
    {
      "type": "Feature",
      "properties": {
        "id": 145402274,
        "highway": "footway",
        "name": null,
        "access": null,
        "surface": "asphalt"
      },
      "geometry": {
        "type": "LineString",
        "coordinates": [
          [
            139.7586911,
            35.6774593
          ],
          [
            139.7586847,
            35.6774762
          ],
          [
            139.7585868,
            35.6777361
          ],
          [
            139.7585587,
            35.6777925
          ]
        ]
      }
    },
    {
      "type": "Feature",
      "properties": {
        "id": 145402275,
        "highway": "footway",
        "name": null,
        "access": null,
        "surface": null
      },
      "geometry": {
        "type": "LineString",
        "coordinates": [
          [
            139.7600252,
            35.6821881
          ],
          [
            139.7607783,
            35.6820217
          ],
          [
            139.7608173,
            35.6820131
          ]
        ]
      }
    },
    {
      "type": "Feature",
      "properties": {
        "id": 145402278,
        "highway": "footway",
        "name": null,
        "access": null,
        "surface": null
      },
      "geometry": {
        "type": "LineString",
        "coordinates": [
          [
            139.7585825,
            35.6792855
          ],
          [
            139.7586742,
            35.6794497
          ],
          [
            139.7586977,
            35.679492
          ],
          [
            139.7587565,
            35.6796051
          ],
          [
            139.7588021,
            35.679683
          ],
          [
            139.7588489,
            35.6797552
          ],
          [
            139.7589054,
            35.6798229
          ],
          [
            139.7589834,
            35.6799056
          ],
          [
            139.7590733,
            35.6799876
          ],
          [
            139.7591531,
            35.6800552
          ],
          [
            139.7592049,
            35.6801006
          ],
          [
            139.7592498,
            35.6801461
          ],
          [
            139.7592973,
            35.6801978
          ],
          [
            139.7593448,
            35.6802585
          ],
          [
            139.7594267,
            35.6803826
          ],
          [
            139.759464,
            35.680457
          ],
          [
            139.759474,
            35.6805558
          ],
          [
            139.7594804,
            35.6807113
          ],
          [
            139.7595016,
            35.6808537
          ],
          [
            139.7595337,
            35.6809571
          ],
          [
            139.7598127,
            35.6816359
          ],
          [
            139.7598666,
            35.6817776
          ],
          [
            139.7598948,
            35.6818518
          ],
          [
            139.7600252,
            35.6821881
          ],
          [
            139.7600807,
            35.6823353
          ],
          [
            139.7600913,
            35.6823648
          ]
        ]
      }
    },
    {
      "type": "Feature",
      "properties": {
        "id": 145402281,
        "highway": "footway",
        "name": null,
        "access": null,
        "surface": null
      },
      "geometry": {
        "type": "LineString",
        "coordinates": [
          [
            139.7608693,
            35.6821858
          ],
          [
            139.760862,
            35.6821602
          ],
          [
            139.7608173,
            35.6820131
          ],
          [
            139.7598339,
            35.6790975
          ],
          [
            139.7598663,
            35.6789979
          ]
        ]
      }
    },
    {
      "type": "Feature",
      "properties": {
        "id": 145402283,
        "highway": "footway",
        "name": null,
        "access": null,
        "surface": "asphalt"
      },
      "geometry": {
        "type": "LineString",
        "coordinates": [
          [
            139.7583317,
            35.6782804
          ],
          [
            139.7583697,
            35.6782893
          ],
          [
            139.7584186,
            35.6782698
          ],
          [
            139.7586547,
            35.6781757
          ]
        ]
      }
    },
    {
      "type": "Feature",
      "properties": {
        "id": 145402287,
        "highway": "footway",
        "name": null,
        "access": null,
        "surface": "asphalt"
      },
      "geometry": {
        "type": "LineString",
        "coordinates": [
          [
            139.7567755,
            35.6778617
          ],
          [
            139.7567931,
            35.6778242
          ],
          [
            139.7573986,
            35.6776307
          ],
          [
            139.7574242,
            35.6776536
          ],
          [
            139.7574436,
            35.6776546
          ],
          [
            139.7575461,
            35.6776774
          ],
          [
            139.7578376,
            35.6777214
          ],
          [
            139.7579615,
            35.6777503
          ],
          [
            139.758143,
            35.6778041
          ],
          [
            139.7582668,
            35.677838
          ],
          [
            139.7583321,
            35.6778529
          ]
        ]
      }
    },
    {
      "type": "Feature",
      "properties": {
        "id": 145402288,
        "highway": "pedestrian",
        "name": null,
        "access": null,
        "surface": null
      },
      "geometry": {
        "type": "LineString",
        "coordinates": [
          [
            139.7595531,
            35.6820574
          ],
          [
            139.7594336,
            35.6818771
          ],
          [
            139.759337,
            35.6817313
          ],
          [
            139.7593861,
            35.6817308
          ],
          [
            139.7594233,
            35.6817238
          ],
          [
            139.7597742,
            35.6816446
          ],
          [
            139.7598127,
            35.6816359
          ],
          [
            139.759842,
            35.6816295
          ],
          [
            139.7600444,
            35.6815855
          ],
          [
            139.7601398,
            35.681564
          ],
          [
            139.7601691,
            35.6815544
          ],
          [
            139.7601941,
            35.6815423
          ],
          [
            139.7602166,
            35.6815289
          ],
          [
            139.7602331,
            35.6815154
          ],
          [
            139.7602539,
            35.6814954
          ],
          [
            139.7602679,
            35.6814761
          ],
          [
            139.7602812,
            35.6814486
          ],
          [
            139.7602889,
            35.6814155
          ],
          [
            139.7602906,
            35.6813866
          ],
          [
            139.7602846,
            35.681359
          ],
          [
            139.7602736,
            35.681319
          ],
          [
            139.7601007,
            35.6808056
          ],
          [
            139.7600908,
            35.6807973
          ],
          [
            139.7600809,
            35.6807958
          ],
          [
            139.7600677,
            35.6807983
          ],
          [
            139.7600317,
            35.6808068
          ],
          [
            139.76002,
            35.6808068
          ],
          [
            139.7600035,
            35.6808027
          ],
          [
            139.7599903,
            35.6807963
          ],
          [
            139.7599825,
            35.6807878
          ],
          [
            139.7599744,
            35.680769
          ],
          [
            139.7598629,
            35.6804357
          ],
          [
            139.759842,
            35.6803734
          ],
          [
            139.75983,
            35.6803376
          ],
          [
            139.7597178,
            35.6800022
          ],
          [
            139.759711,
            35.6799843
          ],
          [
            139.7597127,
            35.6799691
          ],
          [
            139.7597195,
            35.679954
          ],
          [
            139.7597331,
            35.6799423
          ],
          [
            139.7597526,
            35.6799333
          ],
          [
            139.7597764,
            35.6799257
          ],
          [
            139.759795,
            35.6799188
          ],
          [
            139.7598018,
            35.6799092
          ],
          [
            139.7597925,
            35.6798816
          ],
          [
            139.7596164,
            35.6793761
          ],
          [
            139.7595526,
            35.6791927
          ],
          [
            139.7596846,
            35.6791482
          ],
          [
            139.7598166,
            35.6791038
          ],
          [
            139.75983,
            35.6791332
          ],
          [
            139.7607543,
            35.6818973
          ],
          [
            139.7606169,
            35.681929
          ],
          [
            139.7605727,
            35.6817891
          ],
          [
            139.7605619,
            35.6817682
          ],
          [
            139.7605511,
            35.681757
          ],
          [
            139.7605391,
            35.6817482
          ],
          [
            139.7605235,
            35.681739
          ],
          [
            139.7605091,
            35.6817346
          ],
          [
            139.7604917,
            35.6817307
          ],
          [
            139.7604725,
            35.6817292
          ],
          [
            139.7604479,
            35.6817316
          ],
          [
            139.7604179,
            35.681738
          ],
          [
            139.7599628,
            35.681837
          ],
          [
            139.7598948,
            35.6818518
          ],
          [
            139.7598426,
            35.6818631
          ],
          [
            139.7597759,
            35.6818766
          ],
          [
            139.7597386,
            35.6818897
          ],
          [
            139.7596936,
            35.6819111
          ],
          [
            139.7596656,
            35.6819276
          ],
          [
            139.759641,
            35.6819476
          ],
          [
            139.7596138,
            35.6819717
          ],
          [
            139.7595977,
            35.6819896
          ],
          [
            139.7595937,
            35.6819961
          ],
          [
            139.7595841,
            35.6820117
          ],
          [
            139.7595531,
            35.6820574
          ]
        ]
      }
    },
    {
      "type": "Feature",
      "properties": {
        "id": 145402289,
        "highway": "footway",
        "name": null,
        "access": null,
        "surface": "asphalt"
      },
      "geometry": {
        "type": "LineString",
        "coordinates": [
          [
            139.7586228,
            35.677945
          ],
          [
            139.7587059,
            35.6779678
          ],
          [
            139.7588521,
            35.6780109
          ],
          [
            139.7589573,
            35.6780564
          ],
          [
            139.7590295,
            35.6780999
          ],
          [
            139.7590855,
            35.6781371
          ],
          [
            139.7591185,
            35.6781473
          ],
          [
            139.7591315,
            35.6781491
          ],
          [
            139.7591903,
            35.6781798
          ],
          [
            139.7592386,
            35.6782544
          ],
          [
            139.7592701,
            35.6783726
          ],
          [
            139.759303,
            35.6784674
          ],
          [
            139.7593331,
            35.6785415
          ],
          [
            139.7593445,
            35.6785861
          ],
          [
            139.759352,
            35.6786046
          ]
        ]
      }
    },
    {
      "type": "Feature",
      "properties": {
        "id": 145402290,
        "highway": "footway",
        "name": null,
        "access": null,
        "surface": "paving_stones"
      },
      "geometry": {
        "type": "LineString",
        "coordinates": [
          [
            139.7584875,
            35.6833296
          ],
          [
            139.7584727,
            35.6832884
          ],
          [
            139.7584709,
            35.6832808
          ],
          [
            139.7584764,
            35.683269
          ],
          [
            139.7586218,
            35.6832342
          ],
          [
            139.7586329,
            35.6832359
          ],
          [
            139.7586407,
            35.6832415
          ],
          [
            139.758657,
            35.6832899
          ]
        ]
      }
    },
    {
      "type": "Feature",
      "properties": {
        "id": 145404002,
        "highway": "footway",
        "name": null,
        "access": null,
        "surface": "paving_stones"
      },
      "geometry": {
        "type": "LineString",
        "coordinates": [
          [
            139.7576671,
            35.6791803
          ],
          [
            139.7577359,
            35.6791568
          ],
          [
            139.7584044,
            35.6789278
          ],
          [
            139.759352,
            35.6786046
          ],
          [
            139.7593604,
            35.6786017
          ],
          [
            139.7594462,
            35.6785792
          ],
          [
            139.7596238,
            35.6785274
          ],
          [
            139.7597274,
            35.6785322
          ],
          [
            139.7604038,
            35.6783792
          ],
          [
            139.7605422,
            35.6783529
          ],
          [
            139.760622,
            35.6783377
          ],
          [
            139.7607164,
            35.6783697
          ]
        ]
      }
    },
    {
      "type": "Feature",
      "properties": {
        "id": 145404003,
        "highway": "footway",
        "name": null,
        "access": null,
        "surface": "paving_stones"
      },
      "geometry": {
        "type": "LineString",
        "coordinates": [
          [
            139.7579783,
            35.6796881
          ],
          [
            139.7580089,
            35.6796776
          ],
          [
            139.7586742,
            35.6794497
          ],
          [
            139.7593305,
            35.6792153
          ],
          [
            139.7595184,
            35.6791078
          ],
          [
            139.7596565,
            35.6790624
          ],
          [
            139.7597798,
            35.6790239
          ],
          [
            139.7598663,
            35.6789979
          ],
          [
            139.7601445,
            35.6789533
          ],
          [
            139.7601981,
            35.6789631
          ],
          [
            139.76058,
            35.6788801
          ],
          [
            139.7608618,
            35.6788143
          ]
        ]
      }
    },
    {
      "type": "Feature",
      "properties": {
        "id": 145405912,
        "highway": "footway",
        "name": null,
        "access": null,
        "surface": "asphalt"
      },
      "geometry": {
        "type": "LineString",
        "coordinates": [
          [
            139.7622462,
            35.6818387
          ],
          [
            139.762175,
            35.6818546
          ],
          [
            139.7620342,
            35.6818872
          ],
          [
            139.7619703,
            35.6819021
          ]
        ]
      }
    },
    {
      "type": "Feature",
      "properties": {
        "id": 145405913,
        "highway": "residential",
        "name": "丸の内仲通り",
        "access": null,
        "surface": "asphalt"
      },
      "geometry": {
        "type": "LineString",
        "coordinates": [
          [
            139.7644658,
            35.6849555
          ],
          [
            139.7644441,
            35.6848901
          ],
          [
            139.7639436,
            35.6833624
          ],
          [
            139.7639159,
            35.6832763
          ],
          [
            139.7638898,
            35.6831954
          ],
          [
            139.7635907,
            35.6822814
          ],
          [
            139.7635777,
            35.6822416
          ],
          [
            139.7635414,
            35.682132
          ]
        ]
      }
    },
    {
      "type": "Feature",
      "properties": {
        "id": 145405921,
        "highway": "footway",
        "name": null,
        "access": null,
        "surface": "paving_stones"
      },
      "geometry": {
        "type": "LineString",
        "coordinates": [
          [
            139.7598371,
            35.6832105
          ],
          [
            139.7598252,
            35.6831891
          ],
          [
            139.7597139,
            35.6830235
          ],
          [
            139.7594022,
            35.6825597
          ],
          [
            139.7593861,
            35.6825339
          ],
          [
            139.7591938,
            35.6822255
          ],
          [
            139.7588734,
            35.6817217
          ],
          [
            139.7578545,
            35.680125
          ],
          [
            139.757824,
            35.6800782
          ],
          [
            139.7577631,
            35.6799849
          ],
          [
            139.7573135,
            35.679294
          ]
        ]
      }
    },
    {
      "type": "Feature",
      "properties": {
        "id": 149371752,
        "highway": "service",
        "name": "丸の内鍛冶橋駐車場",
        "access": null,
        "surface": null
      },
      "geometry": {
        "type": "LineString",
        "coordinates": [
          [
            139.7665002,
            35.6766733
          ],
          [
            139.7664144,
            35.6767536
          ],
          [
            139.7659664,
            35.6769664
          ],
          [
            139.765906,
            35.676971
          ],
          [
            139.7658546,
            35.6769557
          ],
          [
            139.7657633,
            35.6768398
          ],
          [
            139.765758,
            35.6768082
          ],
          [
            139.7657738,
            35.6767801
          ],
          [
            139.7661179,
            35.6766241
          ]
        ]
      }
    },
    {
      "type": "Feature",
      "properties": {
        "id": 158180860,
        "highway": "residential",
        "name": "丸の内仲通り",
        "access": null,
        "surface": "asphalt"
      },
      "geometry": {
        "type": "LineString",
        "coordinates": [
          [
            139.7618933,
            35.6771353
          ],
          [
            139.7619106,
            35.6771877
          ],
          [
            139.7620591,
            35.6776377
          ],
          [
            139.7621971,
            35.6780568
          ],
          [
            139.7622078,
            35.6780892
          ],
          [
            139.7622407,
            35.6781876
          ],
          [
            139.7622796,
            35.6783055
          ]
        ]
      }
    },
    {
      "type": "Feature",
      "properties": {
        "id": 184726159,
        "highway": "footway",
        "name": null,
        "access": null,
        "surface": null
      },
      "geometry": {
        "type": "LineString",
        "coordinates": [
          [
            139.7627386,
            35.6833817
          ],
          [
            139.7626743,
            35.6833951
          ],
          [
            139.7625332,
            35.6834245
          ],
          [
            139.7624746,
            35.6834367
          ]
        ]
      }
    },
    {
      "type": "Feature",
      "properties": {
        "id": 190681157,
        "highway": "footway",
        "name": null,
        "access": null,
        "surface": "paving_stones"
      },
      "geometry": {
        "type": "LineString",
        "coordinates": [
          [
            139.760223,
            35.6835844
          ],
          [
            139.7602683,
            35.6835754
          ],
          [
            139.7603114,
            35.6835669
          ],
          [
            139.7603361,
            35.683562
          ],
          [
            139.7603483,
            35.6835596
          ],
          [
            139.7604612,
            35.6835504
          ],
          [
            139.7607017,
            35.6834984
          ]
        ]
      }
    },
    {
      "type": "Feature",
      "properties": {
        "id": 203133458,
        "highway": "pedestrian",
        "name": "和田倉橋",
        "access": null,
        "surface": "fine_gravel"
      },
      "geometry": {
        "type": "LineString",
        "coordinates": [
          [
            139.7621324,
            35.6835133
          ],
          [
            139.7616668,
            35.6835945
          ]
        ]
      }
    },
    {
      "type": "Feature",
      "properties": {
        "id": 203572468,
        "highway": "footway",
        "name": null,
        "access": null,
        "surface": "asphalt"
      },
      "geometry": {
        "type": "LineString",
        "coordinates": [
          [
            139.7672645,
            35.6770888
          ],
          [
            139.7672992,
            35.6771443
          ],
          [
            139.7673663,
            35.6772499
          ],
          [
            139.7674105,
            35.67732
          ]
        ]
      }
    },
    {
      "type": "Feature",
      "properties": {
        "id": 203572478,
        "highway": "footway",
        "name": null,
        "access": null,
        "surface": "asphalt"
      },
      "geometry": {
        "type": "LineString",
        "coordinates": [
          [
            139.7671194,
            35.6769922
          ],
          [
            139.7670218,
            35.6770106
          ],
          [
            139.7668848,
            35.6770375
          ],
          [
            139.7667161,
            35.6770677
          ]
        ]
      }
    },
    {
      "type": "Feature",
      "properties": {
        "id": 203572501,
        "highway": "footway",
        "name": null,
        "access": null,
        "surface": "asphalt"
      },
      "geometry": {
        "type": "LineString",
        "coordinates": [
          [
            139.766702,
            35.6771027
          ],
          [
            139.7667407,
            35.6772199
          ],
          [
            139.7667848,
            35.6773448
          ],
          [
            139.7668132,
            35.6774235
          ]
        ]
      }
    },
    {
      "type": "Feature",
      "properties": {
        "id": 203572531,
        "highway": "footway",
        "name": null,
        "access": null,
        "surface": null
      },
      "geometry": {
        "type": "LineString",
        "coordinates": [
          [
            139.7599607,
            35.6827286
          ],
          [
            139.7599923,
            35.6827214
          ],
          [
            139.7619148,
            35.682279
          ],
          [
            139.7619624,
            35.6822695
          ]
        ]
      }
    },
    {
      "type": "Feature",
      "properties": {
        "id": 239796987,
        "highway": "footway",
        "name": null,
        "access": null,
        "surface": null
      },
      "geometry": {
        "type": "LineString",
        "coordinates": [
          [
            139.7598018,
            35.6824751
          ],
          [
            139.7598449,
            35.6825354
          ],
          [
            139.7599607,
            35.6827286
          ],
          [
            139.7600687,
            35.6829065
          ],
          [
            139.7601171,
            35.6829885
          ]
        ]
      }
    },
    {
      "type": "Feature",
      "properties": {
        "id": 264293072,
        "highway": "pedestrian",
        "name": null,
        "access": null,
        "surface": "asphalt"
      },
      "geometry": {
        "type": "LineString",
        "coordinates": [
          [
            139.7581589,
            35.6830477
          ],
          [
            139.7582606,
            35.6832569
          ],
          [
            139.7582657,
            35.6832696
          ],
          [
            139.7582797,
            35.6832865
          ],
          [
            139.7582911,
            35.6832955
          ],
          [
            139.7583077,
            35.6833079
          ],
          [
            139.7583268,
            35.6833186
          ],
          [
            139.7583553,
            35.6833297
          ],
          [
            139.7583907,
            35.683338
          ],
          [
            139.7584225,
            35.6833409
          ],
          [
            139.7584585,
            35.683336
          ],
          [
            139.7584875,
            35.6833296
          ],
          [
            139.758657,
            35.6832899
          ],
          [
            139.7587435,
            35.6832727
          ],
          [
            139.7587657,
            35.6832634
          ],
          [
            139.7588083,
            35.6832503
          ],
          [
            139.7588467,
            35.6832283
          ],
          [
            139.7588749,
            35.6831996
          ],
          [
            139.7588947,
            35.6831554
          ],
          [
            139.7588959,
            35.6831066
          ],
          [
            139.7587171,
            35.6827265
          ],
          [
            139.7585541,
            35.6823888
          ],
          [
            139.7585193,
            35.6823566
          ],
          [
            139.7584725,
            35.6823293
          ],
          [
            139.7584379,
            35.6823189
          ],
          [
            139.7584043,
            35.6823126
          ],
          [
            139.7583743,
            35.6823106
          ],
          [
            139.7583311,
            35.6823135
          ],
          [
            139.7580593,
            35.6823735
          ],
          [
            139.7580227,
            35.6823925
          ],
          [
            139.7580024,
            35.6824085
          ],
          [
            139.7579844,
            35.6824292
          ],
          [
            139.7579706,
            35.682456
          ],
          [
            139.7579637,
            35.6824806
          ],
          [
            139.7579643,
            35.6825104
          ],
          [
            139.7579698,
            35.682531
          ],
          [
            139.7581589,
            35.6830477
          ]
        ]
      }
    },
    {
      "type": "Feature",
      "properties": {
        "id": 269036966,
        "highway": "footway",
        "name": null,
        "access": null,
        "surface": null
      },
      "geometry": {
        "type": "LineString",
        "coordinates": [
          [
            139.7680953,
            35.6785222
          ],
          [
            139.7679775,
            35.6785723
          ],
          [
            139.767842,
            35.67863
          ],
          [
            139.7677272,
            35.6786788
          ]
        ]
      }
    },
    {
      "type": "Feature",
      "properties": {
        "id": 287715693,
        "highway": "footway",
        "name": null,
        "access": null,
        "surface": "paving_stones"
      },
      "geometry": {
        "type": "LineString",
        "coordinates": [
          [
            139.7649349,
            35.682961
          ],
          [
            139.7649342,
            35.6829306
          ],
          [
            139.7648645,
            35.6827315
          ],
          [
            139.764786,
            35.6825128
          ],
          [
            139.7646105,
            35.6820167
          ],
          [
            139.7645574,
            35.6820273
          ],
          [
            139.7644921,
            35.6820402
          ],
          [
            139.7636879,
            35.6822104
          ],
          [
            139.7636569,
            35.6822242
          ],
          [
            139.7635777,
            35.6822416
          ],
          [
            139.7635121,
            35.6822566
          ],
          [
            139.7634745,
            35.6822576
          ],
          [
            139.762761,
            35.6824218
          ],
          [
            139.7626055,
            35.6824562
          ],
          [
            139.762526,
            35.6825382
          ]
        ]
      }
    },
    {
      "type": "Feature",
      "properties": {
        "id": 287715695,
        "highway": "footway",
        "name": null,
        "access": null,
        "surface": "paving_stones"
      },
      "geometry": {
        "type": "LineString",
        "coordinates": [
          [
            139.7656742,
            35.681049
          ],
          [
            139.7656909,
            35.6810983
          ],
          [
            139.7656915,
            35.6811
          ],
          [
            139.7656352,
            35.6811126
          ],
          [
            139.7646866,
            35.6813244
          ]
        ]
      }
    },
    {
      "type": "Feature",
      "properties": {
        "id": 287715701,
        "highway": "footway",
        "name": null,
        "access": null,
        "surface": null
      },
      "geometry": {
        "type": "LineString",
        "coordinates": [
          [
            139.7648645,
            35.6827315
          ],
          [
            139.7650042,
            35.682705
          ],
          [
            139.7651881,
            35.6826701
          ]
        ]
      }
    },
    {
      "type": "Feature",
      "properties": {
        "id": 287715706,
        "highway": "footway",
        "name": null,
        "access": null,
        "surface": null
      },
      "geometry": {
        "type": "LineString",
        "coordinates": [
          [
            139.7649349,
            35.682961
          ],
          [
            139.7649007,
            35.6829827
          ],
          [
            139.7646564,
            35.683037
          ],
          [
            139.7639955,
            35.6831837
          ],
          [
            139.7639735,
            35.683179
          ]
        ]
      }
    },
    {
      "type": "Feature",
      "properties": {
        "id": 287715707,
        "highway": "footway",
        "name": null,
        "access": null,
        "surface": null
      },
      "geometry": {
        "type": "LineString",
        "coordinates": [
          [
            139.7653326,
            35.6829629
          ],
          [
            139.7653782,
            35.6829133
          ],
          [
            139.7657602,
            35.6828255
          ],
          [
            139.7659735,
            35.6827798
          ],
          [
            139.7660031,
            35.6827812
          ],
          [
            139.766166,
            35.6828555
          ],
          [
            139.7662464,
            35.6828942
          ],
          [
            139.7666019,
            35.6830654
          ],
          [
            139.7667222,
            35.6831233
          ],
          [
            139.7667443,
            35.6831346
          ],
          [
            139.7668057,
            35.6831661
          ],
          [
            139.7668754,
            35.6832324
          ],
          [
            139.7669043,
            35.6832895
          ],
          [
            139.7670682,
            35.6836139
          ],
          [
            139.7670832,
            35.6836436
          ],
          [
            139.7672598,
            35.6839827
          ],
          [
            139.7673716,
            35.6842189
          ]
        ]
      }
    },
    {
      "type": "Feature",
      "properties": {
        "id": 342271465,
        "highway": "service",
        "name": null,
        "access": "no",
        "surface": null
      },
      "geometry": {
        "type": "LineString",
        "coordinates": [
          [
            139.7651783,
            35.6809256
          ],
          [
            139.7651795,
            35.6809468
          ],
          [
            139.7651907,
            35.6809736
          ],
          [
            139.7652118,
            35.6809998
          ],
          [
            139.7652479,
            35.6810215
          ],
          [
            139.7652852,
            35.6810337
          ],
          [
            139.7653231,
            35.6810332
          ],
          [
            139.7653747,
            35.681019
          ],
          [
            139.7654978,
            35.6809332
          ],
          [
            139.765516,
            35.6809073
          ]
        ]
      }
    },
    {
      "type": "Feature",
      "properties": {
        "id": 342271467,
        "highway": "service",
        "name": null,
        "access": null,
        "surface": null
      },
      "geometry": {
        "type": "LineString",
        "coordinates": [
          [
            139.76509,
            35.6809669
          ],
          [
            139.7651448,
            35.680914
          ],
          [
            139.7652266,
            35.6808497
          ],
          [
            139.765296,
            35.6808283
          ],
          [
            139.76534,
            35.680829
          ],
          [
            139.7653901,
            35.6808504
          ],
          [
            139.7654209,
            35.6808861
          ],
          [
            139.7654288,
            35.6809097
          ],
          [
            139.7654297,
            35.6809504
          ]
        ]
      }
    },
    {
      "type": "Feature",
      "properties": {
        "id": 342271469,
        "highway": "footway",
        "name": null,
        "access": null,
        "surface": "paving_stones"
      },
      "geometry": {
        "type": "LineString",
        "coordinates": [
          [
            139.7658505,
            35.6817854
          ],
          [
            139.7649134,
            35.6819946
          ]
        ]
      }
    },
    {
      "type": "Feature",
      "properties": {
        "id": 342271473,
        "highway": "service",
        "name": null,
        "access": null,
        "surface": "asphalt"
      },
      "geometry": {
        "type": "LineString",
        "coordinates": [
          [
            139.7651179,
            35.6811258
          ],
          [
            139.7651877,
            35.6811314
          ],
          [
            139.765522,
            35.6810571
          ],
          [
            139.765548,
            35.6810336
          ],
          [
            139.7655535,
            35.6810022
          ],
          [
            139.765516,
            35.6809073
          ],
          [
            139.7654814,
            35.6808257
          ],
          [
            139.7654364,
            35.6807907
          ],
          [
            139.7654003,
            35.6807736
          ],
          [
            139.7653546,
            35.68076
          ],
          [
            139.7652901,
            35.6807551
          ],
          [
            139.7652332,
            35.6807765
          ],
          [
            139.765184,
            35.68078
          ],
          [
            139.7651262,
            35.6807729
          ],
          [
            139.7650582,
            35.6807481
          ]
        ]
      }
    },
    {
      "type": "Feature",
      "properties": {
        "id": 342448076,
        "highway": "footway",
        "name": null,
        "access": null,
        "surface": null
      },
      "geometry": {
        "type": "LineString",
        "coordinates": [
          [
            139.7621817,
            35.6826133
          ],
          [
            139.7622474,
            35.6828377
          ],
          [
            139.7624375,
            35.6834444
          ],
          [
            139.7624786,
            35.6835719
          ],
          [
            139.7625162,
            35.6837058
          ]
        ]
      }
    },
    {
      "type": "Feature",
      "properties": {
        "id": 342448078,
        "highway": "footway",
        "name": null,
        "access": null,
        "surface": "paving_stones"
      },
      "geometry": {
        "type": "LineString",
        "coordinates": [
          [
            139.7620627,
            35.6825734
          ],
          [
            139.7619128,
            35.6826059
          ],
          [
            139.7614876,
            35.6826981
          ],
          [
            139.7606221,
            35.6828858
          ],
          [
            139.7601585,
            35.6829863
          ],
          [
            139.7601309,
            35.6830134
          ]
        ]
      }
    },
    {
      "type": "Feature",
      "properties": {
        "id": 342448079,
        "highway": "footway",
        "name": null,
        "access": null,
        "surface": "paving_stones"
      },
      "geometry": {
        "type": "LineString",
        "coordinates": [
          [
            139.7621817,
            35.6826133
          ],
          [
            139.7620627,
            35.6825734
          ]
        ]
      }
    },
    {
      "type": "Feature",
      "properties": {
        "id": 342448081,
        "highway": "footway",
        "name": null,
        "access": null,
        "surface": null
      },
      "geometry": {
        "type": "LineString",
        "coordinates": [
          [
            139.7628533,
            35.6835916
          ],
          [
            139.7628665,
            35.6836339
          ]
        ]
      }
    },
    {
      "type": "Feature",
      "properties": {
        "id": 342448083,
        "highway": "footway",
        "name": null,
        "access": null,
        "surface": null
      },
      "geometry": {
        "type": "LineString",
        "coordinates": [
          [
            139.7601309,
            35.6830134
          ],
          [
            139.7601327,
            35.6830855
          ],
          [
            139.7601426,
            35.6831181
          ]
        ]
      }
    },
    {
      "type": "Feature",
      "properties": {
        "id": 342448084,
        "highway": "footway",
        "name": null,
        "access": null,
        "surface": "paving_stones"
      },
      "geometry": {
        "type": "LineString",
        "coordinates": [
          [
            139.7649914,
            35.6831317
          ],
          [
            139.7649598,
            35.6831245
          ],
          [
            139.7643972,
            35.6832476
          ],
          [
            139.7640505,
            35.6833234
          ],
          [
            139.7640199,
            35.6833361
          ]
        ]
      }
    },
    {
      "type": "Feature",
      "properties": {
        "id": 342448085,
        "highway": "footway",
        "name": null,
        "access": null,
        "surface": null
      },
      "geometry": {
        "type": "LineString",
        "coordinates": [
          [
            139.762819,
            35.6836436
          ],
          [
            139.7627544,
            35.6836569
          ],
          [
            139.7626111,
            35.6836863
          ],
          [
            139.7625504,
            35.6836988
          ]
        ]
      }
    },
    {
      "type": "Feature",
      "properties": {
        "id": 342448086,
        "highway": "footway",
        "name": null,
        "access": null,
        "surface": "asphalt"
      },
      "geometry": {
        "type": "LineString",
        "coordinates": [
          [
            139.7624757,
            35.6825492
          ],
          [
            139.7624052,
            35.6825646
          ],
          [
            139.762269,
            35.6825943
          ],
          [
            139.7622092,
            35.6826073
          ]
        ]
      }
    },
    {
      "type": "Feature",
      "properties": {
        "id": 342448088,
        "highway": "footway",
        "name": null,
        "access": null,
        "surface": null
      },
      "geometry": {
        "type": "LineString",
        "coordinates": [
          [
            139.7620038,
            35.6823948
          ],
          [
            139.7619624,
            35.6822695
          ],
          [
            139.7619176,
            35.6821323
          ]
        ]
      }
    },
    {
      "type": "Feature",
      "properties": {
        "id": 342448089,
        "highway": "footway",
        "name": null,
        "access": null,
        "surface": null
      },
      "geometry": {
        "type": "LineString",
        "coordinates": [
          [
            139.7644125,
            35.6815937
          ],
          [
            139.7644582,
            35.68173
          ],
          [
            139.7644968,
            35.681858
          ]
        ]
      }
    },
    {
      "type": "Feature",
      "properties": {
        "id": 342448090,
        "highway": "footway",
        "name": null,
        "access": null,
        "surface": null
      },
      "geometry": {
        "type": "LineString",
        "coordinates": [
          [
            139.7624077,
            35.6818517
          ],
          [
            139.7624207,
            35.6818932
          ]
        ]
      }
    },
    {
      "type": "Feature",
      "properties": {
        "id": 342448091,
        "highway": "footway",
        "name": null,
        "access": null,
        "surface": "paving_stones"
      },
      "geometry": {
        "type": "LineString",
        "coordinates": [
          [
            139.7625066,
            35.6821549
          ],
          [
            139.7633816,
            35.6819632
          ],
          [
            139.7634796,
            35.6819417
          ],
          [
            139.7635602,
            35.6819244
          ],
          [
            139.7644582,
            35.68173
          ]
        ]
      }
    },
    {
      "type": "Feature",
      "properties": {
        "id": 342448092,
        "highway": "footway",
        "name": null,
        "access": null,
        "surface": "asphalt"
      },
      "geometry": {
        "type": "LineString",
        "coordinates": [
          [
            139.7632977,
            35.6817161
          ],
          [
            139.7633184,
            35.6817709
          ],
          [
            139.7633371,
            35.6818279
          ]
        ]
      }
    },
    {
      "type": "Feature",
      "properties": {
        "id": 342448093,
        "highway": "footway",
        "name": null,
        "access": null,
        "surface": null
      },
      "geometry": {
        "type": "LineString",
        "coordinates": [
          [
            139.762526,
            35.6825382
          ],
          [
            139.7627581,
            35.683285
          ],
          [
            139.7627851,
            35.683372
          ],
          [
            139.7628007,
            35.683422
          ]
        ]
      }
    },
    {
      "type": "Feature",
      "properties": {
        "id": 342448096,
        "highway": "footway",
        "name": "和田倉橋",
        "access": null,
        "surface": null
      },
      "geometry": {
        "type": "LineString",
        "coordinates": [
          [
            139.7624375,
            35.6834444
          ],
          [
            139.7624147,
            35.6834495
          ],
          [
            139.7621324,
            35.6835133
          ]
        ]
      }
    },
    {
      "type": "Feature",
      "properties": {
        "id": 342448261,
        "highway": "footway",
        "name": null,
        "access": null,
        "surface": "paving_stones"
      },
      "geometry": {
        "type": "LineString",
        "coordinates": [
          [
            139.7619549,
            35.6854033
          ],
          [
            139.7618472,
            35.6854266
          ],
          [
            139.7615655,
            35.6854875
          ],
          [
            139.7614866,
            35.6854959
          ],
          [
            139.7614459,
            35.6854959
          ],
          [
            139.7614295,
            35.6854959
          ],
          [
            139.7613987,
            35.6854865
          ],
          [
            139.7613626,
            35.6854697
          ],
          [
            139.7613457,
            35.6854466
          ],
          [
            139.761188,
            35.6852481
          ],
          [
            139.7608903,
            35.6849009
          ],
          [
            139.760859,
            35.6848644
          ],
          [
            139.760764,
            35.6847536
          ],
          [
            139.7606697,
            35.6845923
          ],
          [
            139.7606271,
            35.6844967
          ],
          [
            139.7604754,
            35.6840498
          ],
          [
            139.7604566,
            35.6839944
          ],
          [
            139.7603114,
            35.6835669
          ]
        ]
      }
    },
    {
      "type": "Feature",
      "properties": {
        "id": 342449829,
        "highway": "footway",
        "name": null,
        "access": null,
        "surface": null
      },
      "geometry": {
        "type": "LineString",
        "coordinates": [
          [
            139.7635121,
            35.6822566
          ],
          [
            139.7635347,
            35.6822832
          ],
          [
            139.7638193,
            35.6831887
          ],
          [
            139.7638092,
            35.6832114
          ]
        ]
      }
    },
    {
      "type": "Feature",
      "properties": {
        "id": 363564419,
        "highway": "footway",
        "name": null,
        "access": null,
        "surface": "paving_stones"
      },
      "geometry": {
        "type": "LineString",
        "coordinates": [
          [
            139.7652831,
            35.6777745
          ],
          [
            139.7652858,
            35.6777817
          ],
          [
            139.7653625,
            35.6779902
          ],
          [
            139.7657056,
            35.6789406
          ],
          [
            139.765872,
            35.6794311
          ],
          [
            139.7658822,
            35.6795037
          ],
          [
            139.7658738,
            35.6795643
          ],
          [
            139.7658443,
            35.6796385
          ],
          [
            139.7658003,
            35.6797036
          ],
          [
            139.7654468,
            35.680232
          ],
          [
            139.7654142,
            35.6802779
          ],
          [
            139.7653581,
            35.6803669
          ],
          [
            139.7652644,
            35.680518
          ],
          [
            139.7653061,
            35.6806326
          ]
        ]
      }
    },
    {
      "type": "Feature",
      "properties": {
        "id": 363564436,
        "highway": "footway",
        "name": null,
        "access": null,
        "surface": "paving_stones"
      },
      "geometry": {
        "type": "LineString",
        "coordinates": [
          [
            139.7655185,
            35.6789801
          ],
          [
            139.76541,
            35.6790038
          ]
        ]
      }
    },
    {
      "type": "Feature",
      "properties": {
        "id": 363564437,
        "highway": "footway",
        "name": null,
        "access": null,
        "surface": null
      },
      "geometry": {
        "type": "LineString",
        "coordinates": [
          [
            139.7640104,
            35.6794206
          ],
          [
            139.7640433,
            35.6794134
          ],
          [
            139.7648189,
            35.6792431
          ],
          [
            139.7649016,
            35.679225
          ],
          [
            139.7654187,
            35.6791115
          ],
          [
            139.7654457,
            35.6791056
          ]
        ]
      }
    },
    {
      "type": "Feature",
      "properties": {
        "id": 363564525,
        "highway": "footway",
        "name": null,
        "access": null,
        "surface": "paving_stones"
      },
      "geometry": {
        "type": "LineString",
        "coordinates": [
          [
            139.7651262,
            35.6801368
          ],
          [
            139.7650899,
            35.6801493
          ],
          [
            139.7648141,
            35.6802112
          ],
          [
            139.7643939,
            35.6803055
          ],
          [
            139.7643535,
            35.6803146
          ],
          [
            139.7643037,
            35.6803258
          ],
          [
            139.7642749,
            35.6802369
          ],
          [
            139.7642238,
            35.6800791
          ],
          [
            139.7642181,
            35.6800615
          ],
          [
            139.7641388,
            35.6798168
          ],
          [
            139.7640104,
            35.6794206
          ],
          [
            139.763999,
            35.6793855
          ]
        ]
      }
    },
    {
      "type": "Feature",
      "properties": {
        "id": 363564526,
        "highway": "footway",
        "name": null,
        "access": null,
        "surface": "asphalt"
      },
      "geometry": {
        "type": "LineString",
        "coordinates": [
          [
            139.7612223,
            35.6785898
          ],
          [
            139.7612072,
            35.6785437
          ],
          [
            139.7611675,
            35.6784228
          ]
        ]
      }
    },
    {
      "type": "Feature",
      "properties": {
        "id": 363564527,
        "highway": "footway",
        "name": null,
        "access": null,
        "surface": "paving_stones"
      },
      "geometry": {
        "type": "LineString",
        "coordinates": [
          [
            139.76541,
            35.6790038
          ],
          [
            139.765376,
            35.6789102
          ],
          [
            139.7649865,
            35.6778872
          ],
          [
            139.7649403,
            35.6778688
          ],
          [
            139.7648697,
            35.6778407
          ],
          [
            139.7640562,
            35.6780166
          ],
          [
            139.7639174,
            35.6780466
          ],
          [
            139.7636872,
            35.6780964
          ],
          [
            139.7636336,
            35.678108
          ],
          [
            139.7635847,
            35.6781186
          ]
        ]
      }
    },
    {
      "type": "Feature",
      "properties": {
        "id": 363564565,
        "highway": "footway",
        "name": null,
        "access": null,
        "surface": "paving_stones"
      },
      "geometry": {
        "type": "LineString",
        "coordinates": [
          [
            139.7612332,
            35.6786232
          ],
          [
            139.7612081,
            35.6786594
          ]
        ]
      }
    },
    {
      "type": "Feature",
      "properties": {
        "id": 363564568,
        "highway": "footway",
        "name": null,
        "access": null,
        "surface": "paving_stones"
      },
      "geometry": {
        "type": "LineString",
        "coordinates": [
          [
            139.7635847,
            35.6781186
          ],
          [
            139.7636828,
            35.6784185
          ],
          [
            139.7639263,
            35.6791631
          ],
          [
            139.763999,
            35.6793855
          ]
        ]
      }
    },
    {
      "type": "Feature",
      "properties": {
        "id": 389358853,
        "highway": "footway",
        "name": null,
        "access": null,
        "surface": null
      },
      "geometry": {
        "type": "LineString",
        "coordinates": [
          [
            139.7642749,
            35.6802369
          ],
          [
            139.7641856,
            35.6802563
          ],
          [
            139.7640654,
            35.6802811
          ]
        ]
      }
    },
    {
      "type": "Feature",
      "properties": {
        "id": 389358856,
        "highway": "footway",
        "name": null,
        "access": null,
        "surface": null
      },
      "geometry": {
        "type": "LineString",
        "coordinates": [
          [
            139.7641076,
            35.6804939
          ],
          [
            139.7640741,
            35.6804004
          ],
          [
            139.7640487,
            35.680334
          ]
        ]
      }
    },
    {
      "type": "Feature",
      "properties": {
        "id": 389358867,
        "highway": "footway",
        "name": null,
        "access": null,
        "surface": "paving_stones"
      },
      "geometry": {
        "type": "LineString",
        "coordinates": [
          [
            139.7643561,
            35.6814209
          ],
          [
            139.7643775,
            35.6814154
          ],
          [
            139.7644046,
            35.6813784
          ],
          [
            139.7643717,
            35.6812772
          ],
          [
            139.764327,
            35.6811403
          ],
          [
            139.7641721,
            35.6806654
          ],
          [
            139.7641076,
            35.6804939
          ],
          [
            139.763174,
            35.680697
          ],
          [
            139.763473,
            35.6816151
          ],
          [
            139.7636054,
            35.681586
          ],
          [
            139.7642832,
            35.6814369
          ],
          [
            139.7643561,
            35.6814209
          ]
        ]
      }
    },
    {
      "type": "Feature",
      "properties": {
        "id": 391703250,
        "highway": "footway",
        "name": null,
        "access": null,
        "surface": null
      },
      "geometry": {
        "type": "LineString",
        "coordinates": [
          [
            139.7592217,
            35.6749449
          ],
          [
            139.7592468,
            35.6750415
          ],
          [
            139.7592016,
            35.6751
          ],
          [
            139.7575137,
            35.6758156
          ],
          [
            139.7560242,
            35.6764645
          ],
          [
            139.7559529,
            35.6764592
          ],
          [
            139.755896,
            35.6764347
          ]
        ]
      }
    },
    {
      "type": "Feature",
      "properties": {
        "id": 409582698,
        "highway": "service",
        "name": null,
        "access": null,
        "surface": "concrete"
      },
      "geometry": {
        "type": "LineString",
        "coordinates": [
          [
            139.7592947,
            35.6819391
          ],
          [
            139.7594078,
            35.6818889
          ],
          [
            139.7594336,
            35.6818771
          ],
          [
            139.7595056,
            35.6818557
          ],
          [
            139.7598666,
            35.6817776
          ],
          [
            139.760297,
            35.6816844
          ],
          [
            139.760434,
            35.6816228
          ],
          [
            139.7604765,
            35.6815402
          ],
          [
            139.7604672,
            35.6814155
          ],
          [
            139.760089,
            35.6803199
          ],
          [
            139.7596846,
            35.6791482
          ],
          [
            139.7596565,
            35.6790624
          ],
          [
            139.7595863,
            35.6789011
          ],
          [
            139.7595353,
            35.678784
          ],
          [
            139.7594462,
            35.6785792
          ],
          [
            139.7594371,
            35.6785584
          ],
          [
            139.7591575,
            35.6777657
          ],
          [
            139.7589817,
            35.6775508
          ],
          [
            139.7587931,
            35.6774066
          ],
          [
            139.7587488,
            35.677391
          ],
          [
            139.7584989,
            35.6773029
          ],
          [
            139.7583215,
            35.6772834
          ],
          [
            139.758081,
            35.6773074
          ],
          [
            139.7578443,
            35.6773705
          ],
          [
            139.7568806,
            35.677674
          ],
          [
            139.7567301,
            35.6777247
          ],
          [
            139.7567,
            35.6777348
          ],
          [
            139.75662,
            35.6777639
          ]
        ]
      }
    },
    {
      "type": "Feature",
      "properties": {
        "id": 445408177,
        "highway": "service",
        "name": null,
        "access": "private",
        "surface": null
      },
      "geometry": {
        "type": "LineString",
        "coordinates": [
          [
            139.7659514,
            35.6773813
          ],
          [
            139.7659262,
            35.6772941
          ],
          [
            139.7659027,
            35.6772128
          ],
          [
            139.765701,
            35.676964
          ],
          [
            139.7654873,
            35.6767004
          ],
          [
            139.7652478,
            35.676363
          ],
          [
            139.7651953,
            35.6763779
          ],
          [
            139.7651414,
            35.6763664
          ],
          [
            139.7651152,
            35.6763347
          ],
          [
            139.7650847,
            35.676295
          ],
          [
            139.7649827,
            35.6761626
          ],
          [
            139.7648792,
            35.6760497
          ],
          [
            139.7647644,
            35.6759254
          ],
          [
            139.7646581,
            35.675816
          ],
          [
            139.7646141,
            35.6757791
          ],
          [
            139.7644752,
            35.6756502
          ],
          [
            139.7644454,
            35.6755534
          ],
          [
            139.7644332,
            35.6755151
          ],
          [
            139.7644129,
            35.6754511
          ]
        ]
      }
    },
    {
      "type": "Feature",
      "properties": {
        "id": 457183441,
        "highway": "footway",
        "name": null,
        "access": null,
        "surface": "asphalt"
      },
      "geometry": {
        "type": "LineString",
        "coordinates": [
          [
            139.7598602,
            35.6832038
          ],
          [
            139.7599263,
            35.6831836
          ],
          [
            139.7600611,
            35.6831411
          ],
          [
            139.7601153,
            35.6831259
          ]
        ]
      }
    },
    {
      "type": "Feature",
      "properties": {
        "id": 457184067,
        "highway": "footway",
        "name": null,
        "access": null,
        "surface": null
      },
      "geometry": {
        "type": "LineString",
        "coordinates": [
          [
            139.7594251,
            35.6825189
          ],
          [
            139.7594881,
            35.6824948
          ],
          [
            139.7596268,
            35.6824417
          ],
          [
            139.7596647,
            35.6824272
          ]
        ]
      }
    },
    {
      "type": "Feature",
      "properties": {
        "id": 474591450,
        "highway": "footway",
        "name": null,
        "access": null,
        "surface": "paving_stones"
      },
      "geometry": {
        "type": "LineString",
        "coordinates": [
          [
            139.7654893,
            35.6846176
          ],
          [
            139.7654137,
            35.6843841
          ],
          [
            139.7652483,
            35.6838734
          ],
          [
            139.7650081,
            35.6831456
          ]
        ]
      }
    },
    {
      "type": "Feature",
      "properties": {
        "id": 474592100,
        "highway": "footway",
        "name": null,
        "access": null,
        "surface": "asphalt"
      },
      "geometry": {
        "type": "LineString",
        "coordinates": [
          [
            139.7640199,
            35.6833361
          ],
          [
            139.7639963,
            35.6832593
          ],
          [
            139.7639735,
            35.683179
          ],
          [
            139.7638898,
            35.6831954
          ],
          [
            139.7638092,
            35.6832114
          ],
          [
            139.7638336,
            35.6832925
          ],
          [
            139.7638568,
            35.6833684
          ]
        ]
      }
    },
    {
      "type": "Feature",
      "properties": {
        "id": 474592101,
        "highway": "footway",
        "name": null,
        "access": null,
        "surface": "paving_stones"
      },
      "geometry": {
        "type": "LineString",
        "coordinates": [
          [
            139.7638568,
            35.6833684
          ],
          [
            139.7638223,
            35.6833584
          ],
          [
            139.7632671,
            35.6834832
          ],
          [
            139.7628779,
            35.6835706
          ],
          [
            139.7628533,
            35.6835916
          ]
        ]
      }
    },
    {
      "type": "Feature",
      "properties": {
        "id": 474592102,
        "highway": "footway",
        "name": null,
        "access": null,
        "surface": "paving_stones"
      },
      "geometry": {
        "type": "LineString",
        "coordinates": [
          [
            139.7639735,
            35.683179
          ],
          [
            139.7639463,
            35.6831617
          ],
          [
            139.7637259,
            35.6824956
          ],
          [
            139.7636482,
            35.6822608
          ],
          [
            139.7636569,
            35.6822242
          ],
          [
            139.7636369,
            35.6821596
          ]
        ]
      }
    },
    {
      "type": "Feature",
      "properties": {
        "id": 474592103,
        "highway": "footway",
        "name": null,
        "access": null,
        "surface": "paving_stones"
      },
      "geometry": {
        "type": "LineString",
        "coordinates": [
          [
            139.7638568,
            35.6833684
          ],
          [
            139.7638708,
            35.6833757
          ]
        ]
      }
    },
    {
      "type": "Feature",
      "properties": {
        "id": 474592104,
        "highway": "footway",
        "name": null,
        "access": null,
        "surface": "asphalt"
      },
      "geometry": {
        "type": "LineString",
        "coordinates": [
          [
            139.7638092,
            35.6832114
          ],
          [
            139.7637969,
            35.6832224
          ],
          [
            139.7628308,
            35.6834285
          ],
          [
            139.7628007,
            35.683422
          ]
        ]
      }
    },
    {
      "type": "Feature",
      "properties": {
        "id": 474593054,
        "highway": "footway",
        "name": null,
        "access": null,
        "surface": "paving_stones"
      },
      "geometry": {
        "type": "LineString",
        "coordinates": [
          [
            139.7611407,
            35.6783363
          ],
          [
            139.761147,
            35.6783601
          ]
        ]
      }
    },
    {
      "type": "Feature",
      "properties": {
        "id": 474593055,
        "highway": "footway",
        "name": null,
        "access": null,
        "surface": "asphalt"
      },
      "geometry": {
        "type": "LineString",
        "coordinates": [
          [
            139.7612081,
            35.6786594
          ],
          [
            139.7611778,
            35.6786651
          ],
          [
            139.7611079,
            35.6786801
          ],
          [
            139.760953,
            35.6787122
          ],
          [
            139.7609009,
            35.678723
          ],
          [
            139.7608399,
            35.6787356
          ]
        ]
      }
    },
    {
      "type": "Feature",
      "properties": {
        "id": 474593056,
        "highway": "footway",
        "name": null,
        "access": null,
        "surface": null
      },
      "geometry": {
        "type": "LineString",
        "coordinates": [
          [
            139.7612081,
            35.6786594
          ],
          [
            139.7614933,
            35.6794764
          ],
          [
            139.7615804,
            35.6797259
          ],
          [
            139.7616056,
            35.6797982
          ],
          [
            139.7616264,
            35.6798594
          ]
        ]
      }
    },
    {
      "type": "Feature",
      "properties": {
        "id": 474593057,
        "highway": "footway",
        "name": null,
        "access": null,
        "surface": "asphalt"
      },
      "geometry": {
        "type": "LineString",
        "coordinates": [
          [
            139.7607164,
            35.6783697
          ],
          [
            139.7607693,
            35.6783579
          ],
          [
            139.760847,
            35.6783405
          ],
          [
            139.7609906,
            35.6783084
          ],
          [
            139.7610649,
            35.6782918
          ],
          [
            139.7610864,
            35.6782879
          ]
        ]
      }
    },
    {
      "type": "Feature",
      "properties": {
        "id": 474593058,
        "highway": "footway",
        "name": null,
        "access": null,
        "surface": "asphalt"
      },
      "geometry": {
        "type": "LineString",
        "coordinates": [
          [
            139.7608286,
            35.6787019
          ],
          [
            139.7608047,
            35.6786312
          ],
          [
            139.7607642,
            35.678511
          ],
          [
            139.7607373,
            35.6784314
          ]
        ]
      }
    },
    {
      "type": "Feature",
      "properties": {
        "id": 474595324,
        "highway": "footway",
        "name": null,
        "access": null,
        "surface": null
      },
      "geometry": {
        "type": "LineString",
        "coordinates": [
          [
            139.7595767,
            35.6754126
          ],
          [
            139.7595553,
            35.6754186
          ],
          [
            139.7591167,
            35.6755829
          ],
          [
            139.7582763,
            35.6759078
          ],
          [
            139.7571658,
            35.6763632
          ],
          [
            139.7562592,
            35.6767445
          ],
          [
            139.7561838,
            35.6767956
          ]
        ]
      }
    },
    {
      "type": "Feature",
      "properties": {
        "id": 477569460,
        "highway": "service",
        "name": null,
        "access": null,
        "surface": "asphalt"
      },
      "geometry": {
        "type": "LineString",
        "coordinates": [
          [
            139.7650753,
            35.6803555
          ],
          [
            139.7649804,
            35.6802609
          ]
        ]
      }
    },
    {
      "type": "Feature",
      "properties": {
        "id": 477949433,
        "highway": "service",
        "name": null,
        "access": "no",
        "surface": null
      },
      "geometry": {
        "type": "LineString",
        "coordinates": [
          [
            139.7650582,
            35.6807481
          ],
          [
            139.7650191,
            35.6807221
          ],
          [
            139.7649982,
            35.6807104
          ],
          [
            139.7649762,
            35.6807027
          ],
          [
            139.7649443,
            35.6806986
          ],
          [
            139.7648795,
            35.6807195
          ]
        ]
      }
    },
    {
      "type": "Feature",
      "properties": {
        "id": 477949434,
        "highway": "service",
        "name": null,
        "access": null,
        "surface": "asphalt"
      },
      "geometry": {
        "type": "LineString",
        "coordinates": [
          [
            139.7649804,
            35.6802609
          ],
          [
            139.7649649,
            35.6803805
          ]
        ]
      }
    },
    {
      "type": "Feature",
      "properties": {
        "id": 477949435,
        "highway": "service",
        "name": null,
        "access": null,
        "surface": "asphalt"
      },
      "geometry": {
        "type": "LineString",
        "coordinates": [
          [
            139.7650582,
            35.6807481
          ],
          [
            139.7650686,
            35.6806655
          ],
          [
            139.7650961,
            35.6805821
          ],
          [
            139.7651071,
            35.6805292
          ],
          [
            139.7651068,
            35.6804737
          ],
          [
            139.7650995,
            35.6804344
          ],
          [
            139.7650753,
            35.6803555
          ]
        ]
      }
    },
    {
      "type": "Feature",
      "properties": {
        "id": 477949436,
        "highway": "service",
        "name": null,
        "access": null,
        "surface": null
      },
      "geometry": {
        "type": "LineString",
        "coordinates": [
          [
            139.7647629,
            35.6811529
          ],
          [
            139.7647712,
            35.6811755
          ],
          [
            139.7647849,
            35.6811939
          ],
          [
            139.7647974,
            35.6812059
          ],
          [
            139.7648146,
            35.6812135
          ],
          [
            139.7648395,
            35.6812162
          ],
          [
            139.764877,
            35.6812079
          ],
          [
            139.7650677,
            35.6811658
          ],
          [
            139.7650892,
            35.6811557
          ],
          [
            139.7651063,
            35.681141
          ],
          [
            139.7651179,
            35.6811258
          ]
        ]
      }
    },
    {
      "type": "Feature",
      "properties": {
        "id": 477949437,
        "highway": "service",
        "name": null,
        "access": null,
        "surface": null
      },
      "geometry": {
        "type": "LineString",
        "coordinates": [
          [
            139.7651179,
            35.6811258
          ],
          [
            139.7651274,
            35.6811077
          ],
          [
            139.7651311,
            35.6810892
          ],
          [
            139.7651289,
            35.6810683
          ],
          [
            139.76509,
            35.6809669
          ]
        ]
      }
    },
    {
      "type": "Feature",
      "properties": {
        "id": 477949438,
        "highway": "service",
        "name": null,
        "access": null,
        "surface": null
      },
      "geometry": {
        "type": "LineString",
        "coordinates": [
          [
            139.76509,
            35.6809669
          ],
          [
            139.7650724,
            35.6809201
          ],
          [
            139.7650551,
            35.6808557
          ],
          [
            139.7650551,
            35.6808018
          ],
          [
            139.7650582,
            35.6807481
          ]
        ]
      }
    },
    {
      "type": "Feature",
      "properties": {
        "id": 480659416,
        "highway": "footway",
        "name": null,
        "access": null,
        "surface": "asphalt"
      },
      "geometry": {
        "type": "LineString",
        "coordinates": [
          [
            139.7556781,
            35.6798882
          ],
          [
            139.7562673,
            35.6796597
          ],
          [
            139.7572286,
            35.6793259
          ],
          [
            139.7572863,
            35.6793046
          ],
          [
            139.7573135,
            35.679294
          ]
        ]
      }
    },
    {
      "type": "Feature",
      "properties": {
        "id": 480660246,
        "highway": "pedestrian",
        "name": null,
        "access": null,
        "surface": "paving_stones"
      },
      "geometry": {
        "type": "LineString",
        "coordinates": [
          [
            139.7649057,
            35.677509
          ],
          [
            139.7646496,
            35.6775639
          ],
          [
            139.7643317,
            35.6776321
          ],
          [
            139.7642553,
            35.6776485
          ],
          [
            139.7642363,
            35.6775908
          ],
          [
            139.7643834,
            35.6775588
          ],
          [
            139.7641972,
            35.6769936
          ],
          [
            139.7638558,
            35.6770678
          ],
          [
            139.7638326,
            35.6769973
          ],
          [
            139.7639778,
            35.6769657
          ],
          [
            139.7638438,
            35.6765589
          ],
          [
            139.7635878,
            35.6766145
          ],
          [
            139.763562,
            35.676536
          ],
          [
            139.7637034,
            35.6765053
          ],
          [
            139.7635954,
            35.6761772
          ],
          [
            139.7633733,
            35.6762255
          ],
          [
            139.7633492,
            35.6761523
          ],
          [
            139.763489,
            35.6761219
          ],
          [
            139.7634072,
            35.6758735
          ],
          [
            139.7633183,
            35.6758928
          ],
          [
            139.7632907,
            35.675809
          ],
          [
            139.7633663,
            35.6757933
          ],
          [
            139.7635793,
            35.675749
          ],
          [
            139.7636226,
            35.67574
          ],
          [
            139.763597,
            35.6758326
          ],
          [
            139.7636781,
            35.6760235
          ],
          [
            139.7637798,
            35.676263
          ],
          [
            139.764027,
            35.6766231
          ],
          [
            139.7642153,
            35.6768493
          ],
          [
            139.7644585,
            35.6770851
          ],
          [
            139.76469,
            35.67727
          ],
          [
            139.7648194,
            35.6773592
          ],
          [
            139.7648822,
            35.677407
          ],
          [
            139.7649057,
            35.677509
          ]
        ]
      }
    },
    {
      "type": "Feature",
      "properties": {
        "id": 480660248,
        "highway": "footway",
        "name": null,
        "access": null,
        "surface": "paving_stones"
      },
      "geometry": {
        "type": "LineString",
        "coordinates": [
          [
            139.7595842,
            35.6781459
          ],
          [
            139.759526,
            35.6782299
          ]
        ]
      }
    },
    {
      "type": "Feature",
      "properties": {
        "id": 491316225,
        "highway": "footway",
        "name": null,
        "access": null,
        "surface": "paving_stones"
      },
      "geometry": {
        "type": "LineString",
        "coordinates": [
          [
            139.7601426,
            35.6831181
          ],
          [
            139.7603114,
            35.6835669
          ]
        ]
      }
    },
    {
      "type": "Feature",
      "properties": {
        "id": 491316226,
        "highway": "footway",
        "name": null,
        "access": null,
        "surface": "paving_stones"
      },
      "geometry": {
        "type": "LineString",
        "coordinates": [
          [
            139.7562484,
            35.6905758
          ],
          [
            139.7562601,
            35.6905798
          ],
          [
            139.7566284,
            35.6905231
          ],
          [
            139.7567899,
            35.6904982
          ],
          [
            139.7578161,
            35.6903402
          ],
          [
            139.7579926,
            35.6903201
          ],
          [
            139.7582071,
            35.69028
          ],
          [
            139.7583478,
            35.6902597
          ],
          [
            139.7585246,
            35.6902396
          ],
          [
            139.7586934,
            35.6902074
          ],
          [
            139.759054,
            35.6901307
          ],
          [
            139.7597388,
            35.6899906
          ],
          [
            139.7597877,
            35.6899792
          ],
          [
            139.7598312,
            35.6899584
          ],
          [
            139.7605062,
            35.6894089
          ],
          [
            139.7605295,
            35.6893904
          ],
          [
            139.7607497,
            35.6892157
          ],
          [
            139.7607575,
            35.6891951
          ],
          [
            139.7607873,
            35.6891166
          ],
          [
            139.7610232,
            35.6883315
          ],
          [
            139.761429,
            35.6873085
          ],
          [
            139.7614271,
            35.6872183
          ],
          [
            139.7614034,
            35.6871293
          ],
          [
            139.7610639,
            35.6858546
          ],
          [
            139.7610555,
            35.6858364
          ],
          [
            139.7610211,
            35.6857613
          ],
          [
            139.7610205,
            35.6857599
          ],
          [
            139.7610036,
            35.6857241
          ],
          [
            139.7609877,
            35.6856905
          ],
          [
            139.7609674,
            35.6856476
          ],
          [
            139.7609484,
            35.6855981
          ],
          [
            139.7608581,
            35.6853854
          ],
          [
            139.7608162,
            35.6853171
          ],
          [
            139.7607695,
            35.6852911
          ],
          [
            139.7607234,
            35.6852312
          ],
          [
            139.7605991,
            35.6850917
          ],
          [
            139.7605032,
            35.6849589
          ],
          [
            139.7604717,
            35.6849145
          ],
          [
            139.7604032,
            35.6848072
          ],
          [
            139.760343,
            35.6846923
          ],
          [
            139.760274,
            35.6845228
          ],
          [
            139.7598371,
            35.6832105
          ]
        ]
      }
    },
    {
      "type": "Feature",
      "properties": {
        "id": 523647303,
        "highway": "footway",
        "name": null,
        "access": null,
        "surface": "paving_stones"
      },
      "geometry": {
        "type": "LineString",
        "coordinates": [
          [
            139.7604436,
            35.6764114
          ],
          [
            139.7607507,
            35.6773183
          ],
          [
            139.7607785,
            35.6773734
          ],
          [
            139.7607998,
            35.6774385
          ],
          [
            139.7609412,
            35.6778712
          ],
          [
            139.7610864,
            35.6782879
          ],
          [
            139.7610996,
            35.678324
          ],
          [
            139.7611208,
            35.6783362
          ],
          [
            139.7611407,
            35.6783363
          ]
        ]
      }
    },
    {
      "type": "Feature",
      "properties": {
        "id": 523651796,
        "highway": "footway",
        "name": null,
        "access": null,
        "surface": "paving_stones"
      },
      "geometry": {
        "type": "LineString",
        "coordinates": [
          [
            139.766702,
            35.6771027
          ],
          [
            139.7667161,
            35.6770677
          ],
          [
            139.7667033,
            35.6770308
          ],
          [
            139.7665142,
            35.6767454
          ],
          [
            139.7665002,
            35.6766733
          ],
          [
            139.7664876,
            35.6766108
          ],
          [
            139.7664807,
            35.6765777
          ],
          [
            139.7662822,
            35.6762835
          ],
          [
            139.7660314,
            35.6759218
          ],
          [
            139.7658973,
            35.6757257
          ],
          [
            139.765615,
            35.6753266
          ],
          [
            139.7655984,
            35.6753032
          ],
          [
            139.7655821,
            35.6752802
          ],
          [
            139.7655567,
            35.6752671
          ],
          [
            139.7651396,
            35.6753499
          ],
          [
            139.7645937,
            35.6754776
          ],
          [
            139.7644931,
            35.6755011
          ],
          [
            139.7644607,
            35.6755087
          ]
        ]
      }
    },
    {
      "type": "Feature",
      "properties": {
        "id": 525273227,
        "highway": "footway",
        "name": null,
        "access": null,
        "surface": "paving_stones"
      },
      "geometry": {
        "type": "LineString",
        "coordinates": [
          [
            139.7634798,
            35.6778294
          ],
          [
            139.7635267,
            35.6778188
          ],
          [
            139.763753,
            35.6777723
          ],
          [
            139.7643379,
            35.677652
          ],
          [
            139.7646568,
            35.6775864
          ],
          [
            139.764833,
            35.6775502
          ],
          [
            139.7650067,
            35.6775145
          ],
          [
            139.7650386,
            35.6775
          ],
          [
            139.7650554,
            35.6774798
          ],
          [
            139.7649993,
            35.6772779
          ],
          [
            139.7648544,
            35.6769764
          ],
          [
            139.764497,
            35.6764571
          ],
          [
            139.7641397,
            35.6760879
          ],
          [
            139.7637229,
            35.6757621
          ],
          [
            139.763637,
            35.6757117
          ]
        ]
      }
    },
    {
      "type": "Feature",
      "properties": {
        "id": 525276110,
        "highway": "footway",
        "name": null,
        "access": null,
        "surface": "paving_stones"
      },
      "geometry": {
        "type": "LineString",
        "coordinates": [
          [
            139.7623689,
            35.6751107
          ],
          [
            139.7623746,
            35.6751305
          ],
          [
            139.7625927,
            35.6757714
          ],
          [
            139.7625981,
            35.6757879
          ],
          [
            139.7625767,
            35.6758119
          ],
          [
            139.7619758,
            35.675943
          ],
          [
            139.761639,
            35.6760165
          ],
          [
            139.7616218,
            35.6760233
          ],
          [
            139.7615896,
            35.6760167
          ],
          [
            139.7615807,
            35.6759874
          ],
          [
            139.7613901,
            35.6753328
          ],
          [
            139.7623689,
            35.6751107
          ]
        ]
      }
    },
    {
      "type": "Feature",
      "properties": {
        "id": 532647151,
        "highway": "footway",
        "name": null,
        "access": null,
        "surface": "paving_stones"
      },
      "geometry": {
        "type": "LineString",
        "coordinates": [
          [
            139.7649134,
            35.6819946
          ],
          [
            139.7649007,
            35.6819572
          ],
          [
            139.7648,
            35.6816595
          ],
          [
            139.7646944,
            35.6813476
          ],
          [
            139.7646866,
            35.6813244
          ],
          [
            139.7646741,
            35.6812873
          ],
          [
            139.7645911,
            35.681042
          ],
          [
            139.7644454,
            35.6806116
          ]
        ]
      }
    },
    {
      "type": "Feature",
      "properties": {
        "id": 548057863,
        "highway": "footway",
        "name": null,
        "access": null,
        "surface": null
      },
      "geometry": {
        "type": "LineString",
        "coordinates": [
          [
            139.7656742,
            35.681049
          ],
          [
            139.765587,
            35.6808152
          ],
          [
            139.7655683,
            35.6807649
          ],
          [
            139.7654562,
            35.6807155
          ],
          [
            139.7654313,
            35.6806491
          ],
          [
            139.7654144,
            35.6806038
          ]
        ]
      }
    },
    {
      "type": "Feature",
      "properties": {
        "id": 548057864,
        "highway": "footway",
        "name": null,
        "access": null,
        "surface": null
      },
      "geometry": {
        "type": "LineString",
        "coordinates": [
          [
            139.7651881,
            35.6826701
          ],
          [
            139.7652513,
            35.6828041
          ],
          [
            139.7652994,
            35.6828957
          ],
          [
            139.7653326,
            35.6829629
          ]
        ]
      }
    },
    {
      "type": "Feature",
      "properties": {
        "id": 550672442,
        "highway": "pedestrian",
        "name": null,
        "access": null,
        "surface": "paving_stones"
      },
      "geometry": {
        "type": "LineString",
        "coordinates": [
          [
            139.7661815,
            35.6820242
          ],
          [
            139.7661497,
            35.6820305
          ],
          [
            139.7660882,
            35.682008
          ],
          [
            139.7660468,
            35.6818863
          ],
          [
            139.7661167,
            35.6818712
          ],
          [
            139.7660722,
            35.6817532
          ],
          [
            139.7660056,
            35.6817689
          ],
          [
            139.7659591,
            35.6816452
          ],
          [
            139.7660239,
            35.6816313
          ],
          [
            139.7660124,
            35.6815994
          ],
          [
            139.7659647,
            35.6816092
          ],
          [
            139.765961,
            35.6815987
          ],
          [
            139.7659573,
            35.6815882
          ],
          [
            139.7660051,
            35.6815777
          ],
          [
            139.7659837,
            35.6815133
          ],
          [
            139.7659754,
            35.6815211
          ],
          [
            139.7658834,
            35.6816034
          ],
          [
            139.7658723,
            35.6816207
          ],
          [
            139.7658732,
            35.6818158
          ],
          [
            139.7656982,
            35.6818572
          ],
          [
            139.7657385,
            35.6818829
          ],
          [
            139.7657699,
            35.6819333
          ],
          [
            139.7658105,
            35.6819258
          ],
          [
            139.7658681,
            35.6821005
          ],
          [
            139.7659311,
            35.6822913
          ],
          [
            139.7658959,
            35.6823
          ],
          [
            139.7659039,
            35.6823292
          ],
          [
            139.7658923,
            35.6823489
          ],
          [
            139.7658929,
            35.6823696
          ],
          [
            139.7659215,
            35.682466
          ],
          [
            139.7659495,
            35.6825033
          ],
          [
            139.7660003,
            35.6825293
          ],
          [
            139.7662103,
            35.6825649
          ],
          [
            139.7663262,
            35.6826179
          ],
          [
            139.7663407,
            35.6825965
          ],
          [
            139.7663339,
            35.6825806
          ],
          [
            139.7662141,
            35.6825245
          ],
          [
            139.7660559,
            35.682456
          ],
          [
            139.765956,
            35.6821981
          ],
          [
            139.7660136,
            35.6821097
          ],
          [
            139.7660682,
            35.6820167
          ],
          [
            139.7661732,
            35.68206
          ],
          [
            139.7661886,
            35.682043
          ],
          [
            139.7661815,
            35.6820242
          ]
        ]
      }
    },
    {
      "type": "Feature",
      "properties": {
        "id": 550672443,
        "highway": "pedestrian",
        "name": null,
        "access": null,
        "surface": "paving_stones"
      },
      "geometry": {
        "type": "LineString",
        "coordinates": [
          [
            139.7656855,
            35.6812612
          ],
          [
            139.7656878,
            35.6812681
          ],
          [
            139.765734,
            35.6812577
          ],
          [
            139.7657453,
            35.6812658
          ],
          [
            139.7658307,
            35.681274
          ],
          [
            139.7658139,
            35.6812278
          ],
          [
            139.7657846,
            35.6812332
          ],
          [
            139.765742,
            35.6811095
          ],
          [
            139.7658279,
            35.6810884
          ],
          [
            139.7658174,
            35.6810617
          ],
          [
            139.7657939,
            35.681068
          ],
          [
            139.7657766,
            35.6810228
          ],
          [
            139.7657604,
            35.6809806
          ],
          [
            139.7657885,
            35.6809724
          ],
          [
            139.7657806,
            35.6809529
          ],
          [
            139.7657319,
            35.6809634
          ],
          [
            139.7656693,
            35.6808058
          ],
          [
            139.7657006,
            35.6807552
          ],
          [
            139.7656975,
            35.6807476
          ],
          [
            139.7656855,
            35.6807425
          ],
          [
            139.7656221,
            35.6808396
          ],
          [
            139.7656034,
            35.6808317
          ],
          [
            139.765681,
            35.6810473
          ],
          [
            139.7656987,
            35.6810966
          ],
          [
            139.7656909,
            35.6810983
          ],
          [
            139.7656343,
            35.6811104
          ],
          [
            139.7656352,
            35.6811126
          ],
          [
            139.7656855,
            35.6812612
          ]
        ]
      }
    },
    {
      "type": "Feature",
      "properties": {
        "id": 558521060,
        "highway": "footway",
        "name": null,
        "access": null,
        "surface": null
      },
      "geometry": {
        "type": "LineString",
        "coordinates": [
          [
            139.7662103,
            35.6825509
          ],
          [
            139.7662103,
            35.6825649
          ],
          [
            139.7662075,
            35.6826326
          ],
          [
            139.7662047,
            35.6826819
          ],
          [
            139.7662029,
            35.6827098
          ],
          [
            139.766198,
            35.6827706
          ],
          [
            139.7661902,
            35.6828231
          ]
        ]
      }
    },
    {
      "type": "Feature",
      "properties": {
        "id": 572510201,
        "highway": "footway",
        "name": null,
        "access": null,
        "surface": "paving_stones"
      },
      "geometry": {
        "type": "LineString",
        "coordinates": [
          [
            139.7606221,
            35.6828858
          ],
          [
            139.7606456,
            35.6829621
          ]
        ]
      }
    },
    {
      "type": "Feature",
      "properties": {
        "id": 572510202,
        "highway": "pedestrian",
        "name": null,
        "access": null,
        "surface": "paving_stones"
      },
      "geometry": {
        "type": "LineString",
        "coordinates": [
          [
            139.7609155,
            35.6834524
          ],
          [
            139.7609402,
            35.6834471
          ]
        ]
      }
    },
    {
      "type": "Feature",
      "properties": {
        "id": 572510203,
        "highway": "pedestrian",
        "name": null,
        "access": null,
        "surface": "paving_stones"
      },
      "geometry": {
        "type": "LineString",
        "coordinates": [
          [
            139.7608997,
            35.6834558
          ],
          [
            139.7609155,
            35.6834524
          ]
        ]
      }
    },
    {
      "type": "Feature",
      "properties": {
        "id": 572510205,
        "highway": "pedestrian",
        "name": null,
        "access": null,
        "surface": "paving_stones"
      },
      "geometry": {
        "type": "LineString",
        "coordinates": [
          [
            139.7608001,
            35.6834773
          ],
          [
            139.7608385,
            35.683469
          ]
        ]
      }
    },
    {
      "type": "Feature",
      "properties": {
        "id": 572510206,
        "highway": "pedestrian",
        "name": null,
        "access": null,
        "surface": "paving_stones"
      },
      "geometry": {
        "type": "LineString",
        "coordinates": [
          [
            139.7607244,
            35.6834936
          ],
          [
            139.7608001,
            35.6834773
          ]
        ]
      }
    },
    {
      "type": "Feature",
      "properties": {
        "id": 572510207,
        "highway": "pedestrian",
        "name": null,
        "access": null,
        "surface": "paving_stones"
      },
      "geometry": {
        "type": "LineString",
        "coordinates": [
          [
            139.7608727,
            35.6834616
          ],
          [
            139.7608997,
            35.6834558
          ]
        ]
      }
    },
    {
      "type": "Feature",
      "properties": {
        "id": 572510208,
        "highway": "pedestrian",
        "name": null,
        "access": null,
        "surface": "paving_stones"
      },
      "geometry": {
        "type": "LineString",
        "coordinates": [
          [
            139.7608385,
            35.683469
          ],
          [
            139.7608727,
            35.6834616
          ]
        ]
      }
    },
    {
      "type": "Feature",
      "properties": {
        "id": 572510209,
        "highway": "footway",
        "name": null,
        "access": null,
        "surface": null
      },
      "geometry": {
        "type": "LineString",
        "coordinates": [
          [
            139.7609402,
            35.6834471
          ],
          [
            139.7610423,
            35.6834251
          ],
          [
            139.7611408,
            35.6834038
          ],
          [
            139.7611848,
            35.6833943
          ],
          [
            139.7612987,
            35.6833717
          ],
          [
            139.7613595,
            35.683361
          ],
          [
            139.7614488,
            35.6836396
          ],
          [
            139.7616668,
            35.6835945
          ]
        ]
      }
    },
    {
      "type": "Feature",
      "properties": {
        "id": 572510210,
        "highway": "pedestrian",
        "name": null,
        "access": null,
        "surface": "paving_stones"
      },
      "geometry": {
        "type": "LineString",
        "coordinates": [
          [
            139.7607017,
            35.6834984
          ],
          [
            139.7607244,
            35.6834936
          ]
        ]
      }
    },
    {
      "type": "Feature",
      "properties": {
        "id": 572526832,
        "highway": "footway",
        "name": null,
        "access": null,
        "surface": "paving_stones"
      },
      "geometry": {
        "type": "LineString",
        "coordinates": [
          [
            139.7577682,
            35.679344
          ],
          [
            139.7576671,
            35.6791803
          ],
          [
            139.7576049,
            35.6791629
          ],
          [
            139.7567755,
            35.6778617
          ],
          [
            139.7567626,
            35.6778415
          ],
          [
            139.7567,
            35.6777348
          ],
          [
            139.7566087,
            35.6775876
          ]
        ]
      }
    },
    {
      "type": "Feature",
      "properties": {
        "id": 572531404,
        "highway": "steps",
        "name": null,
        "access": null,
        "surface": null
      },
      "geometry": {
        "type": "LineString",
        "coordinates": [
          [
            139.7611328,
            35.6832293
          ],
          [
            139.7612239,
            35.6832092
          ]
        ]
      }
    },
    {
      "type": "Feature",
      "properties": {
        "id": 572531405,
        "highway": "footway",
        "name": null,
        "access": null,
        "surface": null
      },
      "geometry": {
        "type": "LineString",
        "coordinates": [
          [
            139.7610079,
            35.682979
          ],
          [
            139.7610812,
            35.6832134
          ],
          [
            139.7611408,
            35.6834038
          ]
        ]
      }
    },
    {
      "type": "Feature",
      "properties": {
        "id": 572531406,
        "highway": "footway",
        "name": null,
        "access": null,
        "surface": "paving_stones"
      },
      "geometry": {
        "type": "LineString",
        "coordinates": [
          [
            139.7610086,
            35.6832091
          ],
          [
            139.7610422,
            35.6832021
          ],
          [
            139.7609746,
            35.6829858
          ],
          [
            139.7610079,
            35.682979
          ]
        ]
      }
    },
    {
      "type": "Feature",
      "properties": {
        "id": 572531407,
        "highway": "steps",
        "name": null,
        "access": null,
        "surface": "paving_stones"
      },
      "geometry": {
        "type": "LineString",
        "coordinates": [
          [
            139.7610058,
            35.68331
          ],
          [
            139.7609805,
            35.6832353
          ]
        ]
      }
    },
    {
      "type": "Feature",
      "properties": {
        "id": 572531408,
        "highway": "steps",
        "name": null,
        "access": null,
        "surface": null
      },
      "geometry": {
        "type": "LineString",
        "coordinates": [
          [
            139.7610812,
            35.6832134
          ],
          [
            139.7610146,
            35.6832281
          ]
        ]
      }
    },
    {
      "type": "Feature",
      "properties": {
        "id": 572531409,
        "highway": "footway",
        "name": null,
        "access": null,
        "surface": "paving_stones"
      },
      "geometry": {
        "type": "LineString",
        "coordinates": [
          [
            139.7608858,
            35.6832552
          ],
          [
            139.7609805,
            35.6832353
          ],
          [
            139.7610146,
            35.6832281
          ],
          [
            139.7610086,
            35.6832091
          ],
          [
            139.7609356,
            35.6829798
          ],
          [
            139.7606691,
            35.6830358
          ],
          [
            139.7606456,
            35.6829621
          ]
        ]
      }
    },
    {
      "type": "Feature",
      "properties": {
        "id": 572531410,
        "highway": "footway",
        "name": null,
        "access": null,
        "surface": "paving_stones"
      },
      "geometry": {
        "type": "LineString",
        "coordinates": [
          [
            139.7609843,
            35.6835528
          ],
          [
            139.7609585,
            35.6835564
          ],
          [
            139.7609232,
            35.6835622
          ]
        ]
      }
    },
    {
      "type": "Feature",
      "properties": {
        "id": 572531411,
        "highway": "footway",
        "name": null,
        "access": null,
        "surface": "paving_stones"
      },
      "geometry": {
        "type": "LineString",
        "coordinates": [
          [
            139.7608034,
            35.6836312
          ],
          [
            139.7607795,
            35.6836468
          ],
          [
            139.7607531,
            35.6836521
          ],
          [
            139.7607017,
            35.6834984
          ],
          [
            139.7606792,
            35.6834263
          ],
          [
            139.7607061,
            35.6834207
          ],
          [
            139.7607292,
            35.6834169
          ]
        ]
      }
    },
    {
      "type": "Feature",
      "properties": {
        "id": 572531412,
        "highway": "footway",
        "name": null,
        "access": null,
        "surface": "paving_stones"
      },
      "geometry": {
        "type": "LineString",
        "coordinates": [
          [
            139.7609688,
            35.683504
          ],
          [
            139.7609434,
            35.6835095
          ],
          [
            139.7609161,
            35.6835154
          ],
          [
            139.7608922,
            35.6835205
          ],
          [
            139.7608577,
            35.683528
          ]
        ]
      }
    },
    {
      "type": "Feature",
      "properties": {
        "id": 572531413,
        "highway": "footway",
        "name": null,
        "access": null,
        "surface": "paving_stones"
      },
      "geometry": {
        "type": "LineString",
        "coordinates": [
          [
            139.7609995,
            35.6836008
          ],
          [
            139.7609746,
            35.6836066
          ],
          [
            139.7609196,
            35.6836175
          ],
          [
            139.7609232,
            35.6835622
          ],
          [
            139.7609161,
            35.6835154
          ]
        ]
      }
    },
    {
      "type": "Feature",
      "properties": {
        "id": 572531414,
        "highway": "footway",
        "name": null,
        "access": null,
        "surface": "paving_stones"
      },
      "geometry": {
        "type": "LineString",
        "coordinates": [
          [
            139.7609995,
            35.6836008
          ],
          [
            139.7610112,
            35.6836377
          ],
          [
            139.7611035,
            35.6836183
          ],
          [
            139.7610423,
            35.6834251
          ],
          [
            139.7610058,
            35.68331
          ],
          [
            139.7609135,
            35.6833293
          ],
          [
            139.7609257,
            35.683368
          ],
          [
            139.7609676,
            35.6835002
          ],
          [
            139.7609688,
            35.683504
          ],
          [
            139.7609843,
            35.6835528
          ],
          [
            139.7609995,
            35.6836008
          ]
        ]
      }
    },
    {
      "type": "Feature",
      "properties": {
        "id": 572531415,
        "highway": "footway",
        "name": null,
        "access": null,
        "surface": "paving_stones"
      },
      "geometry": {
        "type": "LineString",
        "coordinates": [
          [
            139.7607599,
            35.6835063
          ],
          [
            139.7608034,
            35.6836312
          ],
          [
            139.7608588,
            35.6836196
          ],
          [
            139.760871,
            35.6836161
          ],
          [
            139.7608659,
            35.6835677
          ],
          [
            139.7608577,
            35.683528
          ],
          [
            139.7608385,
            35.683469
          ],
          [
            139.7608134,
            35.6833922
          ],
          [
            139.7608595,
            35.6833822
          ],
          [
            139.7608996,
            35.6833736
          ],
          [
            139.7609257,
            35.683368
          ]
        ]
      }
    },
    {
      "type": "Feature",
      "properties": {
        "id": 572532223,
        "highway": "footway",
        "name": null,
        "access": null,
        "surface": "asphalt"
      },
      "geometry": {
        "type": "LineString",
        "coordinates": [
          [
            139.7578881,
            35.6795429
          ],
          [
            139.7578525,
            35.6794856
          ],
          [
            139.7577965,
            35.6793898
          ],
          [
            139.7577682,
            35.679344
          ]
        ]
      }
    },
    {
      "type": "Feature",
      "properties": {
        "id": 573803131,
        "highway": "footway",
        "name": null,
        "access": null,
        "surface": null
      },
      "geometry": {
        "type": "LineString",
        "coordinates": [
          [
            139.7624053,
            35.6770175
          ],
          [
            139.7623915,
            35.6769748
          ],
          [
            139.7622392,
            35.6765148
          ],
          [
            139.7628202,
            35.6763816
          ]
        ]
      }
    },
    {
      "type": "Feature",
      "properties": {
        "id": 576322618,
        "highway": "steps",
        "name": null,
        "access": null,
        "surface": null
      },
      "geometry": {
        "type": "LineString",
        "coordinates": [
          [
            139.7612987,
            35.6833717
          ],
          [
            139.7612902,
            35.6833439
          ],
          [
            139.7612818,
            35.6833161
          ]
        ]
      }
    },
    {
      "type": "Feature",
      "properties": {
        "id": 585714912,
        "highway": "footway",
        "name": null,
        "access": null,
        "surface": "paving_stones"
      },
      "geometry": {
        "type": "LineString",
        "coordinates": [
          [
            139.763473,
            35.6816151
          ],
          [
            139.7633783,
            35.6816368
          ],
          [
            139.7632992,
            35.6816545
          ],
          [
            139.7632764,
            35.6816596
          ],
          [
            139.7628468,
            35.6817535
          ],
          [
            139.7625618,
            35.6818162
          ],
          [
            139.7624077,
            35.6818517
          ],
          [
            139.762292,
            35.6818285
          ]
        ]
      }
    },
    {
      "type": "Feature",
      "properties": {
        "id": 585714913,
        "highway": "footway",
        "name": null,
        "access": null,
        "surface": "paving_stones"
      },
      "geometry": {
        "type": "LineString",
        "coordinates": [
          [
            139.7614751,
            35.6761876
          ],
          [
            139.7614542,
            35.6761106
          ],
          [
            139.7614402,
            35.676059
          ]
        ]
      }
    },
    {
      "type": "Feature",
      "properties": {
        "id": 585714914,
        "highway": "footway",
        "name": null,
        "access": null,
        "surface": "paving_stones"
      },
      "geometry": {
        "type": "LineString",
        "coordinates": [
          [
            139.7614912,
            35.6762039
          ],
          [
            139.7615802,
            35.6761871
          ],
          [
            139.7616542,
            35.6761732
          ]
        ]
      }
    },
    {
      "type": "Feature",
      "properties": {
        "id": 585714915,
        "highway": "footway",
        "name": null,
        "access": null,
        "surface": "paving_stones"
      },
      "geometry": {
        "type": "LineString",
        "coordinates": [
          [
            139.761639,
            35.6760165
          ],
          [
            139.7616572,
            35.676066
          ],
          [
            139.7616808,
            35.6761303
          ]
        ]
      }
    },
    {
      "type": "Feature",
      "properties": {
        "id": 585714916,
        "highway": "footway",
        "name": null,
        "access": null,
        "surface": "paving_stones"
      },
      "geometry": {
        "type": "LineString",
        "coordinates": [
          [
            139.7614543,
            35.6760133
          ],
          [
            139.7615185,
            35.6760001
          ],
          [
            139.7615807,
            35.6759874
          ]
        ]
      }
    },
    {
      "type": "Feature",
      "properties": {
        "id": 585714922,
        "highway": "footway",
        "name": null,
        "access": null,
        "surface": "paving_stones"
      },
      "geometry": {
        "type": "LineString",
        "coordinates": [
          [
            139.761837,
            35.6772032
          ],
          [
            139.7619106,
            35.6771877
          ],
          [
            139.7619879,
            35.6771737
          ],
          [
            139.7619684,
            35.6771132
          ],
          [
            139.7619493,
            35.677054
          ],
          [
            139.7618722,
            35.6770704
          ],
          [
            139.761765,
            35.6770931
          ],
          [
            139.7617851,
            35.6771528
          ],
          [
            139.761799,
            35.6771942
          ]
        ]
      }
    },
    {
      "type": "Feature",
      "properties": {
        "id": 585714923,
        "highway": "footway",
        "name": null,
        "access": null,
        "surface": "asphalt"
      },
      "geometry": {
        "type": "LineString",
        "coordinates": [
          [
            139.7621414,
            35.6781041
          ],
          [
            139.7622078,
            35.6780892
          ],
          [
            139.7622661,
            35.6780753
          ]
        ]
      }
    },
    {
      "type": "Feature",
      "properties": {
        "id": 585714924,
        "highway": "footway",
        "name": null,
        "access": null,
        "surface": "paving_stones"
      },
      "geometry": {
        "type": "LineString",
        "coordinates": [
          [
            139.7607998,
            35.6774385
          ],
          [
            139.7608244,
            35.6774069
          ],
          [
            139.7613687,
            35.6772902
          ],
          [
            139.761799,
            35.6771942
          ],
          [
            139.7618128,
            35.6771912
          ],
          [
            139.761837,
            35.6772032
          ],
          [
            139.7618598,
            35.6772391
          ],
          [
            139.7621414,
            35.6781041
          ],
          [
            139.7621387,
            35.6781259
          ],
          [
            139.7620904,
            35.678139
          ],
          [
            139.7616601,
            35.6782255
          ],
          [
            139.7613657,
            35.6782907
          ],
          [
            139.7611407,
            35.6783363
          ]
        ]
      }
    },
    {
      "type": "Feature",
      "properties": {
        "id": 585714925,
        "highway": "footway",
        "name": null,
        "access": null,
        "surface": "paving_stones"
      },
      "geometry": {
        "type": "LineString",
        "coordinates": [
          [
            139.7619841,
            35.6771967
          ],
          [
            139.7619952,
            35.677244
          ],
          [
            139.7620851,
            35.6775207
          ],
          [
            139.7622661,
            35.6780753
          ],
          [
            139.7622943,
            35.6780872
          ],
          [
            139.7623171,
            35.6780882
          ],
          [
            139.7627878,
            35.6779881
          ],
          [
            139.7630417,
            35.6779284
          ],
          [
            139.7632276,
            35.6778847
          ],
          [
            139.7632772,
            35.6778689
          ],
          [
            139.7632898,
            35.6778465
          ],
          [
            139.7630093,
            35.6769728
          ],
          [
            139.7629915,
            35.6769555
          ],
          [
            139.7629794,
            35.6769579
          ],
          [
            139.76199,
            35.6771608
          ],
          [
            139.7619879,
            35.6771737
          ],
          [
            139.7619841,
            35.6771967
          ]
        ]
      }
    },
    {
      "type": "Feature",
      "properties": {
        "id": 585714926,
        "highway": "footway",
        "name": null,
        "access": null,
        "surface": "paving_stones"
      },
      "geometry": {
        "type": "LineString",
        "coordinates": [
          [
            139.7616542,
            35.6761732
          ],
          [
            139.7616653,
            35.6762205
          ],
          [
            139.7617552,
            35.6764972
          ],
          [
            139.7619322,
            35.677043
          ],
          [
            139.7619493,
            35.677054
          ],
          [
            139.7619644,
            35.6770637
          ],
          [
            139.7619871,
            35.6770648
          ],
          [
            139.7623915,
            35.6769748
          ],
          [
            139.7629448,
            35.6768499
          ],
          [
            139.7629666,
            35.676845
          ],
          [
            139.7629653,
            35.6768265
          ],
          [
            139.7628202,
            35.6763816
          ],
          [
            139.7626794,
            35.6759493
          ],
          [
            139.7626767,
            35.6759379
          ],
          [
            139.7626633,
            35.675933
          ],
          [
            139.7626278,
            35.6759401
          ],
          [
            139.7621786,
            35.6760303
          ],
          [
            139.7616808,
            35.6761303
          ],
          [
            139.7616601,
            35.6761373
          ],
          [
            139.7616542,
            35.6761732
          ]
        ]
      }
    },
    {
      "type": "Feature",
      "properties": {
        "id": 601267951,
        "highway": "service",
        "name": null,
        "access": null,
        "surface": "concrete"
      },
      "geometry": {
        "type": "LineString",
        "coordinates": [
          [
            139.7655611,
            35.6824126
          ],
          [
            139.7656617,
            35.6823935
          ],
          [
            139.7657164,
            35.6823991
          ],
          [
            139.765757,
            35.68243
          ],
          [
            139.7657748,
            35.6824764
          ],
          [
            139.7657824,
            35.6824972
          ],
          [
            139.7658282,
            35.6826308
          ]
        ]
      }
    },
    {
      "type": "Feature",
      "properties": {
        "id": 601267952,
        "highway": "service",
        "name": null,
        "access": null,
        "surface": "concrete"
      },
      "geometry": {
        "type": "LineString",
        "coordinates": [
          [
            139.7657865,
            35.682156
          ],
          [
            139.7657195,
            35.6819594
          ],
          [
            139.7656873,
            35.6819245
          ],
          [
            139.7656377,
            35.6819032
          ],
          [
            139.76557,
            35.6819016
          ],
          [
            139.7655183,
            35.6819093
          ],
          [
            139.7651441,
            35.6819903
          ],
          [
            139.765111,
            35.6820067
          ],
          [
            139.7650858,
            35.6820263
          ],
          [
            139.7650677,
            35.6820486
          ],
          [
            139.7650597,
            35.6820792
          ],
          [
            139.7650637,
            35.6821129
          ],
          [
            139.7650744,
            35.6821446
          ],
          [
            139.7650972,
            35.6822132
          ]
        ]
      }
    },
    {
      "type": "Feature",
      "properties": {
        "id": 612584696,
        "highway": "footway",
        "name": "東京駅(改札外)",
        "access": null,
        "surface": null
      },
      "geometry": {
        "type": "LineString",
        "coordinates": [
          [
            139.7660999,
            35.6824224
          ],
          [
            139.7662225,
            35.6824736
          ],
          [
            139.7662141,
            35.6825245
          ]
        ]
      }
    },
    {
      "type": "Feature",
      "properties": {
        "id": 612584697,
        "highway": "footway",
        "name": null,
        "access": null,
        "surface": null
      },
      "geometry": {
        "type": "LineString",
        "coordinates": [
          [
            139.7660616,
            35.6823118
          ],
          [
            139.7660999,
            35.6824224
          ]
        ]
      }
    },
    {
      "type": "Feature",
      "properties": {
        "id": 612584698,
        "highway": "footway",
        "name": null,
        "access": null,
        "surface": "paving_stones"
      },
      "geometry": {
        "type": "LineString",
        "coordinates": [
          [
            139.7657372,
            35.6814508
          ],
          [
            139.7648,
            35.6816595
          ]
        ]
      }
    },
    {
      "type": "Feature",
      "properties": {
        "id": 612584701,
        "highway": "footway",
        "name": null,
        "access": null,
        "surface": "paving_stones"
      },
      "geometry": {
        "type": "LineString",
        "coordinates": [
          [
            139.7659184,
            35.6814436
          ],
          [
            139.7659364,
            35.6814893
          ]
        ]
      }
    },
    {
      "type": "Feature",
      "properties": {
        "id": 612584702,
        "highway": "footway",
        "name": null,
        "access": null,
        "surface": "paving_stones"
      },
      "geometry": {
        "type": "LineString",
        "coordinates": [
          [
            139.7658956,
            35.6813855
          ],
          [
            139.7659078,
            35.6814167
          ],
          [
            139.7659184,
            35.6814436
          ]
        ]
      }
    },
    {
      "type": "Feature",
      "properties": {
        "id": 612584703,
        "highway": "footway",
        "name": null,
        "access": null,
        "surface": "paving_stones"
      },
      "geometry": {
        "type": "LineString",
        "coordinates": [
          [
            139.7657442,
            35.6813077
          ],
          [
            139.765758,
            35.6813097
          ],
          [
            139.765785,
            35.6813121
          ],
          [
            139.7658113,
            35.6813175
          ],
          [
            139.7658364,
            35.6813258
          ],
          [
            139.7658599,
            35.6813369
          ],
          [
            139.7658817,
            35.6813503
          ]
        ]
      }
    },
    {
      "type": "Feature",
      "properties": {
        "id": 612584704,
        "highway": "footway",
        "name": null,
        "access": null,
        "surface": "paving_stones"
      },
      "geometry": {
        "type": "LineString",
        "coordinates": [
          [
            139.7658413,
            35.6815855
          ],
          [
            139.7658009,
            35.6816024
          ],
          [
            139.7657905,
            35.6816081
          ]
        ]
      }
    },
    {
      "type": "Feature",
      "properties": {
        "id": 612584705,
        "highway": "footway",
        "name": null,
        "access": null,
        "surface": "paving_stones"
      },
      "geometry": {
        "type": "LineString",
        "coordinates": [
          [
            139.7658817,
            35.6813503
          ],
          [
            139.7658956,
            35.6813855
          ]
        ]
      }
    },
    {
      "type": "Feature",
      "properties": {
        "id": 612584706,
        "highway": "footway",
        "name": null,
        "access": null,
        "surface": "paving_stones"
      },
      "geometry": {
        "type": "LineString",
        "coordinates": [
          [
            139.765689,
            35.6813083
          ],
          [
            139.7657012,
            35.6813076
          ],
          [
            139.7657442,
            35.6813077
          ]
        ]
      }
    },
    {
      "type": "Feature",
      "properties": {
        "id": 612584707,
        "highway": "footway",
        "name": null,
        "access": null,
        "surface": "paving_stones"
      },
      "geometry": {
        "type": "LineString",
        "coordinates": [
          [
            139.7659364,
            35.6814893
          ],
          [
            139.765928,
            35.6815073
          ],
          [
            139.7659179,
            35.6815242
          ],
          [
            139.7659053,
            35.68154
          ],
          [
            139.7658903,
            35.6815543
          ],
          [
            139.7658732,
            35.6815671
          ],
          [
            139.7658543,
            35.6815779
          ],
          [
            139.7658413,
            35.6815855
          ]
        ]
      }
    },
    {
      "type": "Feature",
      "properties": {
        "id": 612584709,
        "highway": "footway",
        "name": null,
        "access": null,
        "surface": "paving_stones"
      },
      "geometry": {
        "type": "LineString",
        "coordinates": [
          [
            139.7646436,
            35.6820099
          ],
          [
            139.7646105,
            35.6820167
          ]
        ]
      }
    },
    {
      "type": "Feature",
      "properties": {
        "id": 612584710,
        "highway": "footway",
        "name": null,
        "access": null,
        "surface": "asphalt"
      },
      "geometry": {
        "type": "LineString",
        "coordinates": [
          [
            139.7648786,
            35.6819623
          ],
          [
            139.7647663,
            35.6819851
          ],
          [
            139.7646436,
            35.6820099
          ]
        ]
      }
    },
    {
      "type": "Feature",
      "properties": {
        "id": 612584711,
        "highway": "footway",
        "name": null,
        "access": null,
        "surface": "paving_stones"
      },
      "geometry": {
        "type": "LineString",
        "coordinates": [
          [
            139.7646944,
            35.6813476
          ],
          [
            139.7646684,
            35.6813526
          ]
        ]
      }
    },
    {
      "type": "Feature",
      "properties": {
        "id": 612584712,
        "highway": "footway",
        "name": null,
        "access": null,
        "surface": null
      },
      "geometry": {
        "type": "LineString",
        "coordinates": [
          [
            139.7644444,
            35.6813977
          ],
          [
            139.7643775,
            35.6814154
          ]
        ]
      }
    },
    {
      "type": "Feature",
      "properties": {
        "id": 612584713,
        "highway": "footway",
        "name": null,
        "access": null,
        "surface": "asphalt"
      },
      "geometry": {
        "type": "LineString",
        "coordinates": [
          [
            139.7646684,
            35.6813526
          ],
          [
            139.7645602,
            35.6813744
          ],
          [
            139.7644444,
            35.6813977
          ]
        ]
      }
    },
    {
      "type": "Feature",
      "properties": {
        "id": 612584714,
        "highway": "footway",
        "name": null,
        "access": null,
        "surface": "paving_stones"
      },
      "geometry": {
        "type": "LineString",
        "coordinates": [
          [
            139.7656909,
            35.6810983
          ],
          [
            139.765675,
            35.681267
          ],
          [
            139.765689,
            35.6813083
          ],
          [
            139.7657372,
            35.6814508
          ],
          [
            139.7657905,
            35.6816081
          ],
          [
            139.7658003,
            35.6816371
          ],
          [
            139.7658505,
            35.6817854
          ],
          [
            139.7658285,
            35.6819083
          ],
          [
            139.7658905,
            35.6820954
          ],
          [
            139.765968,
            35.682337
          ],
          [
            139.7659379,
            35.6823823
          ],
          [
            139.7659626,
            35.6824577
          ],
          [
            139.7659927,
            35.6824851
          ],
          [
            139.7662103,
            35.6825509
          ]
        ]
      }
    },
    {
      "type": "Feature",
      "properties": {
        "id": 612720776,
        "highway": "footway",
        "name": null,
        "access": null,
        "surface": null
      },
      "geometry": {
        "type": "LineString",
        "coordinates": [
          [
            139.7644454,
            35.6806116
          ],
          [
            139.7644388,
            35.6806129
          ],
          [
            139.7643168,
            35.6806368
          ],
          [
            139.7641721,
            35.6806654
          ]
        ]
      }
    },
    {
      "type": "Feature",
      "properties": {
        "id": 661299596,
        "highway": "footway",
        "name": null,
        "access": null,
        "surface": "paving_stones"
      },
      "geometry": {
        "type": "LineString",
        "coordinates": [
          [
            139.7625163,
            35.6829208
          ],
          [
            139.7625866,
            35.6831366
          ],
          [
            139.7625777,
            35.6832411
          ],
          [
            139.7626514,
            35.6834951
          ],
          [
            139.7627086,
            35.683675
          ],
          [
            139.762829,
            35.6840665
          ],
          [
            139.7629064,
            35.6843294
          ],
          [
            139.7630839,
            35.6849327
          ],
          [
            139.7631295,
            35.6851047
          ],
          [
            139.7631542,
            35.6851979
          ],
          [
            139.7631447,
            35.6851999
          ],
          [
            139.7630936,
            35.6852844
          ]
        ]
      }
    },
    {
      "type": "Feature",
      "properties": {
        "id": 661299604,
        "highway": "footway",
        "name": null,
        "access": null,
        "surface": "asphalt"
      },
      "geometry": {
        "type": "LineString",
        "coordinates": [
          [
            139.7626384,
            35.683612
          ],
          [
            139.7626603,
            35.6836799
          ],
          [
            139.7626646,
            35.6837047
          ]
        ]
      }
    },
    {
      "type": "Feature",
      "properties": {
        "id": 661299606,
        "highway": "steps",
        "name": null,
        "access": null,
        "surface": "asphalt"
      },
      "geometry": {
        "type": "LineString",
        "coordinates": [
          [
            139.7626646,
            35.6837047
          ],
          [
            139.7626899,
            35.6837543
          ]
        ]
      }
    },
    {
      "type": "Feature",
      "properties": {
        "id": 661590932,
        "highway": "footway",
        "name": "日比谷",
        "access": null,
        "surface": "paving_stones"
      },
      "geometry": {
        "type": "LineString",
        "coordinates": [
          [
            139.7599252,
            35.6755421
          ],
          [
            139.7600274,
            35.6756741
          ],
          [
            139.760215,
            35.6760353
          ],
          [
            139.7602661,
            35.6761365
          ],
          [
            139.7603517,
            35.676383
          ],
          [
            139.7604028,
            35.6765389
          ],
          [
            139.7603699,
            35.6765885
          ],
          [
            139.7605871,
            35.6772108
          ],
          [
            139.7606836,
            35.6774901
          ]
        ]
      }
    },
    {
      "type": "Feature",
      "properties": {
        "id": 661590944,
        "highway": "steps",
        "name": "日比谷",
        "access": null,
        "surface": "asphalt"
      },
      "geometry": {
        "type": "LineString",
        "coordinates": [
          [
            139.7605426,
            35.6772778
          ],
          [
            139.7606051,
            35.6774601
          ]
        ]
      }
    },
    {
      "type": "Feature",
      "properties": {
        "id": 661590945,
        "highway": "footway",
        "name": "日比谷",
        "access": null,
        "surface": "paving_stones"
      },
      "geometry": {
        "type": "LineString",
        "coordinates": [
          [
            139.7606836,
            35.6774901
          ],
          [
            139.7606523,
            35.6774973
          ],
          [
            139.7606199,
            35.6775046
          ],
          [
            139.7606051,
            35.6774601
          ]
        ]
      }
    },
    {
      "type": "Feature",
      "properties": {
        "id": 661590947,
        "highway": "footway",
        "name": "日比谷",
        "access": null,
        "surface": "paving_stones"
      },
      "geometry": {
        "type": "LineString",
        "coordinates": [
          [
            139.7608198,
            35.6776618
          ],
          [
            139.7608989,
            35.6778831
          ],
          [
            139.7610525,
            35.6782877
          ],
          [
            139.7610878,
            35.6783824
          ]
        ]
      }
    },
    {
      "type": "Feature",
      "properties": {
        "id": 661594012,
        "highway": "footway",
        "name": "日比谷",
        "access": null,
        "surface": "paving_stones"
      },
      "geometry": {
        "type": "LineString",
        "coordinates": [
          [
            139.7608989,
            35.6778831
          ],
          [
            139.7606554,
            35.6779385
          ],
          [
            139.7607157,
            35.6781167
          ],
          [
            139.7606798,
            35.6781693
          ]
        ]
      }
    },
    {
      "type": "Feature",
      "properties": {
        "id": 661594013,
        "highway": "footway",
        "name": null,
        "access": null,
        "surface": "paving_stones"
      },
      "geometry": {
        "type": "LineString",
        "coordinates": [
          [
            139.7604719,
            35.6783093
          ],
          [
            139.7603853,
            35.6783278
          ],
          [
            139.7604038,
            35.6783792
          ]
        ]
      }
    },
    {
      "type": "Feature",
      "properties": {
        "id": 661594015,
        "highway": "steps",
        "name": "日比谷",
        "access": null,
        "surface": "paving_stones"
      },
      "geometry": {
        "type": "LineString",
        "coordinates": [
          [
            139.7612446,
            35.6783456
          ],
          [
            139.7613108,
            35.67833
          ]
        ]
      }
    },
    {
      "type": "Feature",
      "properties": {
        "id": 661594016,
        "highway": "footway",
        "name": null,
        "access": null,
        "surface": "paving_stones"
      },
      "geometry": {
        "type": "LineString",
        "coordinates": [
          [
            139.7613108,
            35.67833
          ],
          [
            139.7613589,
            35.6783193
          ],
          [
            139.7613657,
            35.6782907
          ]
        ]
      }
    },
    {
      "type": "Feature",
      "properties": {
        "id": 661594018,
        "highway": "footway",
        "name": "日比谷",
        "access": null,
        "surface": "asphalt"
      },
      "geometry": {
        "type": "LineString",
        "coordinates": [
          [
            139.7610525,
            35.6782877
          ],
          [
            139.7611075,
            35.6782747
          ],
          [
            139.7609331,
            35.6779356
          ]
        ]
      }
    },
    {
      "type": "Feature",
      "properties": {
        "id": 661594019,
        "highway": "footway",
        "name": null,
        "access": null,
        "surface": null
      },
      "geometry": {
        "type": "LineString",
        "coordinates": [
          [
            139.7609331,
            35.6779356
          ],
          [
            139.7609127,
            35.6778763
          ],
          [
            139.7609412,
            35.6778712
          ]
        ]
      }
    },
    {
      "type": "Feature",
      "properties": {
        "id": 661610686,
        "highway": "footway",
        "name": "東京駅",
        "access": null,
        "surface": "paving_stones"
      },
      "geometry": {
        "type": "LineString",
        "coordinates": [
          [
            139.7645963,
            35.6816788
          ],
          [
            139.7643786,
            35.6817281
          ],
          [
            139.7643339,
            35.6817384
          ]
        ]
      }
    },
    {
      "type": "Feature",
      "properties": {
        "id": 661610687,
        "highway": "steps",
        "name": "東京駅",
        "access": null,
        "surface": "paving_stones"
      },
      "geometry": {
        "type": "LineString",
        "coordinates": [
          [
            139.7642468,
            35.6814524
          ],
          [
            139.7641786,
            35.6814674
          ]
        ]
      }
    },
    {
      "type": "Feature",
      "properties": {
        "id": 661610688,
        "highway": "footway",
        "name": "行幸地下通路",
        "access": null,
        "surface": "paving_stones"
      },
      "geometry": {
        "type": "LineString",
        "coordinates": [
          [
            139.7642768,
            35.6817508
          ],
          [
            139.7634821,
            35.6819215
          ],
          [
            139.7624794,
            35.6821369
          ],
          [
            139.762373,
            35.6821591
          ]
        ]
      }
    },
    {
      "type": "Feature",
      "properties": {
        "id": 661610689,
        "highway": "steps",
        "name": "東京",
        "access": null,
        "surface": "paving_stones"
      },
      "geometry": {
        "type": "LineString",
        "coordinates": [
          [
            139.7643339,
            35.6817384
          ],
          [
            139.7643037,
            35.6817449
          ]
        ]
      }
    },
    {
      "type": "Feature",
      "properties": {
        "id": 661610690,
        "highway": "steps",
        "name": "東京駅",
        "access": null,
        "surface": "paving_stones"
      },
      "geometry": {
        "type": "LineString",
        "coordinates": [
          [
            139.7643848,
            35.6820423
          ],
          [
            139.7644547,
            35.6820276
          ]
        ]
      }
    },
    {
      "type": "Feature",
      "properties": {
        "id": 661610691,
        "highway": "footway",
        "name": "東京駅",
        "access": null,
        "surface": "paving_stones"
      },
      "geometry": {
        "type": "LineString",
        "coordinates": [
          [
            139.7642539,
            35.6813649
          ],
          [
            139.7642813,
            35.6814448
          ],
          [
            139.7643786,
            35.6817281
          ],
          [
            139.7644876,
            35.6820453
          ],
          [
            139.7645067,
            35.682101
          ]
        ]
      }
    },
    {
      "type": "Feature",
      "properties": {
        "id": 661610692,
        "highway": "footway",
        "name": null,
        "access": null,
        "surface": "paving_stones"
      },
      "geometry": {
        "type": "LineString",
        "coordinates": [
          [
            139.7645067,
            35.682101
          ],
          [
            139.7645689,
            35.6822893
          ],
          [
            139.7646375,
            35.6824972
          ],
          [
            139.7646905,
            35.6826576
          ],
          [
            139.7647544,
            35.6828094
          ],
          [
            139.7649041,
            35.6832523
          ],
          [
            139.7643592,
            35.6833732
          ]
        ]
      }
    },
    {
      "type": "Feature",
      "properties": {
        "id": 661610693,
        "highway": "footway",
        "name": null,
        "access": null,
        "surface": "asphalt"
      },
      "geometry": {
        "type": "LineString",
        "coordinates": [
          [
            139.7646066,
            35.6821047
          ],
          [
            139.7647304,
            35.6824793
          ],
          [
            139.764783,
            35.6826385
          ],
          [
            139.7648518,
            35.6828468
          ]
        ]
      }
    },
    {
      "type": "Feature",
      "properties": {
        "id": 661610694,
        "highway": "footway",
        "name": "東京駅(改札外)",
        "access": null,
        "surface": "paving_stones"
      },
      "geometry": {
        "type": "LineString",
        "coordinates": [
          [
            139.7646375,
            35.6824972
          ],
          [
            139.7646769,
            35.6824896
          ],
          [
            139.7647304,
            35.6824793
          ],
          [
            139.7647898,
            35.6824673
          ],
          [
            139.7648634,
            35.6824525
          ]
        ]
      }
    },
    {
      "type": "Feature",
      "properties": {
        "id": 661610695,
        "highway": "footway",
        "name": "東京駅(改札外)",
        "access": null,
        "surface": "paving_stones"
      },
      "geometry": {
        "type": "LineString",
        "coordinates": [
          [
            139.7646905,
            35.6826576
          ],
          [
            139.7647279,
            35.6826499
          ],
          [
            139.7647505,
            35.6826452
          ],
          [
            139.764783,
            35.6826385
          ],
          [
            139.7649111,
            35.6826069
          ]
        ]
      }
    },
    {
      "type": "Feature",
      "properties": {
        "id": 661610696,
        "highway": "footway",
        "name": null,
        "access": null,
        "surface": "paving_stones"
      },
      "geometry": {
        "type": "LineString",
        "coordinates": [
          [
            139.7644607,
            35.6823133
          ],
          [
            139.7645194,
            35.6823003
          ],
          [
            139.7645689,
            35.6822893
          ]
        ]
      }
    },
    {
      "type": "Feature",
      "properties": {
        "id": 661611582,
        "highway": "footway",
        "name": null,
        "access": null,
        "surface": "asphalt"
      },
      "geometry": {
        "type": "LineString",
        "coordinates": [
          [
            139.7645194,
            35.6823003
          ],
          [
            139.7645009,
            35.6822404
          ]
        ]
      }
    },
    {
      "type": "Feature",
      "properties": {
        "id": 661611583,
        "highway": "steps",
        "name": null,
        "access": null,
        "surface": "asphalt"
      },
      "geometry": {
        "type": "LineString",
        "coordinates": [
          [
            139.7643922,
            35.682263
          ],
          [
            139.7645009,
            35.6822404
          ]
        ]
      }
    },
    {
      "type": "Feature",
      "properties": {
        "id": 661611584,
        "highway": "steps",
        "name": "東京駅;M2出入口",
        "access": null,
        "surface": null
      },
      "geometry": {
        "type": "LineString",
        "coordinates": [
          [
            139.7647419,
            35.680762
          ],
          [
            139.7646071,
            35.6806064
          ],
          [
            139.7646055,
            35.6805954
          ],
          [
            139.7646187,
            35.6806017
          ],
          [
            139.7647562,
            35.6807606
          ],
          [
            139.7647603,
            35.6807718
          ]
        ]
      }
    },
    {
      "type": "Feature",
      "properties": {
        "id": 661611586,
        "highway": "footway",
        "name": "東京メトロ東京駅",
        "access": null,
        "surface": "asphalt"
      },
      "geometry": {
        "type": "LineString",
        "coordinates": [
          [
            139.7648847,
            35.6819055
          ],
          [
            139.7649241,
            35.681904
          ],
          [
            139.7649412,
            35.6819032
          ],
          [
            139.7649586,
            35.681902
          ],
          [
            139.7649903,
            35.6818991
          ]
        ]
      }
    },
    {
      "type": "Feature",
      "properties": {
        "id": 661611587,
        "highway": "footway",
        "name": "東京メトロ東京駅",
        "access": null,
        "surface": "asphalt"
      },
      "geometry": {
        "type": "LineString",
        "coordinates": [
          [
            139.7649412,
            35.6819032
          ],
          [
            139.7649396,
            35.6818867
          ]
        ]
      }
    },
    {
      "type": "Feature",
      "properties": {
        "id": 661611588,
        "highway": "steps",
        "name": "東京メトロ東京駅",
        "access": null,
        "surface": "asphalt"
      },
      "geometry": {
        "type": "LineString",
        "coordinates": [
          [
            139.7649396,
            35.6818867
          ],
          [
            139.7649241,
            35.6817663
          ]
        ]
      }
    },
    {
      "type": "Feature",
      "properties": {
        "id": 661611591,
        "highway": "footway",
        "name": "東京メトロ東京駅",
        "access": null,
        "surface": "asphalt"
      },
      "geometry": {
        "type": "LineString",
        "coordinates": [
          [
            139.7649487,
            35.6817575
          ],
          [
            139.7649241,
            35.6817663
          ],
          [
            139.7648978,
            35.6817606
          ]
        ]
      }
    },
    {
      "type": "Feature",
      "properties": {
        "id": 661611767,
        "highway": "footway",
        "name": "東京",
        "access": null,
        "surface": "paving_stones"
      },
      "geometry": {
        "type": "LineString",
        "coordinates": [
          [
            139.7624752,
            35.6818592
          ],
          [
            139.7623996,
            35.6818758
          ],
          [
            139.7624794,
            35.6821369
          ],
          [
            139.7625797,
            35.6824386
          ]
        ]
      }
    },
    {
      "type": "Feature",
      "properties": {
        "id": 661611768,
        "highway": "footway",
        "name": null,
        "access": null,
        "surface": "paving_stones"
      },
      "geometry": {
        "type": "LineString",
        "coordinates": [
          [
            139.7619147,
            35.6819222
          ],
          [
            139.7619433,
            35.6818843
          ],
          [
            139.7619013,
            35.6817603
          ],
          [
            139.7621369,
            35.6816998
          ]
        ]
      }
    },
    {
      "type": "Feature",
      "properties": {
        "id": 661612320,
        "highway": "footway",
        "name": "東京駅",
        "access": null,
        "surface": "paving_stones"
      },
      "geometry": {
        "type": "LineString",
        "coordinates": [
          [
            139.7644547,
            35.6820276
          ],
          [
            139.7644835,
            35.6820213
          ],
          [
            139.7644921,
            35.6820402
          ]
        ]
      }
    },
    {
      "type": "Feature",
      "properties": {
        "id": 661612321,
        "highway": "footway",
        "name": "東京駅",
        "access": null,
        "surface": "paving_stones"
      },
      "geometry": {
        "type": "LineString",
        "coordinates": [
          [
            139.7642614,
            35.6814704
          ],
          [
            139.7642928,
            35.6814638
          ],
          [
            139.7642832,
            35.6814369
          ]
        ]
      }
    },
    {
      "type": "Feature",
      "properties": {
        "id": 661612322,
        "highway": "footway",
        "name": null,
        "access": null,
        "surface": "paving_stones"
      },
      "geometry": {
        "type": "LineString",
        "coordinates": [
          [
            139.7617493,
            35.6820303
          ],
          [
            139.7617394,
            35.6820322
          ],
          [
            139.7617263,
            35.6820113
          ]
        ]
      }
    },
    {
      "type": "Feature",
      "properties": {
        "id": 661612323,
        "highway": "footway",
        "name": "大手町駅;D1出入口",
        "access": null,
        "surface": null
      },
      "geometry": {
        "type": "LineString",
        "coordinates": [
          [
            139.7627436,
            35.6824043
          ],
          [
            139.7627548,
            35.682402
          ],
          [
            139.762761,
            35.6824218
          ]
        ]
      }
    },
    {
      "type": "Feature",
      "properties": {
        "id": 661612324,
        "highway": "footway",
        "name": null,
        "access": null,
        "surface": "paving_stones"
      },
      "geometry": {
        "type": "LineString",
        "coordinates": [
          [
            139.7619234,
            35.6825705
          ],
          [
            139.7618991,
            35.6825764
          ],
          [
            139.7619128,
            35.6826059
          ]
        ]
      }
    },
    {
      "type": "Feature",
      "properties": {
        "id": 662875873,
        "highway": "footway",
        "name": null,
        "access": null,
        "surface": "paving_stones"
      },
      "geometry": {
        "type": "LineString",
        "coordinates": [
          [
            139.7628521,
            35.6805834
          ],
          [
            139.7629033,
            35.6805708
          ],
          [
            139.7629256,
            35.6805653
          ],
          [
            139.7626452,
            35.6796627
          ],
          [
            139.7625812,
            35.679641
          ],
          [
            139.7621916,
            35.6797301
          ],
          [
            139.7616264,
            35.6798594
          ]
        ]
      }
    },
    {
      "type": "Feature",
      "properties": {
        "id": 662875875,
        "highway": "footway",
        "name": null,
        "access": null,
        "surface": null
      },
      "geometry": {
        "type": "LineString",
        "coordinates": [
          [
            139.7616264,
            35.6798594
          ],
          [
            139.7619443,
            35.6807947
          ],
          [
            139.7619676,
            35.6808633
          ],
          [
            139.7619886,
            35.6809259
          ],
          [
            139.7620009,
            35.6809624
          ],
          [
            139.7621325,
            35.6813539
          ],
          [
            139.762292,
            35.6818285
          ]
        ]
      }
    },
    {
      "type": "Feature",
      "properties": {
        "id": 662875877,
        "highway": "footway",
        "name": null,
        "access": null,
        "surface": "paving_stones"
      },
      "geometry": {
        "type": "LineString",
        "coordinates": [
          [
            139.7624325,
            35.6795368
          ],
          [
            139.7625055,
            35.6795206
          ],
          [
            139.7625225,
            35.6794979
          ],
          [
            139.7625321,
            35.6794851
          ],
          [
            139.7621794,
            35.6784412
          ]
        ]
      }
    },
    {
      "type": "Feature",
      "properties": {
        "id": 662875879,
        "highway": "footway",
        "name": null,
        "access": null,
        "surface": "asphalt"
      },
      "geometry": {
        "type": "LineString",
        "coordinates": [
          [
            139.7620904,
            35.678139
          ],
          [
            139.7621193,
            35.6782143
          ],
          [
            139.7621642,
            35.6783311
          ],
          [
            139.7622043,
            35.6784353
          ]
        ]
      }
    },
    {
      "type": "Feature",
      "properties": {
        "id": 662875881,
        "highway": "footway",
        "name": null,
        "access": null,
        "surface": "paving_stones"
      },
      "geometry": {
        "type": "LineString",
        "coordinates": [
          [
            139.7624244,
            35.678384
          ],
          [
            139.7625207,
            35.6786941
          ],
          [
            139.7627455,
            35.6794235
          ],
          [
            139.762793,
            35.6794158
          ],
          [
            139.7628539,
            35.679443
          ],
          [
            139.7629795,
            35.6794152
          ],
          [
            139.7633973,
            35.6793226
          ],
          [
            139.7637194,
            35.6792512
          ],
          [
            139.7637068,
            35.6792107
          ],
          [
            139.7635617,
            35.678743
          ],
          [
            139.763382,
            35.6781638
          ]
        ]
      }
    },
    {
      "type": "Feature",
      "properties": {
        "id": 662875883,
        "highway": "footway",
        "name": null,
        "access": null,
        "surface": "paving_stones"
      },
      "geometry": {
        "type": "LineString",
        "coordinates": [
          [
            139.7624244,
            35.678384
          ],
          [
            139.7623145,
            35.6784093
          ],
          [
            139.7622043,
            35.6784353
          ],
          [
            139.7621794,
            35.6784412
          ]
        ]
      }
    },
    {
      "type": "Feature",
      "properties": {
        "id": 662875885,
        "highway": "footway",
        "name": null,
        "access": null,
        "surface": "paving_stones"
      },
      "geometry": {
        "type": "LineString",
        "coordinates": [
          [
            139.7621794,
            35.6784412
          ],
          [
            139.7621275,
            35.6784512
          ],
          [
            139.7620429,
            35.6784456
          ],
          [
            139.7614893,
            35.678567
          ],
          [
            139.7612332,
            35.6786232
          ]
        ]
      }
    },
    {
      "type": "Feature",
      "properties": {
        "id": 662875887,
        "highway": "footway",
        "name": null,
        "access": null,
        "surface": "paving_stones"
      },
      "geometry": {
        "type": "LineString",
        "coordinates": [
          [
            139.763382,
            35.6781638
          ],
          [
            139.7633269,
            35.6781765
          ],
          [
            139.7624244,
            35.678384
          ]
        ]
      }
    },
    {
      "type": "Feature",
      "properties": {
        "id": 662875888,
        "highway": "footway",
        "name": null,
        "access": null,
        "surface": "asphalt"
      },
      "geometry": {
        "type": "LineString",
        "coordinates": [
          [
            139.7635847,
            35.6781186
          ],
          [
            139.7634784,
            35.6781416
          ],
          [
            139.763382,
            35.6781638
          ]
        ]
      }
    },
    {
      "type": "Feature",
      "properties": {
        "id": 662875891,
        "highway": "footway",
        "name": null,
        "access": null,
        "surface": "asphalt"
      },
      "geometry": {
        "type": "LineString",
        "coordinates": [
          [
            139.7635267,
            35.6778188
          ],
          [
            139.7635576,
            35.6779022
          ],
          [
            139.7635987,
            35.6780137
          ],
          [
            139.7636336,
            35.678108
          ]
        ]
      }
    },
    {
      "type": "Feature",
      "properties": {
        "id": 662875893,
        "highway": "footway",
        "name": null,
        "access": null,
        "surface": "asphalt"
      },
      "geometry": {
        "type": "LineString",
        "coordinates": [
          [
            139.764833,
            35.6775502
          ],
          [
            139.7648576,
            35.6776234
          ],
          [
            139.7648936,
            35.6777303
          ],
          [
            139.7649403,
            35.6778688
          ]
        ]
      }
    },
    {
      "type": "Feature",
      "properties": {
        "id": 662875895,
        "highway": "footway",
        "name": null,
        "access": null,
        "surface": "paving_stones"
      },
      "geometry": {
        "type": "LineString",
        "coordinates": [
          [
            139.7649403,
            35.6778688
          ],
          [
            139.7650395,
            35.6778448
          ],
          [
            139.765109,
            35.6778263
          ]
        ]
      }
    },
    {
      "type": "Feature",
      "properties": {
        "id": 662875900,
        "highway": "footway",
        "name": null,
        "access": null,
        "surface": "asphalt"
      },
      "geometry": {
        "type": "LineString",
        "coordinates": [
          [
            139.7651528,
            35.6774607
          ],
          [
            139.7651039,
            35.6774701
          ],
          [
            139.7650554,
            35.6774798
          ]
        ]
      }
    },
    {
      "type": "Feature",
      "properties": {
        "id": 662875902,
        "highway": "footway",
        "name": null,
        "access": null,
        "surface": "paving_stones"
      },
      "geometry": {
        "type": "LineString",
        "coordinates": [
          [
            139.76058,
            35.6788801
          ],
          [
            139.7605941,
            35.6789214
          ],
          [
            139.7606631,
            35.6789071
          ]
        ]
      }
    },
    {
      "type": "Feature",
      "properties": {
        "id": 662875904,
        "highway": "footway",
        "name": null,
        "access": null,
        "surface": null
      },
      "geometry": {
        "type": "LineString",
        "coordinates": [
          [
            139.7608618,
            35.6788143
          ],
          [
            139.760924,
            35.6788795
          ],
          [
            139.761929,
            35.6818164
          ],
          [
            139.761868,
            35.6819812
          ]
        ]
      }
    },
    {
      "type": "Feature",
      "properties": {
        "id": 662875906,
        "highway": "footway",
        "name": null,
        "access": null,
        "surface": "paving_stones"
      },
      "geometry": {
        "type": "LineString",
        "coordinates": [
          [
            139.761868,
            35.6819812
          ],
          [
            139.7617263,
            35.6820113
          ],
          [
            139.7612871,
            35.6820983
          ],
          [
            139.7608693,
            35.6821858
          ],
          [
            139.7600913,
            35.6823648
          ],
          [
            139.7598376,
            35.6824204
          ],
          [
            139.7597665,
            35.6824256
          ],
          [
            139.7597135,
            35.6824085
          ],
          [
            139.7596563,
            35.6823608
          ],
          [
            139.7596074,
            35.6822916
          ],
          [
            139.7595752,
            35.6822219
          ],
          [
            139.7595651,
            35.6821571
          ],
          [
            139.7595718,
            35.6821042
          ],
          [
            139.7595443,
            35.6820803
          ]
        ]
      }
    },
    {
      "type": "Feature",
      "properties": {
        "id": 662875908,
        "highway": "footway",
        "name": "二重橋前駅;7番出入口",
        "access": null,
        "surface": "paving_stones"
      },
      "geometry": {
        "type": "LineString",
        "coordinates": [
          [
            139.7625412,
            35.6818447
          ],
          [
            139.7625693,
            35.6818388
          ],
          [
            139.7625618,
            35.6818162
          ]
        ]
      }
    },
    {
      "type": "Feature",
      "properties": {
        "id": 662875914,
        "highway": "footway",
        "name": null,
        "access": null,
        "surface": "asphalt"
      },
      "geometry": {
        "type": "LineString",
        "coordinates": [
          [
            139.7573416,
            35.6792835
          ],
          [
            139.757408,
            35.6792608
          ],
          [
            139.7575424,
            35.6792182
          ],
          [
            139.7575951,
            35.6792022
          ]
        ]
      }
    },
    {
      "type": "Feature",
      "properties": {
        "id": 663035065,
        "highway": "footway",
        "name": null,
        "access": null,
        "surface": "paving_stones"
      },
      "geometry": {
        "type": "LineString",
        "coordinates": [
          [
            139.7621072,
            35.681609
          ],
          [
            139.7620954,
            35.6815714
          ],
          [
            139.762121,
            35.681514
          ],
          [
            139.7620247,
            35.6811874
          ],
          [
            139.7619984,
            35.6811032
          ],
          [
            139.7619748,
            35.6810275
          ],
          [
            139.7619097,
            35.680814
          ],
          [
            139.7615161,
            35.6795852
          ],
          [
            139.7613835,
            35.6792056
          ],
          [
            139.7613326,
            35.6790614
          ]
        ]
      }
    },
    {
      "type": "Feature",
      "properties": {
        "id": 663035066,
        "highway": "footway",
        "name": null,
        "access": null,
        "surface": "paving_stones"
      },
      "geometry": {
        "type": "LineString",
        "coordinates": [
          [
            139.7619748,
            35.6810275
          ],
          [
            139.762043,
            35.6810127
          ],
          [
            139.7621537,
            35.6809279
          ]
        ]
      }
    },
    {
      "type": "Feature",
      "properties": {
        "id": 663035067,
        "highway": "steps",
        "name": null,
        "access": null,
        "surface": "paving_stones"
      },
      "geometry": {
        "type": "LineString",
        "coordinates": [
          [
            139.7621332,
            35.6807646
          ],
          [
            139.762221,
            35.6807452
          ]
        ]
      }
    },
    {
      "type": "Feature",
      "properties": {
        "id": 663035068,
        "highway": "footway",
        "name": null,
        "access": null,
        "surface": "asphalt"
      },
      "geometry": {
        "type": "LineString",
        "coordinates": [
          [
            139.7620954,
            35.6815714
          ],
          [
            139.762077,
            35.6815421
          ],
          [
            139.7620687,
            35.6815167
          ],
          [
            139.7620541,
            35.6814718
          ]
        ]
      }
    },
    {
      "type": "Feature",
      "properties": {
        "id": 663035069,
        "highway": "footway",
        "name": null,
        "access": null,
        "surface": "asphalt"
      },
      "geometry": {
        "type": "LineString",
        "coordinates": [
          [
            139.7619582,
            35.6812905
          ],
          [
            139.7619779,
            35.681287
          ],
          [
            139.7619957,
            35.6812839
          ],
          [
            139.7620288,
            35.6812772
          ],
          [
            139.7620433,
            35.6812742
          ]
        ]
      }
    },
    {
      "type": "Feature",
      "properties": {
        "id": 663035070,
        "highway": "steps",
        "name": null,
        "access": null,
        "surface": "asphalt"
      },
      "geometry": {
        "type": "LineString",
        "coordinates": [
          [
            139.7620541,
            35.6814718
          ],
          [
            139.7619957,
            35.6812839
          ]
        ]
      }
    },
    {
      "type": "Feature",
      "properties": {
        "id": 663035071,
        "highway": "footway",
        "name": null,
        "access": null,
        "surface": "paving_stones"
      },
      "geometry": {
        "type": "LineString",
        "coordinates": [
          [
            139.7619886,
            35.6809259
          ],
          [
            139.7621432,
            35.6808929
          ],
          [
            139.7629561,
            35.6807192
          ],
          [
            139.7629819,
            35.6807344
          ],
          [
            139.7629998,
            35.680745
          ],
          [
            139.7631274,
            35.6811325
          ],
          [
            139.7632992,
            35.6816545
          ]
        ]
      }
    },
    {
      "type": "Feature",
      "properties": {
        "id": 663035072,
        "highway": "footway",
        "name": null,
        "access": null,
        "surface": null
      },
      "geometry": {
        "type": "LineString",
        "coordinates": [
          [
            139.7620445,
            35.6809524
          ],
          [
            139.7620009,
            35.6809624
          ]
        ]
      }
    },
    {
      "type": "Feature",
      "properties": {
        "id": 663035073,
        "highway": "footway",
        "name": null,
        "access": null,
        "surface": "paving_stones"
      },
      "geometry": {
        "type": "LineString",
        "coordinates": [
          [
            139.7615161,
            35.6795852
          ],
          [
            139.7616491,
            35.6795566
          ]
        ]
      }
    },
    {
      "type": "Feature",
      "properties": {
        "id": 663035074,
        "highway": "footway",
        "name": null,
        "access": null,
        "surface": null
      },
      "geometry": {
        "type": "LineString",
        "coordinates": [
          [
            139.7614599,
            35.6785552
          ],
          [
            139.7614842,
            35.6785494
          ],
          [
            139.7614893,
            35.678567
          ]
        ]
      }
    },
    {
      "type": "Feature",
      "properties": {
        "id": 663035075,
        "highway": "footway",
        "name": null,
        "access": null,
        "surface": "paving_stones"
      },
      "geometry": {
        "type": "LineString",
        "coordinates": [
          [
            139.7609869,
            35.678893
          ],
          [
            139.7610467,
            35.6789206
          ],
          [
            139.7610709,
            35.6789907
          ],
          [
            139.7612904,
            35.6789409
          ]
        ]
      }
    },
    {
      "type": "Feature",
      "properties": {
        "id": 666548497,
        "highway": "footway",
        "name": null,
        "access": null,
        "surface": "asphalt"
      },
      "geometry": {
        "type": "LineString",
        "coordinates": [
          [
            139.7669776,
            35.6774653
          ],
          [
            139.7668394,
            35.677418
          ],
          [
            139.7668132,
            35.6774235
          ],
          [
            139.7663487,
            35.6775154
          ],
          [
            139.7662711,
            35.6775304
          ],
          [
            139.766059,
            35.6775767
          ],
          [
            139.765314,
            35.6777373
          ],
          [
            139.7652831,
            35.6777745
          ]
        ]
      }
    },
    {
      "type": "Feature",
      "properties": {
        "id": 666548498,
        "highway": "footway",
        "name": null,
        "access": null,
        "surface": "paving_stones"
      },
      "geometry": {
        "type": "LineString",
        "coordinates": [
          [
            139.7673718,
            35.6774025
          ],
          [
            139.7674105,
            35.67732
          ],
          [
            139.767443,
            35.6772965
          ],
          [
            139.7684745,
            35.6768594
          ],
          [
            139.7685473,
            35.6768285
          ],
          [
            139.7686305,
            35.6767945
          ],
          [
            139.7695744,
            35.6764225
          ],
          [
            139.7696526,
            35.6763916
          ]
        ]
      }
    },
    {
      "type": "Feature",
      "properties": {
        "id": 666548500,
        "highway": "footway",
        "name": null,
        "access": null,
        "surface": "paving_stones"
      },
      "geometry": {
        "type": "LineString",
        "coordinates": [
          [
            139.7663901,
            35.6758887
          ],
          [
            139.7664834,
            35.6760207
          ],
          [
            139.7667634,
            35.6764154
          ],
          [
            139.7669785,
            35.6767701
          ],
          [
            139.7671194,
            35.6769922
          ],
          [
            139.7671891,
            35.6770508
          ],
          [
            139.7672645,
            35.6770888
          ],
          [
            139.7673046,
            35.6770852
          ],
          [
            139.7683421,
            35.6766564
          ]
        ]
      }
    },
    {
      "type": "Feature",
      "properties": {
        "id": 666902542,
        "highway": "footway",
        "name": null,
        "access": null,
        "surface": "asphalt"
      },
      "geometry": {
        "type": "LineString",
        "coordinates": [
          [
            139.7623171,
            35.6780882
          ],
          [
            139.7623449,
            35.6781649
          ],
          [
            139.7623873,
            35.6782816
          ],
          [
            139.7624244,
            35.678384
          ]
        ]
      }
    },
    {
      "type": "Feature",
      "properties": {
        "id": 666902543,
        "highway": "footway",
        "name": null,
        "access": null,
        "surface": null
      },
      "geometry": {
        "type": "LineString",
        "coordinates": [
          [
            139.7636828,
            35.6784185
          ],
          [
            139.7637879,
            35.6783907
          ]
        ]
      }
    },
    {
      "type": "Feature",
      "properties": {
        "id": 666902544,
        "highway": "footway",
        "name": null,
        "access": null,
        "surface": null
      },
      "geometry": {
        "type": "LineString",
        "coordinates": [
          [
            139.7636872,
            35.6780964
          ],
          [
            139.7637573,
            35.6783015
          ],
          [
            139.7637879,
            35.6783907
          ],
          [
            139.7638103,
            35.6784576
          ],
          [
            139.7640049,
            35.6784092
          ]
        ]
      }
    },
    {
      "type": "Feature",
      "properties": {
        "id": 666902545,
        "highway": "footway",
        "name": null,
        "access": null,
        "surface": null
      },
      "geometry": {
        "type": "LineString",
        "coordinates": [
          [
            139.7637573,
            35.6783015
          ],
          [
            139.7641241,
            35.6782198
          ],
          [
            139.7640562,
            35.6780166
          ]
        ]
      }
    },
    {
      "type": "Feature",
      "properties": {
        "id": 666902547,
        "highway": "footway",
        "name": null,
        "access": null,
        "surface": "asphalt"
      },
      "geometry": {
        "type": "LineString",
        "coordinates": [
          [
            139.7632276,
            35.6778847
          ],
          [
            139.7632557,
            35.6779674
          ],
          [
            139.7632943,
            35.6780807
          ],
          [
            139.7633269,
            35.6781765
          ]
        ]
      }
    },
    {
      "type": "Feature",
      "properties": {
        "id": 666902549,
        "highway": "footway",
        "name": null,
        "access": null,
        "surface": null
      },
      "geometry": {
        "type": "LineString",
        "coordinates": [
          [
            139.7632898,
            35.6778465
          ],
          [
            139.7633736,
            35.6778281
          ],
          [
            139.763472,
            35.6778077
          ]
        ]
      }
    },
    {
      "type": "Feature",
      "properties": {
        "id": 667867130,
        "highway": "footway",
        "name": null,
        "access": null,
        "surface": null
      },
      "geometry": {
        "type": "LineString",
        "coordinates": [
          [
            139.7607164,
            35.6783697
          ],
          [
            139.7606795,
            35.6781347
          ],
          [
            139.7605383,
            35.6777272
          ],
          [
            139.7603377,
            35.6771597
          ],
          [
            139.7600305,
            35.6762881
          ],
          [
            139.7597381,
            35.6754939
          ],
          [
            139.7597103,
            35.6754509
          ],
          [
            139.759665,
            35.6754231
          ],
          [
            139.759611,
            35.6754102
          ],
          [
            139.7595767,
            35.6754126
          ]
        ]
      }
    },
    {
      "type": "Feature",
      "properties": {
        "id": 671081705,
        "highway": "steps",
        "name": null,
        "access": null,
        "surface": "asphalt"
      },
      "geometry": {
        "type": "LineString",
        "coordinates": [
          [
            139.7613604,
            35.6793615
          ],
          [
            139.7614141,
            35.6795002
          ]
        ]
      }
    },
    {
      "type": "Feature",
      "properties": {
        "id": 671081706,
        "highway": "footway",
        "name": null,
        "access": null,
        "surface": "paving_stones"
      },
      "geometry": {
        "type": "LineString",
        "coordinates": [
          [
            139.7613835,
            35.6792056
          ],
          [
            139.7613091,
            35.6792238
          ],
          [
            139.761318,
            35.6792482
          ],
          [
            139.7613604,
            35.6793615
          ]
        ]
      }
    },
    {
      "type": "Feature",
      "properties": {
        "id": 671081707,
        "highway": "footway",
        "name": null,
        "access": null,
        "surface": "asphalt"
      },
      "geometry": {
        "type": "LineString",
        "coordinates": [
          [
            139.7613729,
            35.6795084
          ],
          [
            139.7613878,
            35.6795054
          ],
          [
            139.7614141,
            35.6795002
          ],
          [
            139.7614387,
            35.6794954
          ],
          [
            139.7614553,
            35.6794921
          ]
        ]
      }
    },
    {
      "type": "Feature",
      "properties": {
        "id": 671095063,
        "highway": "footway",
        "name": "東京",
        "access": null,
        "surface": "paving_stones"
      },
      "geometry": {
        "type": "LineString",
        "coordinates": [
          [
            139.7622291,
            35.6819905
          ],
          [
            139.7623144,
            35.681973
          ]
        ]
      }
    },
    {
      "type": "Feature",
      "properties": {
        "id": 671095065,
        "highway": "steps",
        "name": "東京",
        "access": null,
        "surface": "asphalt"
      },
      "geometry": {
        "type": "LineString",
        "coordinates": [
          [
            139.7623144,
            35.681973
          ],
          [
            139.7623262,
            35.6820106
          ]
        ]
      }
    },
    {
      "type": "Feature",
      "properties": {
        "id": 671095066,
        "highway": "footway",
        "name": "東京",
        "access": null,
        "surface": "paving_stones"
      },
      "geometry": {
        "type": "LineString",
        "coordinates": [
          [
            139.7623492,
            35.6820835
          ],
          [
            139.762373,
            35.6821591
          ],
          [
            139.7624215,
            35.6823131
          ]
        ]
      }
    },
    {
      "type": "Feature",
      "properties": {
        "id": 671095067,
        "highway": "footway",
        "name": "東京",
        "access": null,
        "surface": "paving_stones"
      },
      "geometry": {
        "type": "LineString",
        "coordinates": [
          [
            139.7624565,
            35.6824243
          ],
          [
            139.7623611,
            35.6824435
          ]
        ]
      }
    },
    {
      "type": "Feature",
      "properties": {
        "id": 671095068,
        "highway": "steps",
        "name": "東京",
        "access": null,
        "surface": "asphalt"
      },
      "geometry": {
        "type": "LineString",
        "coordinates": [
          [
            139.7624215,
            35.6823131
          ],
          [
            139.7624342,
            35.6823532
          ]
        ]
      }
    },
    {
      "type": "Feature",
      "properties": {
        "id": 671095069,
        "highway": "footway",
        "name": null,
        "access": null,
        "surface": "paving_stones"
      },
      "geometry": {
        "type": "LineString",
        "coordinates": [
          [
            139.7624404,
            35.682689
          ],
          [
            139.7622137,
            35.6827332
          ],
          [
            139.7621741,
            35.6825981
          ],
          [
            139.762118,
            35.6825793
          ]
        ]
      }
    },
    {
      "type": "Feature",
      "properties": {
        "id": 671095357,
        "highway": "footway",
        "name": "大手町駅;D1出入口",
        "access": null,
        "surface": "paving_stones"
      },
      "geometry": {
        "type": "LineString",
        "coordinates": [
          [
            139.7625797,
            35.6824386
          ],
          [
            139.7626658,
            35.6824206
          ]
        ]
      }
    },
    {
      "type": "Feature",
      "properties": {
        "id": 671095358,
        "highway": "footway",
        "name": null,
        "access": null,
        "surface": null
      },
      "geometry": {
        "type": "LineString",
        "coordinates": [
          [
            139.762812,
            35.6834586
          ],
          [
            139.7628261,
            35.6835041
          ],
          [
            139.7628417,
            35.6835542
          ]
        ]
      }
    },
    {
      "type": "Feature",
      "properties": {
        "id": 671095359,
        "highway": "footway",
        "name": null,
        "access": null,
        "surface": "paving_stones"
      },
      "geometry": {
        "type": "LineString",
        "coordinates": [
          [
            139.7619703,
            35.6819021
          ],
          [
            139.761868,
            35.6819812
          ]
        ]
      }
    },
    {
      "type": "Feature",
      "properties": {
        "id": 671095360,
        "highway": "footway",
        "name": null,
        "access": null,
        "surface": "paving_stones"
      },
      "geometry": {
        "type": "LineString",
        "coordinates": [
          [
            139.7624619,
            35.6820216
          ],
          [
            139.7625066,
            35.6821549
          ],
          [
            139.7625519,
            35.6822853
          ]
        ]
      }
    },
    {
      "type": "Feature",
      "properties": {
        "id": 671095361,
        "highway": "footway",
        "name": null,
        "access": null,
        "surface": "paving_stones"
      },
      "geometry": {
        "type": "LineString",
        "coordinates": [
          [
            139.7625519,
            35.6822853
          ],
          [
            139.7625702,
            35.6823461
          ],
          [
            139.7625921,
            35.6824119
          ]
        ]
      }
    },
    {
      "type": "Feature",
      "properties": {
        "id": 671096496,
        "highway": "footway",
        "name": null,
        "access": null,
        "surface": "paving_stones"
      },
      "geometry": {
        "type": "LineString",
        "coordinates": [
          [
            139.762221,
            35.6807452
          ],
          [
            139.7622616,
            35.6807364
          ],
          [
            139.7622911,
            35.6807167
          ]
        ]
      }
    },
    {
      "type": "Feature",
      "properties": {
        "id": 671096497,
        "highway": "steps",
        "name": null,
        "access": null,
        "surface": "paving_stones"
      },
      "geometry": {
        "type": "LineString",
        "coordinates": [
          [
            139.7621089,
            35.6809377
          ],
          [
            139.7620445,
            35.6809524
          ]
        ]
      }
    },
    {
      "type": "Feature",
      "properties": {
        "id": 671096498,
        "highway": "footway",
        "name": null,
        "access": null,
        "surface": "paving_stones"
      },
      "geometry": {
        "type": "LineString",
        "coordinates": [
          [
            139.7628953,
            35.6807619
          ],
          [
            139.762937,
            35.6807517
          ],
          [
            139.7629561,
            35.6807192
          ]
        ]
      }
    },
    {
      "type": "Feature",
      "properties": {
        "id": 671096499,
        "highway": "footway",
        "name": null,
        "access": null,
        "surface": "paving_stones"
      },
      "geometry": {
        "type": "LineString",
        "coordinates": [
          [
            139.7629819,
            35.6807344
          ],
          [
            139.7630765,
            35.680716
          ],
          [
            139.763174,
            35.680697
          ]
        ]
      }
    },
    {
      "type": "Feature",
      "properties": {
        "id": 671096500,
        "highway": "footway",
        "name": null,
        "access": null,
        "surface": "paving_stones"
      },
      "geometry": {
        "type": "LineString",
        "coordinates": [
          [
            139.7629561,
            35.6807192
          ],
          [
            139.7629314,
            35.6806499
          ],
          [
            139.7629033,
            35.6805708
          ]
        ]
      }
    },
    {
      "type": "Feature",
      "properties": {
        "id": 671096501,
        "highway": "footway",
        "name": null,
        "access": null,
        "surface": "paving_stones"
      },
      "geometry": {
        "type": "LineString",
        "coordinates": [
          [
            139.7627455,
            35.6794235
          ],
          [
            139.7627778,
            35.6795454
          ],
          [
            139.7627967,
            35.6796159
          ]
        ]
      }
    },
    {
      "type": "Feature",
      "properties": {
        "id": 671096502,
        "highway": "footway",
        "name": null,
        "access": null,
        "surface": "asphalt"
      },
      "geometry": {
        "type": "LineString",
        "coordinates": [
          [
            139.7637194,
            35.6792512
          ],
          [
            139.7637464,
            35.6793406
          ],
          [
            139.7637689,
            35.6794153
          ]
        ]
      }
    },
    {
      "type": "Feature",
      "properties": {
        "id": 671096503,
        "highway": "footway",
        "name": null,
        "access": null,
        "surface": "paving_stones"
      },
      "geometry": {
        "type": "LineString",
        "coordinates": [
          [
            139.7627967,
            35.6796159
          ],
          [
            139.7628014,
            35.6796305
          ],
          [
            139.7630847,
            35.6805166
          ],
          [
            139.763123,
            35.6805344
          ],
          [
            139.7637313,
            35.6804027
          ],
          [
            139.7640487,
            35.680334
          ]
        ]
      }
    },
    {
      "type": "Feature",
      "properties": {
        "id": 671096504,
        "highway": "footway",
        "name": null,
        "access": null,
        "surface": "paving_stones"
      },
      "geometry": {
        "type": "LineString",
        "coordinates": [
          [
            139.7640487,
            35.680334
          ],
          [
            139.7640654,
            35.6802811
          ],
          [
            139.7639937,
            35.6800616
          ],
          [
            139.7638558,
            35.6796391
          ],
          [
            139.7637889,
            35.679434
          ],
          [
            139.7637689,
            35.6794153
          ]
        ]
      }
    },
    {
      "type": "Feature",
      "properties": {
        "id": 671096505,
        "highway": "footway",
        "name": null,
        "access": null,
        "surface": "paving_stones"
      },
      "geometry": {
        "type": "LineString",
        "coordinates": [
          [
            139.763123,
            35.6805344
          ],
          [
            139.7631445,
            35.680603
          ],
          [
            139.763174,
            35.680697
          ]
        ]
      }
    },
    {
      "type": "Feature",
      "properties": {
        "id": 671097382,
        "highway": "footway",
        "name": null,
        "access": null,
        "surface": null
      },
      "geometry": {
        "type": "LineString",
        "coordinates": [
          [
            139.7648852,
            35.6804928
          ],
          [
            139.7649143,
            35.6804647
          ]
        ]
      }
    },
    {
      "type": "Feature",
      "properties": {
        "id": 671097384,
        "highway": "footway",
        "name": null,
        "access": null,
        "surface": null
      },
      "geometry": {
        "type": "LineString",
        "coordinates": [
          [
            139.7649143,
            35.6804647
          ],
          [
            139.7649861,
            35.6804529
          ],
          [
            139.7650995,
            35.6804344
          ],
          [
            139.7651377,
            35.6804276
          ],
          [
            139.7651623,
            35.6804232
          ]
        ]
      }
    },
    {
      "type": "Feature",
      "properties": {
        "id": 671097386,
        "highway": "footway",
        "name": null,
        "access": null,
        "surface": null
      },
      "geometry": {
        "type": "LineString",
        "coordinates": [
          [
            139.7648852,
            35.6804928
          ],
          [
            139.7645573,
            35.6805656
          ],
          [
            139.7645126,
            35.6805752
          ],
          [
            139.7644454,
            35.6806116
          ]
        ]
      }
    },
    {
      "type": "Feature",
      "properties": {
        "id": 671109732,
        "highway": "footway",
        "name": "有楽町",
        "access": null,
        "surface": "asphalt"
      },
      "geometry": {
        "type": "LineString",
        "coordinates": [
          [
            139.7604555,
            35.6763602
          ],
          [
            139.7604521,
            35.6763532
          ],
          [
            139.760661,
            35.6763052
          ],
          [
            139.7608224,
            35.6762695
          ]
        ]
      }
    },
    {
      "type": "Feature",
      "properties": {
        "id": 671109733,
        "highway": "steps",
        "name": "有楽町",
        "access": null,
        "surface": "asphalt"
      },
      "geometry": {
        "type": "LineString",
        "coordinates": [
          [
            139.7608224,
            35.6762695
          ],
          [
            139.7610641,
            35.6762111
          ]
        ]
      }
    },
    {
      "type": "Feature",
      "properties": {
        "id": 671109734,
        "highway": "footway",
        "name": "有楽町",
        "access": null,
        "surface": "paving_stones"
      },
      "geometry": {
        "type": "LineString",
        "coordinates": [
          [
            139.7626231,
            35.6758906
          ],
          [
            139.762173,
            35.6759872
          ],
          [
            139.7620078,
            35.6760231
          ],
          [
            139.7617014,
            35.6760896
          ],
          [
            139.7613712,
            35.6761613
          ],
          [
            139.7604555,
            35.6763602
          ],
          [
            139.7603517,
            35.676383
          ]
        ]
      }
    },
    {
      "type": "Feature",
      "properties": {
        "id": 671109736,
        "highway": "footway",
        "name": "有楽町",
        "access": null,
        "surface": "asphalt"
      },
      "geometry": {
        "type": "LineString",
        "coordinates": [
          [
            139.7622425,
            35.6762245
          ],
          [
            139.762173,
            35.6759872
          ]
        ]
      }
    },
    {
      "type": "Feature",
      "properties": {
        "id": 671109737,
        "highway": "footway",
        "name": "有楽町",
        "access": null,
        "surface": "asphalt"
      },
      "geometry": {
        "type": "LineString",
        "coordinates": [
          [
            139.761441,
            35.6763964
          ],
          [
            139.7613712,
            35.6761613
          ]
        ]
      }
    },
    {
      "type": "Feature",
      "properties": {
        "id": 671113030,
        "highway": "footway",
        "name": null,
        "access": null,
        "surface": "asphalt"
      },
      "geometry": {
        "type": "LineString",
        "coordinates": [
          [
            139.7629794,
            35.6769579
          ],
          [
            139.7629595,
            35.6768956
          ],
          [
            139.7629448,
            35.6768499
          ]
        ]
      }
    },
    {
      "type": "Feature",
      "properties": {
        "id": 671113032,
        "highway": "footway",
        "name": null,
        "access": null,
        "surface": "asphalt"
      },
      "geometry": {
        "type": "LineString",
        "coordinates": [
          [
            139.7630093,
            35.6769728
          ],
          [
            139.7630816,
            35.6769551
          ],
          [
            139.7631828,
            35.6769303
          ]
        ]
      }
    },
    {
      "type": "Feature",
      "properties": {
        "id": 671113035,
        "highway": "footway",
        "name": null,
        "access": null,
        "surface": "asphalt"
      },
      "geometry": {
        "type": "LineString",
        "coordinates": [
          [
            139.7629653,
            35.6768265
          ],
          [
            139.7630328,
            35.6768086
          ],
          [
            139.7631352,
            35.6767814
          ]
        ]
      }
    },
    {
      "type": "Feature",
      "properties": {
        "id": 671113103,
        "highway": "footway",
        "name": null,
        "access": null,
        "surface": "paving_stones"
      },
      "geometry": {
        "type": "LineString",
        "coordinates": [
          [
            139.7625812,
            35.679641
          ],
          [
            139.7625612,
            35.6795922
          ],
          [
            139.7625225,
            35.6794979
          ]
        ]
      }
    },
    {
      "type": "Feature",
      "properties": {
        "id": 671113105,
        "highway": "footway",
        "name": null,
        "access": null,
        "surface": "paving_stones"
      },
      "geometry": {
        "type": "LineString",
        "coordinates": [
          [
            139.7625321,
            35.6794851
          ],
          [
            139.7626572,
            35.679449
          ],
          [
            139.7627455,
            35.6794235
          ]
        ]
      }
    },
    {
      "type": "Feature",
      "properties": {
        "id": 671113107,
        "highway": "footway",
        "name": null,
        "access": null,
        "surface": "paving_stones"
      },
      "geometry": {
        "type": "LineString",
        "coordinates": [
          [
            139.7626452,
            35.6796627
          ],
          [
            139.7627226,
            35.6796468
          ],
          [
            139.7628014,
            35.6796305
          ]
        ]
      }
    },
    {
      "type": "Feature",
      "properties": {
        "id": 671116814,
        "highway": "footway",
        "name": null,
        "access": null,
        "surface": "paving_stones"
      },
      "geometry": {
        "type": "LineString",
        "coordinates": [
          [
            139.7645183,
            35.6848751
          ],
          [
            139.7642587,
            35.6840993
          ],
          [
            139.7640069,
            35.6833508
          ]
        ]
      }
    },
    {
      "type": "Feature",
      "properties": {
        "id": 671119749,
        "highway": "footway",
        "name": null,
        "access": null,
        "surface": "asphalt"
      },
      "geometry": {
        "type": "LineString",
        "coordinates": [
          [
            139.7627385,
            35.6837454
          ],
          [
            139.7626899,
            35.6837543
          ],
          [
            139.7626413,
            35.6837632
          ]
        ]
      }
    },
    {
      "type": "Feature",
      "properties": {
        "id": 671176174,
        "highway": "footway",
        "name": "東京駅(改札外)",
        "access": null,
        "surface": "paving_stones"
      },
      "geometry": {
        "type": "LineString",
        "coordinates": [
          [
            139.7674244,
            35.6841555
          ],
          [
            139.7674066,
            35.6841124
          ],
          [
            139.7673674,
            35.6840259
          ],
          [
            139.7670898,
            35.683497
          ],
          [
            139.7669108,
            35.6831588
          ],
          [
            139.766559,
            35.6828613
          ],
          [
            139.7664135,
            35.6827351
          ],
          [
            139.7662787,
            35.6826138
          ],
          [
            139.7660684,
            35.6824248
          ]
        ]
      }
    },
    {
      "type": "Feature",
      "properties": {
        "id": 682973089,
        "highway": "footway",
        "name": null,
        "access": null,
        "surface": "paving_stones"
      },
      "geometry": {
        "type": "LineString",
        "coordinates": [
          [
            139.7623341,
            35.6781701
          ],
          [
            139.7624022,
            35.678204
          ],
          [
            139.7624368,
            35.6781963
          ],
          [
            139.7629788,
            35.6780504
          ],
          [
            139.7630585,
            35.6780329
          ],
          [
            139.7631413,
            35.6780806
          ],
          [
            139.7633979,
            35.6780252
          ],
          [
            139.7636397,
            35.6779731
          ]
        ]
      }
    },
    {
      "type": "Feature",
      "properties": {
        "id": 682973091,
        "highway": "footway",
        "name": null,
        "access": null,
        "surface": "asphalt"
      },
      "geometry": {
        "type": "LineString",
        "coordinates": [
          [
            139.7637068,
            35.6792107
          ],
          [
            139.7638272,
            35.6791846
          ],
          [
            139.7639263,
            35.6791631
          ]
        ]
      }
    },
    {
      "type": "Feature",
      "properties": {
        "id": 682973092,
        "highway": "steps",
        "name": null,
        "access": null,
        "surface": "concrete"
      },
      "geometry": {
        "type": "LineString",
        "coordinates": [
          [
            139.7641881,
            35.6775601
          ],
          [
            139.7642395,
            35.6777162
          ]
        ]
      }
    },
    {
      "type": "Feature",
      "properties": {
        "id": 682973093,
        "highway": "footway",
        "name": null,
        "access": "no",
        "surface": "concrete"
      },
      "geometry": {
        "type": "LineString",
        "coordinates": [
          [
            139.7638379,
            35.6779304
          ],
          [
            139.7639016,
            35.6781283
          ],
          [
            139.7639433,
            35.6781218
          ]
        ]
      }
    },
    {
      "type": "Feature",
      "properties": {
        "id": 682973094,
        "highway": "footway",
        "name": null,
        "access": null,
        "surface": null
      },
      "geometry": {
        "type": "LineString",
        "coordinates": [
          [
            139.7674892,
            35.6801948
          ],
          [
            139.7676542,
            35.680614
          ],
          [
            139.7679455,
            35.6805484
          ]
        ]
      }
    },
    {
      "type": "Feature",
      "properties": {
        "id": 682973095,
        "highway": "footway",
        "name": null,
        "access": null,
        "surface": null
      },
      "geometry": {
        "type": "LineString",
        "coordinates": [
          [
            139.76668,
            35.6778453
          ],
          [
            139.7666157,
            35.6777955
          ],
          [
            139.7663715,
            35.6775794
          ],
          [
            139.7663487,
            35.6775154
          ]
        ]
      }
    },
    {
      "type": "Feature",
      "properties": {
        "id": 682977071,
        "highway": "footway",
        "name": "グランスタ八重洲 (グランルーフ フロント)",
        "access": null,
        "surface": "concrete"
      },
      "geometry": {
        "type": "LineString",
        "coordinates": [
          [
            139.7677326,
            35.6789364
          ],
          [
            139.7671322,
            35.6779697
          ],
          [
            139.76668,
            35.6778453
          ],
          [
            139.7664307,
            35.6777565
          ]
        ]
      }
    },
    {
      "type": "Feature",
      "properties": {
        "id": 682979559,
        "highway": "steps",
        "name": null,
        "access": null,
        "surface": "paving_stones"
      },
      "geometry": {
        "type": "LineString",
        "coordinates": [
          [
            139.764151,
            35.6802697
          ],
          [
            139.7641365,
            35.6802229
          ]
        ]
      }
    },
    {
      "type": "Feature",
      "properties": {
        "id": 682979560,
        "highway": "footway",
        "name": null,
        "access": null,
        "surface": "paving_stones"
      },
      "geometry": {
        "type": "LineString",
        "coordinates": [
          [
            139.764123,
            35.6801791
          ],
          [
            139.7639775,
            35.6797235
          ],
          [
            139.7639682,
            35.6796951
          ],
          [
            139.7636594,
            35.6787557
          ],
          [
            139.7635563,
            35.6784564
          ],
          [
            139.7634699,
            35.678243
          ],
          [
            139.7633979,
            35.6780252
          ]
        ]
      }
    },
    {
      "type": "Feature",
      "properties": {
        "id": 682979561,
        "highway": "footway",
        "name": "東京駅(改札外)",
        "access": null,
        "surface": "concrete"
      },
      "geometry": {
        "type": "LineString",
        "coordinates": [
          [
            139.7645963,
            35.6816788
          ],
          [
            139.7644671,
            35.6812635
          ],
          [
            139.7643383,
            35.6808771
          ]
        ]
      }
    },
    {
      "type": "Feature",
      "properties": {
        "id": 682981745,
        "highway": "footway",
        "name": "南通路",
        "access": null,
        "surface": null
      },
      "geometry": {
        "type": "LineString",
        "coordinates": [
          [
            139.7667395,
            35.6803547
          ],
          [
            139.7667909,
            35.6803418
          ],
          [
            139.7672158,
            35.6802275
          ],
          [
            139.7672181,
            35.6801295
          ],
          [
            139.7674707,
            35.6800632
          ]
        ]
      }
    },
    {
      "type": "Feature",
      "properties": {
        "id": 682981746,
        "highway": "footway",
        "name": null,
        "access": null,
        "surface": null
      },
      "geometry": {
        "type": "LineString",
        "coordinates": [
          [
            139.768658,
            35.6807452
          ],
          [
            139.768578,
            35.6807736
          ],
          [
            139.7683754,
            35.6803773
          ],
          [
            139.7682501,
            35.680106
          ],
          [
            139.7681482,
            35.6798851
          ],
          [
            139.7680351,
            35.6796526
          ],
          [
            139.7677459,
            35.679021
          ]
        ]
      }
    },
    {
      "type": "Feature",
      "properties": {
        "id": 682981747,
        "highway": "footway",
        "name": "北通路",
        "access": null,
        "surface": null
      },
      "geometry": {
        "type": "LineString",
        "coordinates": [
          [
            139.7674311,
            35.6819611
          ],
          [
            139.7673892,
            35.6819718
          ],
          [
            139.7672945,
            35.6819961
          ],
          [
            139.7671888,
            35.6820232
          ],
          [
            139.7670041,
            35.6820705
          ],
          [
            139.7669065,
            35.6820955
          ],
          [
            139.7668243,
            35.6821165
          ],
          [
            139.7667542,
            35.6821345
          ],
          [
            139.7666968,
            35.6821492
          ],
          [
            139.7666712,
            35.6821557
          ],
          [
            139.7666085,
            35.6821716
          ]
        ]
      }
    },
    {
      "type": "Feature",
      "properties": {
        "id": 682988752,
        "highway": "footway",
        "name": "京葉ストリート 1F",
        "access": null,
        "surface": null
      },
      "geometry": {
        "type": "LineString",
        "coordinates": [
          [
            139.7672181,
            35.6801295
          ],
          [
            139.7669111,
            35.6794467
          ],
          [
            139.7668953,
            35.6794131
          ]
        ]
      }
    },
    {
      "type": "Feature",
      "properties": {
        "id": 682988754,
        "highway": "footway",
        "name": "京葉地下通路 (地下3階)",
        "access": null,
        "surface": null
      },
      "geometry": {
        "type": "LineString",
        "coordinates": [
          [
            139.7667765,
            35.6792438
          ],
          [
            139.7664187,
            35.6784998
          ],
          [
            139.7660931,
            35.6781213
          ],
          [
            139.7658735,
            35.6777341
          ]
        ]
      }
    },
    {
      "type": "Feature",
      "properties": {
        "id": 688452596,
        "highway": "footway",
        "name": null,
        "access": null,
        "surface": "asphalt"
      },
      "geometry": {
        "type": "LineString",
        "coordinates": [
          [
            139.7673718,
            35.6774025
          ],
          [
            139.7672439,
            35.6774206
          ],
          [
            139.7670911,
            35.6774467
          ],
          [
            139.7669776,
            35.6774653
          ]
        ]
      }
    },
    {
      "type": "Feature",
      "properties": {
        "id": 688452597,
        "highway": "footway",
        "name": null,
        "access": null,
        "surface": "paving_stones"
      },
      "geometry": {
        "type": "LineString",
        "coordinates": [
          [
            139.7669776,
            35.6774653
          ],
          [
            139.7670722,
            35.6776108
          ],
          [
            139.7674104,
            35.678131
          ],
          [
            139.7674188,
            35.678144
          ],
          [
            139.7674907,
            35.6782609
          ],
          [
            139.7677272,
            35.6786788
          ],
          [
            139.7678343,
            35.6788505
          ],
          [
            139.7677336,
            35.6789937
          ],
          [
            139.7677459,
            35.679021
          ]
        ]
      }
    },
    {
      "type": "Feature",
      "properties": {
        "id": 690984465,
        "highway": "footway",
        "name": null,
        "access": null,
        "surface": null
      },
      "geometry": {
        "type": "LineString",
        "coordinates": [
          [
            139.7625162,
            35.6837058
          ],
          [
            139.7626506,
            35.6841865
          ]
        ]
      }
    },
    {
      "type": "Feature",
      "properties": {
        "id": 690984466,
        "highway": "footway",
        "name": null,
        "access": null,
        "surface": null
      },
      "geometry": {
        "type": "LineString",
        "coordinates": [
          [
            139.7624746,
            35.6834367
          ],
          [
            139.7624375,
            35.6834444
          ]
        ]
      }
    },
    {
      "type": "Feature",
      "properties": {
        "id": 690984467,
        "highway": "footway",
        "name": null,
        "access": null,
        "surface": null
      },
      "geometry": {
        "type": "LineString",
        "coordinates": [
          [
            139.7627851,
            35.683372
          ],
          [
            139.7627386,
            35.6833817
          ]
        ]
      }
    },
    {
      "type": "Feature",
      "properties": {
        "id": 690984468,
        "highway": "footway",
        "name": null,
        "access": null,
        "surface": null
      },
      "geometry": {
        "type": "LineString",
        "coordinates": [
          [
            139.7628417,
            35.6835542
          ],
          [
            139.7628533,
            35.6835916
          ]
        ]
      }
    },
    {
      "type": "Feature",
      "properties": {
        "id": 690984469,
        "highway": "footway",
        "name": null,
        "access": null,
        "surface": null
      },
      "geometry": {
        "type": "LineString",
        "coordinates": [
          [
            139.7628007,
            35.683422
          ],
          [
            139.762812,
            35.6834586
          ]
        ]
      }
    },
    {
      "type": "Feature",
      "properties": {
        "id": 690984470,
        "highway": "footway",
        "name": null,
        "access": null,
        "surface": null
      },
      "geometry": {
        "type": "LineString",
        "coordinates": [
          [
            139.7625504,
            35.6836988
          ],
          [
            139.7625162,
            35.6837058
          ]
        ]
      }
    },
    {
      "type": "Feature",
      "properties": {
        "id": 690984471,
        "highway": "footway",
        "name": null,
        "access": null,
        "surface": null
      },
      "geometry": {
        "type": "LineString",
        "coordinates": [
          [
            139.7628665,
            35.6836339
          ],
          [
            139.762819,
            35.6836436
          ]
        ]
      }
    },
    {
      "type": "Feature",
      "properties": {
        "id": 690984472,
        "highway": "footway",
        "name": null,
        "access": null,
        "surface": null
      },
      "geometry": {
        "type": "LineString",
        "coordinates": [
          [
            139.7628665,
            35.6836339
          ],
          [
            139.7629183,
            35.6838208
          ],
          [
            139.7630605,
            35.6843339
          ],
          [
            139.7631039,
            35.6844904
          ],
          [
            139.7632715,
            35.6850927
          ]
        ]
      }
    },
    {
      "type": "Feature",
      "properties": {
        "id": 690984473,
        "highway": "footway",
        "name": null,
        "access": null,
        "surface": "paving_stones"
      },
      "geometry": {
        "type": "LineString",
        "coordinates": [
          [
            139.7638708,
            35.6833757
          ],
          [
            139.7641116,
            35.684111
          ],
          [
            139.7643716,
            35.6849047
          ]
        ]
      }
    },
    {
      "type": "Feature",
      "properties": {
        "id": 690984474,
        "highway": "footway",
        "name": null,
        "access": null,
        "surface": null
      },
      "geometry": {
        "type": "LineString",
        "coordinates": [
          [
            139.7639805,
            35.6833557
          ],
          [
            139.7640069,
            35.6833508
          ]
        ]
      }
    },
    {
      "type": "Feature",
      "properties": {
        "id": 690984475,
        "highway": "footway",
        "name": null,
        "access": null,
        "surface": null
      },
      "geometry": {
        "type": "LineString",
        "coordinates": [
          [
            139.7638708,
            35.6833757
          ],
          [
            139.7638972,
            35.6833709
          ]
        ]
      }
    },
    {
      "type": "Feature",
      "properties": {
        "id": 690984476,
        "highway": "footway",
        "name": null,
        "access": null,
        "surface": "paving_stones"
      },
      "geometry": {
        "type": "LineString",
        "coordinates": [
          [
            139.7640069,
            35.6833508
          ],
          [
            139.7640199,
            35.6833361
          ]
        ]
      }
    },
    {
      "type": "Feature",
      "properties": {
        "id": 690984477,
        "highway": "footway",
        "name": null,
        "access": null,
        "surface": "asphalt"
      },
      "geometry": {
        "type": "LineString",
        "coordinates": [
          [
            139.7638972,
            35.6833709
          ],
          [
            139.7639436,
            35.6833624
          ],
          [
            139.7639805,
            35.6833557
          ]
        ]
      }
    },
    {
      "type": "Feature",
      "properties": {
        "id": 690984478,
        "highway": "footway",
        "name": null,
        "access": null,
        "surface": "paving_stones"
      },
      "geometry": {
        "type": "LineString",
        "coordinates": [
          [
            139.7649822,
            35.6830987
          ],
          [
            139.764965,
            35.6830473
          ],
          [
            139.7649488,
            35.6829995
          ]
        ]
      }
    },
    {
      "type": "Feature",
      "properties": {
        "id": 690984479,
        "highway": "footway",
        "name": null,
        "access": null,
        "surface": "paving_stones"
      },
      "geometry": {
        "type": "LineString",
        "coordinates": [
          [
            139.7650081,
            35.6831456
          ],
          [
            139.7649914,
            35.6831317
          ]
        ]
      }
    },
    {
      "type": "Feature",
      "properties": {
        "id": 690984481,
        "highway": "footway",
        "name": null,
        "access": null,
        "surface": null
      },
      "geometry": {
        "type": "LineString",
        "coordinates": [
          [
            139.7652545,
            35.6830854
          ],
          [
            139.7652484,
            35.6830677
          ],
          [
            139.7653142,
            35.6829858
          ],
          [
            139.7653326,
            35.6829629
          ]
        ]
      }
    },
    {
      "type": "Feature",
      "properties": {
        "id": 690984482,
        "highway": "footway",
        "name": null,
        "access": null,
        "surface": null
      },
      "geometry": {
        "type": "LineString",
        "coordinates": [
          [
            139.7652199,
            35.6830931
          ],
          [
            139.7652545,
            35.6830854
          ]
        ]
      }
    },
    {
      "type": "Feature",
      "properties": {
        "id": 690984483,
        "highway": "footway",
        "name": null,
        "access": null,
        "surface": "paving_stones"
      },
      "geometry": {
        "type": "LineString",
        "coordinates": [
          [
            139.7650081,
            35.6831456
          ],
          [
            139.7650411,
            35.6831372
          ]
        ]
      }
    },
    {
      "type": "Feature",
      "properties": {
        "id": 690984484,
        "highway": "footway",
        "name": null,
        "access": null,
        "surface": "asphalt"
      },
      "geometry": {
        "type": "LineString",
        "coordinates": [
          [
            139.7650411,
            35.6831372
          ],
          [
            139.7651372,
            35.6831127
          ],
          [
            139.7652199,
            35.6830931
          ]
        ]
      }
    },
    {
      "type": "Feature",
      "properties": {
        "id": 690984485,
        "highway": "footway",
        "name": null,
        "access": null,
        "surface": "paving_stones"
      },
      "geometry": {
        "type": "LineString",
        "coordinates": [
          [
            139.7673716,
            35.6842189
          ],
          [
            139.7673345,
            35.6842644
          ],
          [
            139.7670373,
            35.6843291
          ],
          [
            139.7667456,
            35.6843928
          ],
          [
            139.7666518,
            35.6844132
          ],
          [
            139.765901,
            35.6845768
          ],
          [
            139.7658351,
            35.6845912
          ],
          [
            139.7657701,
            35.6845666
          ],
          [
            139.7652545,
            35.6830854
          ]
        ]
      }
    },
    {
      "type": "Feature",
      "properties": {
        "id": 691006207,
        "highway": "footway",
        "name": null,
        "access": null,
        "surface": "asphalt"
      },
      "geometry": {
        "type": "LineString",
        "coordinates": [
          [
            139.7588734,
            35.6817217
          ],
          [
            139.7588705,
            35.6817763
          ],
          [
            139.7588584,
            35.6818123
          ],
          [
            139.7588477,
            35.6818352
          ],
          [
            139.7588382,
            35.681857
          ],
          [
            139.7576071,
            35.6821391
          ],
          [
            139.7575173,
            35.6821587
          ],
          [
            139.7574623,
            35.682163
          ],
          [
            139.757418,
            35.6821532
          ],
          [
            139.7574061,
            35.6821471
          ],
          [
            139.7573443,
            35.6821118
          ],
          [
            139.7573054,
            35.6820813
          ],
          [
            139.7572826,
            35.6820498
          ],
          [
            139.7564457,
            35.6804408
          ],
          [
            139.7564296,
            35.6803972
          ],
          [
            139.756427,
            35.6803754
          ],
          [
            139.756427,
            35.6803471
          ],
          [
            139.756431,
            35.6803057
          ],
          [
            139.7564444,
            35.6802676
          ],
          [
            139.7564752,
            35.6802229
          ],
          [
            139.7565114,
            35.6801946
          ],
          [
            139.756557,
            35.6801706
          ],
          [
            139.7572115,
            35.6799549
          ],
          [
            139.7573094,
            35.6799462
          ],
          [
            139.7573805,
            35.6799408
          ],
          [
            139.7574489,
            35.6799419
          ],
          [
            139.7575146,
            35.6799462
          ],
          [
            139.757583,
            35.6799517
          ],
          [
            139.757651,
            35.6799916
          ],
          [
            139.7577184,
            35.6800181
          ],
          [
            139.7577707,
            35.6800475
          ],
          [
            139.757824,
            35.6800782
          ]
        ]
      }
    },
    {
      "type": "Feature",
      "properties": {
        "id": 691006217,
        "highway": "footway",
        "name": null,
        "access": null,
        "surface": "paving_stones"
      },
      "geometry": {
        "type": "LineString",
        "coordinates": [
          [
            139.7598528,
            35.6789081
          ],
          [
            139.7598663,
            35.6789979
          ]
        ]
      }
    },
    {
      "type": "Feature",
      "properties": {
        "id": 691006218,
        "highway": "footway",
        "name": null,
        "access": null,
        "surface": "paving_stones"
      },
      "geometry": {
        "type": "LineString",
        "coordinates": [
          [
            139.7597274,
            35.6785322
          ],
          [
            139.759765,
            35.6786428
          ]
        ]
      }
    },
    {
      "type": "Feature",
      "properties": {
        "id": 691006219,
        "highway": "footway",
        "name": null,
        "access": null,
        "surface": "asphalt"
      },
      "geometry": {
        "type": "LineString",
        "coordinates": [
          [
            139.759765,
            35.6786428
          ],
          [
            139.7597865,
            35.6787077
          ],
          [
            139.7598325,
            35.6788466
          ],
          [
            139.7598528,
            35.6789081
          ]
        ]
      }
    },
    {
      "type": "Feature",
      "properties": {
        "id": 691006220,
        "highway": "pedestrian",
        "name": null,
        "access": null,
        "surface": "paving_stones"
      },
      "geometry": {
        "type": "LineString",
        "coordinates": [
          [
            139.7600655,
            35.6785794
          ],
          [
            139.7597904,
            35.678639
          ],
          [
            139.759765,
            35.6786428
          ],
          [
            139.7597355,
            35.6786401
          ],
          [
            139.7597086,
            35.6786292
          ],
          [
            139.7596872,
            35.6786166
          ],
          [
            139.7596617,
            35.6785987
          ],
          [
            139.7596449,
            35.6785796
          ],
          [
            139.7596342,
            35.6785535
          ],
          [
            139.7596238,
            35.6785274
          ],
          [
            139.7596161,
            35.678507
          ],
          [
            139.7600406,
            35.678402
          ],
          [
            139.7605227,
            35.6782906
          ],
          [
            139.7605422,
            35.6783529
          ],
          [
            139.760556,
            35.6783981
          ],
          [
            139.7600449,
            35.6785078
          ],
          [
            139.7600655,
            35.6785794
          ]
        ]
      }
    },
    {
      "type": "Feature",
      "properties": {
        "id": 691006221,
        "highway": "footway",
        "name": null,
        "access": null,
        "surface": "paving_stones"
      },
      "geometry": {
        "type": "LineString",
        "coordinates": [
          [
            139.7575951,
            35.6792022
          ],
          [
            139.7576671,
            35.6791803
          ]
        ]
      }
    },
    {
      "type": "Feature",
      "properties": {
        "id": 691006222,
        "highway": "footway",
        "name": null,
        "access": null,
        "surface": "paving_stones"
      },
      "geometry": {
        "type": "LineString",
        "coordinates": [
          [
            139.7573135,
            35.679294
          ],
          [
            139.7573416,
            35.6792835
          ]
        ]
      }
    },
    {
      "type": "Feature",
      "properties": {
        "id": 691006223,
        "highway": "footway",
        "name": null,
        "access": null,
        "surface": null
      },
      "geometry": {
        "type": "LineString",
        "coordinates": [
          [
            139.7612332,
            35.6786232
          ],
          [
            139.7612223,
            35.6785898
          ]
        ]
      }
    },
    {
      "type": "Feature",
      "properties": {
        "id": 691006224,
        "highway": "footway",
        "name": null,
        "access": null,
        "surface": "asphalt"
      },
      "geometry": {
        "type": "LineString",
        "coordinates": [
          [
            139.761147,
            35.6783601
          ],
          [
            139.7611675,
            35.6784228
          ]
        ]
      }
    },
    {
      "type": "Feature",
      "properties": {
        "id": 691006225,
        "highway": "footway",
        "name": null,
        "access": null,
        "surface": "paving_stones"
      },
      "geometry": {
        "type": "LineString",
        "coordinates": [
          [
            139.7607373,
            35.6784314
          ],
          [
            139.7607164,
            35.6783697
          ]
        ]
      }
    },
    {
      "type": "Feature",
      "properties": {
        "id": 691006226,
        "highway": "footway",
        "name": null,
        "access": null,
        "surface": null
      },
      "geometry": {
        "type": "LineString",
        "coordinates": [
          [
            139.7608399,
            35.6787356
          ],
          [
            139.7608286,
            35.6787019
          ]
        ]
      }
    },
    {
      "type": "Feature",
      "properties": {
        "id": 691006234,
        "highway": "footway",
        "name": null,
        "access": null,
        "surface": null
      },
      "geometry": {
        "type": "LineString",
        "coordinates": [
          [
            139.7588626,
            35.6772628
          ],
          [
            139.7587488,
            35.677391
          ],
          [
            139.7586911,
            35.6774593
          ]
        ]
      }
    },
    {
      "type": "Feature",
      "properties": {
        "id": 691006235,
        "highway": "footway",
        "name": null,
        "access": null,
        "surface": "asphalt"
      },
      "geometry": {
        "type": "LineString",
        "coordinates": [
          [
            139.7573986,
            35.6776307
          ],
          [
            139.7574717,
            35.6776041
          ],
          [
            139.7580584,
            35.6774249
          ],
          [
            139.7581744,
            35.677402
          ],
          [
            139.7582696,
            35.6773954
          ],
          [
            139.7583903,
            35.6774036
          ],
          [
            139.758513,
            35.6774205
          ],
          [
            139.7586311,
            35.6774494
          ],
          [
            139.7586847,
            35.6774762
          ],
          [
            139.7587477,
            35.6775011
          ],
          [
            139.7588175,
            35.6775327
          ],
          [
            139.7588912,
            35.6775894
          ],
          [
            139.758963,
            35.6776542
          ],
          [
            139.75902,
            35.6777168
          ],
          [
            139.7590716,
            35.6777833
          ],
          [
            139.7591165,
            35.6778584
          ],
          [
            139.7591507,
            35.6779309
          ],
          [
            139.7591829,
            35.6780278
          ],
          [
            139.759195,
            35.6780937
          ],
          [
            139.7591903,
            35.6781798
          ]
        ]
      }
    },
    {
      "type": "Feature",
      "properties": {
        "id": 691006237,
        "highway": "pedestrian",
        "name": null,
        "access": null,
        "surface": "paving_stones"
      },
      "geometry": {
        "type": "LineString",
        "coordinates": [
          [
            139.7577623,
            35.6792005
          ],
          [
            139.7577359,
            35.6791568
          ],
          [
            139.7576796,
            35.6790644
          ],
          [
            139.7577292,
            35.6790796
          ],
          [
            139.7577661,
            35.6790889
          ],
          [
            139.7578029,
            35.6790911
          ],
          [
            139.7578338,
            35.679084
          ],
          [
            139.7583481,
            35.6789048
          ],
          [
            139.7583868,
            35.6788907
          ],
          [
            139.7584299,
            35.6788776
          ],
          [
            139.7593089,
            35.6785656
          ],
          [
            139.7593231,
            35.6785605
          ],
          [
            139.7593372,
            35.6785878
          ],
          [
            139.7593445,
            35.6785861
          ],
          [
            139.7593545,
            35.6785838
          ],
          [
            139.7593604,
            35.6786017
          ],
          [
            139.7593693,
            35.6786357
          ],
          [
            139.7593714,
            35.6786749
          ],
          [
            139.75937,
            35.6787125
          ],
          [
            139.7593559,
            35.678749
          ],
          [
            139.7593291,
            35.6787915
          ],
          [
            139.7592956,
            35.6788165
          ],
          [
            139.7592574,
            35.6788334
          ],
          [
            139.7592088,
            35.6788458
          ],
          [
            139.7591615,
            35.6787498
          ],
          [
            139.7590959,
            35.6787413
          ],
          [
            139.7584577,
            35.678961
          ],
          [
            139.7585181,
            35.679089
          ],
          [
            139.7584812,
            35.679099
          ],
          [
            139.7584472,
            35.6791082
          ],
          [
            139.7583921,
            35.6789823
          ],
          [
            139.7577623,
            35.6792005
          ]
        ]
      }
    },
    {
      "type": "Feature",
      "properties": {
        "id": 691006238,
        "highway": "footway",
        "name": null,
        "access": null,
        "surface": "asphalt"
      },
      "geometry": {
        "type": "LineString",
        "coordinates": [
          [
            139.7584276,
            35.6780208
          ],
          [
            139.7584632,
            35.6780269
          ],
          [
            139.7584995,
            35.6780261
          ],
          [
            139.7585347,
            35.6780186
          ],
          [
            139.7585667,
            35.6780046
          ],
          [
            139.758594,
            35.6779851
          ],
          [
            139.7586149,
            35.6779609
          ],
          [
            139.7586228,
            35.677945
          ],
          [
            139.7586284,
            35.6779335
          ],
          [
            139.7586338,
            35.6779043
          ],
          [
            139.7586308,
            35.6778749
          ],
          [
            139.7586195,
            35.6778469
          ],
          [
            139.7586005,
            35.6778217
          ],
          [
            139.7585749,
            35.6778007
          ],
          [
            139.7585587,
            35.6777925
          ],
          [
            139.758544,
            35.6777851
          ],
          [
            139.7585095,
            35.6777758
          ],
          [
            139.7584733,
            35.6777731
          ],
          [
            139.7584374,
            35.6777773
          ],
          [
            139.7584035,
            35.6777881
          ],
          [
            139.7583737,
            35.6778049
          ],
          [
            139.7583494,
            35.6778269
          ],
          [
            139.7583321,
            35.6778529
          ],
          [
            139.7583225,
            35.6778814
          ],
          [
            139.7583214,
            35.6779109
          ],
          [
            139.7583286,
            35.6779398
          ],
          [
            139.7583438,
            35.6779666
          ],
          [
            139.7583663,
            35.6779898
          ],
          [
            139.7583947,
            35.6780082
          ],
          [
            139.7584276,
            35.6780208
          ]
        ]
      }
    },
    {
      "type": "Feature",
      "properties": {
        "id": 691006239,
        "highway": "pedestrian",
        "name": null,
        "access": null,
        "surface": null
      },
      "geometry": {
        "type": "LineString",
        "coordinates": [
          [
            139.7605794,
            35.678472
          ],
          [
            139.7607051,
            35.6784451
          ],
          [
            139.7607373,
            35.6784314
          ],
          [
            139.7607647,
            35.6784051
          ],
          [
            139.7607725,
            35.6783816
          ],
          [
            139.7607693,
            35.6783579
          ],
          [
            139.7607487,
            35.6783002
          ],
          [
            139.7607101,
            35.678176
          ],
          [
            139.7600982,
            35.6764217
          ],
          [
            139.7600513,
            35.6762826
          ],
          [
            139.7597529,
            35.6754743
          ],
          [
            139.7597348,
            35.6754487
          ],
          [
            139.759712,
            35.6754247
          ],
          [
            139.7596798,
            35.6754078
          ],
          [
            139.759653,
            35.6753991
          ],
          [
            139.7596107,
            35.6753942
          ],
          [
            139.759592,
            35.6753953
          ],
          [
            139.759569,
            35.6753984
          ],
          [
            139.7595289,
            35.6754062
          ],
          [
            139.7594907,
            35.6754198
          ],
          [
            139.7591011,
            35.6755658
          ],
          [
            139.7587249,
            35.6757074
          ],
          [
            139.7582623,
            35.6758855
          ],
          [
            139.7562452,
            35.6767227
          ],
          [
            139.7561996,
            35.6767511
          ],
          [
            139.7561835,
            35.6767663
          ],
          [
            139.7561723,
            35.6767788
          ],
          [
            139.756154,
            35.6768017
          ],
          [
            139.75614,
            35.6768175
          ],
          [
            139.7561369,
            35.6768404
          ],
          [
            139.7561384,
            35.6768547
          ],
          [
            139.756145,
            35.6768799
          ],
          [
            139.75615,
            35.6768951
          ],
          [
            139.7561661,
            35.6769172
          ],
          [
            139.7565886,
            35.6775817
          ],
          [
            139.756598,
            35.6775861
          ],
          [
            139.7566087,
            35.6775876
          ],
          [
            139.7566304,
            35.6775854
          ],
          [
            139.7566386,
            35.6775838
          ],
          [
            139.7566401,
            35.6775525
          ],
          [
            139.7566228,
            35.6775504
          ],
          [
            139.7566117,
            35.6775463
          ],
          [
            139.7565936,
            35.6775392
          ],
          [
            139.7565882,
            35.6775308
          ],
          [
            139.7561903,
            35.6768992
          ],
          [
            139.7561903,
            35.6768401
          ],
          [
            139.7562017,
            35.6768063
          ],
          [
            139.7562251,
            35.6767817
          ],
          [
            139.7562389,
            35.6767752
          ],
          [
            139.7578985,
            35.6760748
          ],
          [
            139.7582834,
            35.675919
          ],
          [
            139.7587454,
            35.675733
          ],
          [
            139.7595816,
            35.675431
          ],
          [
            139.7596161,
            35.6754242
          ],
          [
            139.7596862,
            35.6754601
          ],
          [
            139.7597083,
            35.6754841
          ],
          [
            139.7600612,
            35.6764308
          ],
          [
            139.7603247,
            35.6771642
          ],
          [
            139.7605208,
            35.6777321
          ],
          [
            139.7606474,
            35.6781011
          ],
          [
            139.7606571,
            35.6781398
          ],
          [
            139.7606545,
            35.6781828
          ],
          [
            139.7606296,
            35.6782359
          ],
          [
            139.7606048,
            35.6782601
          ],
          [
            139.7605777,
            35.6782727
          ],
          [
            139.7605499,
            35.6782836
          ],
          [
            139.7605227,
            35.6782906
          ],
          [
            139.7605422,
            35.6783529
          ],
          [
            139.760556,
            35.6783981
          ],
          [
            139.7605794,
            35.678472
          ]
        ]
      }
    },
    {
      "type": "Feature",
      "properties": {
        "id": 691006240,
        "highway": "footway",
        "name": null,
        "access": null,
        "surface": "paving_stones"
      },
      "geometry": {
        "type": "LineString",
        "coordinates": [
          [
            139.7608618,
            35.6788143
          ],
          [
            139.7608399,
            35.6787356
          ]
        ]
      }
    },
    {
      "type": "Feature",
      "properties": {
        "id": 691006252,
        "highway": "pedestrian",
        "name": null,
        "access": null,
        "surface": "paving_stones"
      },
      "geometry": {
        "type": "LineString",
        "coordinates": [
          [
            139.7596282,
            35.6820568
          ],
          [
            139.7596081,
            35.6821053
          ],
          [
            139.7596014,
            35.6821527
          ],
          [
            139.759606,
            35.6822017
          ],
          [
            139.7596228,
            35.6822524
          ],
          [
            139.7596476,
            35.68229
          ],
          [
            139.7596966,
            35.682352
          ],
          [
            139.7597294,
            35.6823766
          ],
          [
            139.7597723,
            35.6823907
          ],
          [
            139.7598025,
            35.6823956
          ],
          [
            139.7598287,
            35.6823918
          ],
          [
            139.7598376,
            35.6824204
          ],
          [
            139.7598543,
            35.6824696
          ],
          [
            139.7598018,
            35.6824751
          ],
          [
            139.7597482,
            35.6824724
          ],
          [
            139.7597086,
            35.6824599
          ],
          [
            139.7596905,
            35.6824528
          ],
          [
            139.7596647,
            35.6824272
          ],
          [
            139.7596463,
            35.6824022
          ],
          [
            139.7595843,
            35.6823019
          ],
          [
            139.7595537,
            35.68223
          ],
          [
            139.759542,
            35.682153
          ],
          [
            139.759541,
            35.6821097
          ],
          [
            139.7595443,
            35.6820803
          ],
          [
            139.7595531,
            35.6820574
          ],
          [
            139.7595841,
            35.6820117
          ],
          [
            139.7595937,
            35.6819961
          ],
          [
            139.7596282,
            35.6820568
          ]
        ]
      }
    },
    {
      "type": "Feature",
      "properties": {
        "id": 691006253,
        "highway": "footway",
        "name": null,
        "access": null,
        "surface": "paving_stones"
      },
      "geometry": {
        "type": "LineString",
        "coordinates": [
          [
            139.7595443,
            35.6820803
          ],
          [
            139.7594078,
            35.6818889
          ],
          [
            139.7593114,
            35.6817331
          ]
        ]
      }
    },
    {
      "type": "Feature",
      "properties": {
        "id": 691006254,
        "highway": "footway",
        "name": null,
        "access": null,
        "surface": "paving_stones"
      },
      "geometry": {
        "type": "LineString",
        "coordinates": [
          [
            139.7593114,
            35.6817331
          ],
          [
            139.7592895,
            35.6817028
          ],
          [
            139.7592205,
            35.6816685
          ],
          [
            139.7591896,
            35.6816211
          ],
          [
            139.7588561,
            35.6811155
          ],
          [
            139.7580312,
            35.6798061
          ],
          [
            139.7579783,
            35.6796881
          ],
          [
            139.7578881,
            35.6795429
          ]
        ]
      }
    },
    {
      "type": "Feature",
      "properties": {
        "id": 691006255,
        "highway": "pedestrian",
        "name": null,
        "access": null,
        "surface": "paving_stones"
      },
      "geometry": {
        "type": "LineString",
        "coordinates": [
          [
            139.7612977,
            35.6821293
          ],
          [
            139.7612094,
            35.6821491
          ],
          [
            139.7612186,
            35.6821766
          ],
          [
            139.7611426,
            35.6821929
          ],
          [
            139.7611326,
            35.682163
          ],
          [
            139.7605449,
            35.6822946
          ],
          [
            139.7605532,
            35.6823193
          ],
          [
            139.7604996,
            35.6823308
          ],
          [
            139.7604902,
            35.6823028
          ],
          [
            139.7598891,
            35.6824374
          ],
          [
            139.7598968,
            35.6824601
          ],
          [
            139.7598543,
            35.6824696
          ],
          [
            139.7598376,
            35.6824204
          ],
          [
            139.7598287,
            35.6823918
          ],
          [
            139.7600403,
            35.6823443
          ],
          [
            139.7600807,
            35.6823353
          ],
          [
            139.7601094,
            35.6823289
          ],
          [
            139.760862,
            35.6821602
          ],
          [
            139.7612683,
            35.6820691
          ],
          [
            139.7612764,
            35.6820673
          ],
          [
            139.7612871,
            35.6820983
          ],
          [
            139.7612977,
            35.6821293
          ]
        ]
      }
    },
    {
      "type": "Feature",
      "properties": {
        "id": 691006256,
        "highway": "pedestrian",
        "name": null,
        "access": null,
        "surface": null
      },
      "geometry": {
        "type": "LineString",
        "coordinates": [
          [
            139.7618363,
            35.6820421
          ],
          [
            139.7618825,
            35.6820253
          ],
          [
            139.7619248,
            35.6819975
          ],
          [
            139.7619765,
            35.6819359
          ],
          [
            139.7619703,
            35.6819021
          ],
          [
            139.7619604,
            35.681864
          ],
          [
            139.7619443,
            35.6818085
          ],
          [
            139.7617257,
            35.6811353
          ],
          [
            139.7609264,
            35.6787572
          ],
          [
            139.7609009,
            35.678723
          ],
          [
            139.76087,
            35.6787033
          ],
          [
            139.7608286,
            35.6787019
          ],
          [
            139.7607889,
            35.678706
          ],
          [
            139.7606635,
            35.678735
          ],
          [
            139.7606786,
            35.678801
          ],
          [
            139.7601744,
            35.6789062
          ],
          [
            139.7601509,
            35.6788447
          ],
          [
            139.7598877,
            35.678901
          ],
          [
            139.7598528,
            35.6789081
          ],
          [
            139.7598039,
            35.6789277
          ],
          [
            139.759775,
            35.678956
          ],
          [
            139.7597643,
            35.6789952
          ],
          [
            139.7597798,
            35.6790239
          ],
          [
            139.7598166,
            35.6791038
          ],
          [
            139.7598339,
            35.6790975
          ],
          [
            139.7599407,
            35.6790709
          ],
          [
            139.7599507,
            35.6790437
          ],
          [
            139.7601411,
            35.6790045
          ],
          [
            139.7601841,
            35.6790257
          ],
          [
            139.7602028,
            35.679029
          ],
          [
            139.7602269,
            35.6790176
          ],
          [
            139.7602478,
            35.6790077
          ],
          [
            139.7607389,
            35.6789034
          ],
          [
            139.7607671,
            35.6788993
          ],
          [
            139.7608446,
            35.6789004
          ],
          [
            139.7608798,
            35.6789127
          ],
          [
            139.7609042,
            35.678935
          ],
          [
            139.760925,
            35.6789573
          ],
          [
            139.7609401,
            35.6789819
          ],
          [
            139.7609508,
            35.6790105
          ],
          [
            139.7618916,
            35.6817987
          ],
          [
            139.7618477,
            35.6818104
          ],
          [
            139.7618604,
            35.6818583
          ],
          [
            139.7617914,
            35.6819599
          ],
          [
            139.7612764,
            35.6820673
          ],
          [
            139.7612871,
            35.6820983
          ],
          [
            139.7612977,
            35.6821293
          ],
          [
            139.7616854,
            35.6820438
          ],
          [
            139.7616935,
            35.6820748
          ],
          [
            139.7618363,
            35.6820421
          ]
        ]
      }
    },
    {
      "type": "Feature",
      "properties": {
        "id": 691006258,
        "highway": "pedestrian",
        "name": null,
        "access": null,
        "surface": null
      },
      "geometry": {
        "type": "LineString",
        "coordinates": [
          [
            139.7624085,
            35.6834241
          ],
          [
            139.7624147,
            35.6834495
          ],
          [
            139.7624371,
            35.6835084
          ],
          [
            139.7623774,
            35.6835198
          ],
          [
            139.7623823,
            35.6835409
          ],
          [
            139.7621409,
            35.6835898
          ],
          [
            139.7621317,
            35.6835507
          ],
          [
            139.7616748,
            35.683633
          ],
          [
            139.7616668,
            35.6835945
          ],
          [
            139.7616601,
            35.683561
          ],
          [
            139.7621154,
            35.6834813
          ],
          [
            139.7621085,
            35.6834519
          ],
          [
            139.7624027,
            35.6834
          ],
          [
            139.7624085,
            35.6834241
          ]
        ]
      }
    },
    {
      "type": "Feature",
      "properties": {
        "id": 691006259,
        "highway": "pedestrian",
        "name": null,
        "access": null,
        "surface": null
      },
      "geometry": {
        "type": "LineString",
        "coordinates": [
          [
            139.7616748,
            35.683633
          ],
          [
            139.7616251,
            35.6836423
          ],
          [
            139.7616378,
            35.6836829
          ],
          [
            139.7614253,
            35.6837254
          ],
          [
            139.7613609,
            35.6835108
          ],
          [
            139.7613719,
            35.6835092
          ],
          [
            139.7613505,
            35.6834376
          ],
          [
            139.7612073,
            35.6834658
          ],
          [
            139.7611848,
            35.6833943
          ],
          [
            139.7611759,
            35.683366
          ],
          [
            139.7612902,
            35.6833439
          ],
          [
            139.7615175,
            35.6832949
          ],
          [
            139.7615443,
            35.6833997
          ],
          [
            139.7614004,
            35.6834291
          ],
          [
            139.7614243,
            35.683501
          ],
          [
            139.7615741,
            35.6834738
          ],
          [
            139.7616073,
            35.6835794
          ],
          [
            139.7616571,
            35.6835695
          ],
          [
            139.7616553,
            35.6835617
          ],
          [
            139.7616601,
            35.683561
          ],
          [
            139.7616668,
            35.6835945
          ],
          [
            139.7616748,
            35.683633
          ]
        ]
      }
    },
    {
      "type": "Feature",
      "properties": {
        "id": 691006260,
        "highway": "pedestrian",
        "name": null,
        "access": null,
        "surface": null
      },
      "geometry": {
        "type": "LineString",
        "coordinates": [
          [
            139.7601565,
            35.6828159
          ],
          [
            139.760058,
            35.6828373
          ],
          [
            139.7599923,
            35.6827214
          ],
          [
            139.7599333,
            35.6826157
          ],
          [
            139.7600446,
            35.6825908
          ],
          [
            139.7605601,
            35.6824756
          ],
          [
            139.7605799,
            35.6824421
          ],
          [
            139.7605376,
            35.6824266
          ],
          [
            139.7607161,
            35.6823881
          ],
          [
            139.7607005,
            35.682423
          ],
          [
            139.7607359,
            35.6824364
          ],
          [
            139.7612062,
            35.6823313
          ],
          [
            139.7612344,
            35.6822999
          ],
          [
            139.7611862,
            35.6822867
          ],
          [
            139.7613641,
            35.6822483
          ],
          [
            139.7613565,
            35.6822784
          ],
          [
            139.7613831,
            35.6822918
          ],
          [
            139.7618493,
            35.6821876
          ],
          [
            139.7618743,
            35.6821589
          ],
          [
            139.7619148,
            35.682279
          ],
          [
            139.7619552,
            35.6823991
          ],
          [
            139.7619243,
            35.6823871
          ],
          [
            139.7614397,
            35.6824912
          ],
          [
            139.7614271,
            35.6825209
          ],
          [
            139.7614602,
            35.6825316
          ],
          [
            139.7612865,
            35.6825695
          ],
          [
            139.761308,
            35.6825401
          ],
          [
            139.7612673,
            35.6825283
          ],
          [
            139.7608046,
            35.6826277
          ],
          [
            139.760777,
            35.682656
          ],
          [
            139.7608182,
            35.6826716
          ],
          [
            139.7606359,
            35.6827113
          ],
          [
            139.7606564,
            35.6826822
          ],
          [
            139.7606167,
            35.6826681
          ],
          [
            139.7601504,
            35.6827683
          ],
          [
            139.7601195,
            35.6828029
          ],
          [
            139.7601565,
            35.6828159
          ]
        ]
      }
    },
    {
      "type": "Feature",
      "properties": {
        "id": 691011151,
        "highway": "footway",
        "name": null,
        "access": null,
        "surface": "paving_stones"
      },
      "geometry": {
        "type": "LineString",
        "coordinates": [
          [
            139.7573135,
            35.679294
          ],
          [
            139.7572825,
            35.6792429
          ],
          [
            139.7571137,
            35.6789713
          ],
          [
            139.7565557,
            35.6781016
          ],
          [
            139.7562273,
            35.677617
          ],
          [
            139.7558526,
            35.6770364
          ],
          [
            139.7558221,
            35.6770132
          ],
          [
            139.7557877,
            35.6769958
          ]
        ]
      }
    },
    {
      "type": "Feature",
      "properties": {
        "id": 691015423,
        "highway": "footway",
        "name": null,
        "access": null,
        "surface": null
      },
      "geometry": {
        "type": "LineString",
        "coordinates": [
          [
            139.7601153,
            35.6831259
          ],
          [
            139.7601426,
            35.6831181
          ]
        ]
      }
    },
    {
      "type": "Feature",
      "properties": {
        "id": 691015424,
        "highway": "footway",
        "name": null,
        "access": null,
        "surface": "asphalt"
      },
      "geometry": {
        "type": "LineString",
        "coordinates": [
          [
            139.7598371,
            35.6832105
          ],
          [
            139.7598602,
            35.6832038
          ]
        ]
      }
    },
    {
      "type": "Feature",
      "properties": {
        "id": 691015425,
        "highway": "footway",
        "name": null,
        "access": null,
        "surface": null
      },
      "geometry": {
        "type": "LineString",
        "coordinates": [
          [
            139.7596647,
            35.6824272
          ],
          [
            139.7597135,
            35.6824085
          ]
        ]
      }
    },
    {
      "type": "Feature",
      "properties": {
        "id": 691015426,
        "highway": "footway",
        "name": null,
        "access": null,
        "surface": null
      },
      "geometry": {
        "type": "LineString",
        "coordinates": [
          [
            139.7593861,
            35.6825339
          ],
          [
            139.7594251,
            35.6825189
          ]
        ]
      }
    },
    {
      "type": "Feature",
      "properties": {
        "id": 691015427,
        "highway": "footway",
        "name": null,
        "access": null,
        "surface": null
      },
      "geometry": {
        "type": "LineString",
        "coordinates": [
          [
            139.7622092,
            35.6826073
          ],
          [
            139.7621817,
            35.6826133
          ]
        ]
      }
    },
    {
      "type": "Feature",
      "properties": {
        "id": 691015428,
        "highway": "footway",
        "name": null,
        "access": null,
        "surface": null
      },
      "geometry": {
        "type": "LineString",
        "coordinates": [
          [
            139.762526,
            35.6825382
          ],
          [
            139.7624757,
            35.6825492
          ]
        ]
      }
    },
    {
      "type": "Feature",
      "properties": {
        "id": 691015429,
        "highway": "footway",
        "name": null,
        "access": null,
        "surface": null
      },
      "geometry": {
        "type": "LineString",
        "coordinates": [
          [
            139.7625921,
            35.6824119
          ],
          [
            139.7626055,
            35.6824562
          ]
        ]
      }
    },
    {
      "type": "Feature",
      "properties": {
        "id": 691015430,
        "highway": "footway",
        "name": null,
        "access": null,
        "surface": null
      },
      "geometry": {
        "type": "LineString",
        "coordinates": [
          [
            139.7624207,
            35.6818932
          ],
          [
            139.7624407,
            35.6819547
          ],
          [
            139.7624619,
            35.6820216
          ]
        ]
      }
    },
    {
      "type": "Feature",
      "properties": {
        "id": 691015431,
        "highway": "footway",
        "name": null,
        "access": null,
        "surface": "paving_stones"
      },
      "geometry": {
        "type": "LineString",
        "coordinates": [
          [
            139.762292,
            35.6818285
          ],
          [
            139.7622462,
            35.6818387
          ]
        ]
      }
    },
    {
      "type": "Feature",
      "properties": {
        "id": 691015448,
        "highway": "footway",
        "name": null,
        "access": null,
        "surface": null
      },
      "geometry": {
        "type": "LineString",
        "coordinates": [
          [
            139.7601171,
            35.6829885
          ],
          [
            139.7601309,
            35.6830134
          ]
        ]
      }
    },
    {
      "type": "Feature",
      "properties": {
        "id": 691015449,
        "highway": "footway",
        "name": null,
        "access": null,
        "surface": null
      },
      "geometry": {
        "type": "LineString",
        "coordinates": [
          [
            139.7597665,
            35.6824256
          ],
          [
            139.7598018,
            35.6824751
          ]
        ]
      }
    },
    {
      "type": "Feature",
      "properties": {
        "id": 695983288,
        "highway": "service",
        "name": "JPタワー",
        "access": null,
        "surface": null
      },
      "geometry": {
        "type": "LineString",
        "coordinates": [
          [
            139.7641275,
            35.680083
          ],
          [
            139.7642181,
            35.6800615
          ],
          [
            139.7642635,
            35.6800507
          ],
          [
            139.7643066,
            35.6800404
          ]
        ]
      }
    },
    {
      "type": "Feature",
      "properties": {
        "id": 695983289,
        "highway": "service",
        "name": "JPタワー",
        "access": null,
        "surface": null
      },
      "geometry": {
        "type": "LineString",
        "coordinates": [
          [
            139.7642279,
            35.6797973
          ],
          [
            139.764184,
            35.6798069
          ],
          [
            139.7641388,
            35.6798168
          ],
          [
            139.764045,
            35.6798373
          ]
        ]
      }
    },
    {
      "type": "Feature",
      "properties": {
        "id": 696269482,
        "highway": "service",
        "name": null,
        "access": null,
        "surface": null
      },
      "geometry": {
        "type": "LineString",
        "coordinates": [
          [
            139.7675786,
            35.6782224
          ],
          [
            139.7674907,
            35.6782609
          ],
          [
            139.7674734,
            35.678268
          ]
        ]
      }
    },
    {
      "type": "Feature",
      "properties": {
        "id": 696269483,
        "highway": "service",
        "name": null,
        "access": null,
        "surface": null
      },
      "geometry": {
        "type": "LineString",
        "coordinates": [
          [
            139.7673359,
            35.6782727
          ],
          [
            139.7672973,
            35.6782632
          ],
          [
            139.7670235,
            35.6783804
          ]
        ]
      }
    },
    {
      "type": "Feature",
      "properties": {
        "id": 696269484,
        "highway": "service",
        "name": null,
        "access": null,
        "surface": null
      },
      "geometry": {
        "type": "LineString",
        "coordinates": [
          [
            139.7674201,
            35.6782899
          ],
          [
            139.7673359,
            35.6782727
          ]
        ]
      }
    },
    {
      "type": "Feature",
      "properties": {
        "id": 696269485,
        "highway": "service",
        "name": null,
        "access": null,
        "surface": null
      },
      "geometry": {
        "type": "LineString",
        "coordinates": [
          [
            139.7662873,
            35.677584
          ],
          [
            139.7662711,
            35.6775304
          ],
          [
            139.7662446,
            35.6774526
          ]
        ]
      }
    },
    {
      "type": "Feature",
      "properties": {
        "id": 696269486,
        "highway": "service",
        "name": null,
        "access": null,
        "surface": null
      },
      "geometry": {
        "type": "LineString",
        "coordinates": [
          [
            139.7675002,
            35.6780932
          ],
          [
            139.7674104,
            35.678131
          ],
          [
            139.7668344,
            35.6783643
          ],
          [
            139.7666876,
            35.6782045
          ]
        ]
      }
    },
    {
      "type": "Feature",
      "properties": {
        "id": 758834643,
        "highway": "footway",
        "name": "グランスタ東京;地下1階",
        "access": null,
        "surface": null
      },
      "geometry": {
        "type": "LineString",
        "coordinates": [
          [
            139.7668303,
            35.6810244
          ],
          [
            139.7667562,
            35.680827
          ],
          [
            139.7666908,
            35.6806558
          ],
          [
            139.7666782,
            35.6806593
          ]
        ]
      }
    },
    {
      "type": "Feature",
      "properties": {
        "id": 759434643,
        "highway": "footway",
        "name": "東京駅(改札外)",
        "access": null,
        "surface": "asphalt"
      },
      "geometry": {
        "type": "LineString",
        "coordinates": [
          [
            139.7645963,
            35.6816788
          ],
          [
            139.7647227,
            35.6820417
          ],
          [
            139.7647692,
            35.682179
          ],
          [
            139.7648634,
            35.6824525
          ],
          [
            139.7649111,
            35.6826069
          ],
          [
            139.7650082,
            35.6828984
          ],
          [
            139.7651309,
            35.6828716
          ],
          [
            139.7652833,
            35.6829578
          ]
        ]
      }
    },
    {
      "type": "Feature",
      "properties": {
        "id": 759436135,
        "highway": "footway",
        "name": "東京駅(改札外)",
        "access": null,
        "surface": "concrete"
      },
      "geometry": {
        "type": "LineString",
        "coordinates": [
          [
            139.7647409,
            35.6809736
          ],
          [
            139.7648114,
            35.6808618
          ],
          [
            139.7648258,
            35.6808389
          ],
          [
            139.7648901,
            35.6807398
          ],
          [
            139.7650488,
            35.6804579
          ],
          [
            139.7649557,
            35.6801897
          ]
        ]
      }
    },
    {
      "type": "Feature",
      "properties": {
        "id": 759436136,
        "highway": "footway",
        "name": "東京駅(改札外)",
        "access": null,
        "surface": "asphalt"
      },
      "geometry": {
        "type": "LineString",
        "coordinates": [
          [
            139.7645933,
            35.6808122
          ],
          [
            139.7648461,
            35.6816187
          ],
          [
            139.7648847,
            35.6819055
          ],
          [
            139.7649654,
            35.6825041
          ]
        ]
      }
    },
    {
      "type": "Feature",
      "properties": {
        "id": 759436758,
        "highway": "footway",
        "name": "東京駅",
        "access": null,
        "surface": null
      },
      "geometry": {
        "type": "LineString",
        "coordinates": [
          [
            139.7649557,
            35.6801897
          ],
          [
            139.7641836,
            35.6803659
          ]
        ]
      }
    },
    {
      "type": "Feature",
      "properties": {
        "id": 759437666,
        "highway": "steps",
        "name": null,
        "access": null,
        "surface": null
      },
      "geometry": {
        "type": "LineString",
        "coordinates": [
          [
            139.7647947,
            35.6824828
          ],
          [
            139.7647898,
            35.6824673
          ]
        ]
      }
    },
    {
      "type": "Feature",
      "properties": {
        "id": 768823602,
        "highway": "footway",
        "name": null,
        "access": null,
        "surface": "paving_stones"
      },
      "geometry": {
        "type": "LineString",
        "coordinates": [
          [
            139.7635617,
            35.678743
          ],
          [
            139.7634292,
            35.6787692
          ]
        ]
      }
    },
    {
      "type": "Feature",
      "properties": {
        "id": 768823603,
        "highway": "footway",
        "name": null,
        "access": null,
        "surface": null
      },
      "geometry": {
        "type": "LineString",
        "coordinates": [
          [
            139.7634292,
            35.6787692
          ],
          [
            139.7633896,
            35.6787714
          ],
          [
            139.7633527,
            35.6787578
          ],
          [
            139.7633145,
            35.678742
          ],
          [
            139.7632924,
            35.6787147
          ]
        ]
      }
    },
    {
      "type": "Feature",
      "properties": {
        "id": 768823604,
        "highway": "footway",
        "name": null,
        "access": null,
        "surface": null
      },
      "geometry": {
        "type": "LineString",
        "coordinates": [
          [
            139.7632924,
            35.6787147
          ],
          [
            139.7632354,
            35.6786619
          ],
          [
            139.7632119,
            35.6786521
          ],
          [
            139.7631574,
            35.6786343
          ],
          [
            139.7630959,
            35.6786162
          ],
          [
            139.763051,
            35.6786137
          ],
          [
            139.7629732,
            35.6786186
          ],
          [
            139.7629326,
            35.678621
          ],
          [
            139.7628726,
            35.6786246
          ],
          [
            139.7627644,
            35.6786419
          ],
          [
            139.7627023,
            35.6786554
          ],
          [
            139.7625207,
            35.6786941
          ]
        ]
      }
    },
    {
      "type": "Feature",
      "properties": {
        "id": 768823606,
        "highway": "footway",
        "name": null,
        "access": null,
        "surface": "paving_stones"
      },
      "geometry": {
        "type": "LineString",
        "coordinates": [
          [
            139.7624244,
            35.678384
          ],
          [
            139.7625105,
            35.6784277
          ]
        ]
      }
    },
    {
      "type": "Feature",
      "properties": {
        "id": 768823607,
        "highway": "footway",
        "name": null,
        "access": null,
        "surface": "paving_stones"
      },
      "geometry": {
        "type": "LineString",
        "coordinates": [
          [
            139.7625105,
            35.6784277
          ],
          [
            139.7625655,
            35.6784342
          ],
          [
            139.7626151,
            35.6784359
          ],
          [
            139.7626607,
            35.6784691
          ],
          [
            139.7626882,
            35.6784914
          ]
        ]
      }
    },
    {
      "type": "Feature",
      "properties": {
        "id": 768823608,
        "highway": "footway",
        "name": null,
        "access": null,
        "surface": null
      },
      "geometry": {
        "type": "LineString",
        "coordinates": [
          [
            139.7626882,
            35.6784914
          ],
          [
            139.7627204,
            35.6785127
          ],
          [
            139.7627483,
            35.6785872
          ],
          [
            139.762762,
            35.6786238
          ],
          [
            139.7627644,
            35.6786419
          ]
        ]
      }
    },
    {
      "type": "Feature",
      "properties": {
        "id": 768823609,
        "highway": "footway",
        "name": null,
        "access": null,
        "surface": null
      },
      "geometry": {
        "type": "LineString",
        "coordinates": [
          [
            139.7632119,
            35.6786521
          ],
          [
            139.7632092,
            35.6786074
          ],
          [
            139.7631878,
            35.6785481
          ],
          [
            139.7631308,
            35.6785127
          ],
          [
            139.7630677,
            35.6785132
          ],
          [
            139.7630121,
            35.6785285
          ],
          [
            139.7629816,
            35.6785532
          ],
          [
            139.7629447,
            35.6785554
          ],
          [
            139.7628897,
            35.6785571
          ]
        ]
      }
    },
    {
      "type": "Feature",
      "properties": {
        "id": 768823610,
        "highway": "footway",
        "name": null,
        "access": null,
        "surface": null
      },
      "geometry": {
        "type": "LineString",
        "coordinates": [
          [
            139.7628187,
            35.6785425
          ],
          [
            139.7628282,
            35.6785347
          ],
          [
            139.7628403,
            35.6785299
          ],
          [
            139.7628538,
            35.6785288
          ],
          [
            139.7628669,
            35.6785315
          ],
          [
            139.7628781,
            35.6785377
          ],
          [
            139.762886,
            35.6785466
          ],
          [
            139.7628897,
            35.6785571
          ],
          [
            139.762889,
            35.678567
          ],
          [
            139.7628846,
            35.6785762
          ],
          [
            139.7628769,
            35.6785839
          ],
          [
            139.7628666,
            35.6785893
          ],
          [
            139.7628549,
            35.6785918
          ],
          [
            139.7628427,
            35.6785912
          ],
          [
            139.7628313,
            35.6785877
          ],
          [
            139.7628219,
            35.6785814
          ],
          [
            139.7628153,
            35.6785731
          ],
          [
            139.7628122,
            35.6785635
          ],
          [
            139.7628132,
            35.6785526
          ],
          [
            139.7628187,
            35.6785425
          ]
        ]
      }
    },
    {
      "type": "Feature",
      "properties": {
        "id": 768823611,
        "highway": "footway",
        "name": null,
        "access": null,
        "surface": null
      },
      "geometry": {
        "type": "LineString",
        "coordinates": [
          [
            139.7628153,
            35.6785731
          ],
          [
            139.7627483,
            35.6785872
          ]
        ]
      }
    },
    {
      "type": "Feature",
      "properties": {
        "id": 768823612,
        "highway": "footway",
        "name": null,
        "access": null,
        "surface": null
      },
      "geometry": {
        "type": "LineString",
        "coordinates": [
          [
            139.7628769,
            35.6785839
          ],
          [
            139.7629326,
            35.678621
          ]
        ]
      }
    },
    {
      "type": "Feature",
      "properties": {
        "id": 813669449,
        "highway": "footway",
        "name": "東京駅;M14出入口",
        "access": null,
        "surface": null
      },
      "geometry": {
        "type": "LineString",
        "coordinates": [
          [
            139.7670534,
            35.6835089
          ],
          [
            139.7670898,
            35.683497
          ]
        ]
      }
    },
    {
      "type": "Feature",
      "properties": {
        "id": 813669450,
        "highway": "steps",
        "name": "東京駅;M14出入口",
        "access": null,
        "surface": null
      },
      "geometry": {
        "type": "LineString",
        "coordinates": [
          [
            139.7670914,
            35.683586
          ],
          [
            139.7670534,
            35.6835089
          ]
        ]
      }
    },
    {
      "type": "Feature",
      "properties": {
        "id": 813669451,
        "highway": "footway",
        "name": "東京駅;M14出入口",
        "access": null,
        "surface": null
      },
      "geometry": {
        "type": "LineString",
        "coordinates": [
          [
            139.7670914,
            35.683586
          ],
          [
            139.7671003,
            35.6836022
          ],
          [
            139.7670682,
            35.6836139
          ]
        ]
      }
    },
    {
      "type": "Feature",
      "properties": {
        "id": 878611930,
        "highway": "footway",
        "name": null,
        "access": null,
        "surface": "paving_stones"
      },
      "geometry": {
        "type": "LineString",
        "coordinates": [
          [
            139.7626514,
            35.6834951
          ],
          [
            139.7628269,
            35.6834592
          ]
        ]
      }
    },
    {
      "type": "Feature",
      "properties": {
        "id": 878611931,
        "highway": "steps",
        "name": null,
        "access": null,
        "surface": "paving_stones"
      },
      "geometry": {
        "type": "LineString",
        "coordinates": [
          [
            139.7628269,
            35.6834592
          ],
          [
            139.7628175,
            35.6834275
          ]
        ]
      }
    },
    {
      "type": "Feature",
      "properties": {
        "id": 878611932,
        "highway": "footway",
        "name": null,
        "access": null,
        "surface": null
      },
      "geometry": {
        "type": "LineString",
        "coordinates": [
          [
            139.7627814,
            35.6833061
          ],
          [
            139.7627738,
            35.6832817
          ],
          [
            139.7627581,
            35.683285
          ]
        ]
      }
    },
    {
      "type": "Feature",
      "properties": {
        "id": 900556705,
        "highway": "service",
        "name": "丸の内パークビルディング車寄せ",
        "access": null,
        "surface": null
      },
      "geometry": {
        "type": "LineString",
        "coordinates": [
          [
            139.7634649,
            35.6794001
          ],
          [
            139.7633973,
            35.6793226
          ],
          [
            139.7633249,
            35.6792395
          ],
          [
            139.7629758,
            35.6793154
          ],
          [
            139.7629795,
            35.6794152
          ],
          [
            139.7629828,
            35.679502
          ]
        ]
      }
    },
    {
      "type": "Feature",
      "properties": {
        "id": 900558087,
        "highway": "service",
        "name": "グラントウキョウサウスタワー車寄せ",
        "access": null,
        "surface": null
      },
      "geometry": {
        "type": "LineString",
        "coordinates": [
          [
            139.7674734,
            35.678268
          ],
          [
            139.7672751,
            35.6782256
          ],
          [
            139.7669249,
            35.6783726
          ],
          [
            139.7669867,
            35.6784693
          ],
          [
            139.7674201,
            35.6782899
          ]
        ]
      }
    },
    {
      "type": "Feature",
      "properties": {
        "id": 900558088,
        "highway": "service",
        "name": null,
        "access": null,
        "surface": null
      },
      "geometry": {
        "type": "LineString",
        "coordinates": [
          [
            139.7674734,
            35.678268
          ],
          [
            139.7674201,
            35.6782899
          ]
        ]
      }
    },
    {
      "type": "Feature",
      "properties": {
        "id": 958537532,
        "highway": "service",
        "name": null,
        "access": null,
        "surface": "concrete"
      },
      "geometry": {
        "type": "LineString",
        "coordinates": [
          [
            139.7651629,
            35.6823995
          ],
          [
            139.7651871,
            35.6824648
          ],
          [
            139.7652126,
            35.6824877
          ],
          [
            139.7652539,
            35.6824957
          ],
          [
            139.7652909,
            35.682492
          ],
          [
            139.7654961,
            35.6824449
          ]
        ]
      }
    },
    {
      "type": "Feature",
      "properties": {
        "id": 958539576,
        "highway": "service",
        "name": null,
        "access": null,
        "surface": "concrete"
      },
      "geometry": {
        "type": "LineString",
        "coordinates": [
          [
            139.7658282,
            35.6826308
          ],
          [
            139.7659894,
            35.682728
          ]
        ]
      }
    },
    {
      "type": "Feature",
      "properties": {
        "id": 958539577,
        "highway": "service",
        "name": null,
        "access": null,
        "surface": "concrete"
      },
      "geometry": {
        "type": "LineString",
        "coordinates": [
          [
            139.7659099,
            35.6826132
          ],
          [
            139.7658663,
            35.6824784
          ],
          [
            139.7658125,
            35.6822572
          ],
          [
            139.7657865,
            35.682156
          ]
        ]
      }
    },
    {
      "type": "Feature",
      "properties": {
        "id": 958539578,
        "highway": "service",
        "name": null,
        "access": null,
        "surface": "paving_stones"
      },
      "geometry": {
        "type": "LineString",
        "coordinates": [
          [
            139.7651502,
            35.6823636
          ],
          [
            139.7657261,
            35.6822335
          ],
          [
            139.7657865,
            35.682156
          ]
        ]
      }
    },
    {
      "type": "Feature",
      "properties": {
        "id": 958705066,
        "highway": "service",
        "name": null,
        "access": null,
        "surface": "concrete"
      },
      "geometry": {
        "type": "LineString",
        "coordinates": [
          [
            139.7659894,
            35.682728
          ],
          [
            139.7659099,
            35.6826132
          ]
        ]
      }
    },
    {
      "type": "Feature",
      "properties": {
        "id": 1015163334,
        "highway": "service",
        "name": null,
        "access": null,
        "surface": "concrete"
      },
      "geometry": {
        "type": "LineString",
        "coordinates": [
          [
            139.7650972,
            35.6822132
          ],
          [
            139.7651016,
            35.6822256
          ],
          [
            139.7651502,
            35.6823636
          ],
          [
            139.7651629,
            35.6823995
          ]
        ]
      }
    },
    {
      "type": "Feature",
      "properties": {
        "id": 1016494084,
        "highway": "service",
        "name": null,
        "access": null,
        "surface": null
      },
      "geometry": {
        "type": "LineString",
        "coordinates": [
          [
            139.7649649,
            35.6803805
          ],
          [
            139.7649861,
            35.6804529
          ],
          [
            139.7650061,
            35.6805195
          ],
          [
            139.7648795,
            35.6807195
          ],
          [
            139.764865,
            35.6807425
          ]
        ]
      }
    },
    {
      "type": "Feature",
      "properties": {
        "id": 1018145758,
        "highway": "service",
        "name": "丸の内パークイン",
        "access": null,
        "surface": "paving_stones"
      },
      "geometry": {
        "type": "LineString",
        "coordinates": [
          [
            139.7653058,
            35.6790243
          ],
          [
            139.7649735,
            35.6790982
          ]
        ]
      }
    },
    {
      "type": "Feature",
      "properties": {
        "id": 1018145759,
        "highway": "service",
        "name": "丸の内パークイン",
        "access": null,
        "surface": "paving_stones"
      },
      "geometry": {
        "type": "LineString",
        "coordinates": [
          [
            139.7654845,
            35.6788843
          ],
          [
            139.7654227,
            35.6788987
          ],
          [
            139.765376,
            35.6789102
          ],
          [
            139.7652758,
            35.6789345
          ],
          [
            139.7653058,
            35.6790243
          ]
        ]
      }
    },
    {
      "type": "Feature",
      "properties": {
        "id": 1024216111,
        "highway": "service",
        "name": null,
        "access": null,
        "surface": null
      },
      "geometry": {
        "type": "LineString",
        "coordinates": [
          [
            139.764865,
            35.6807425
          ],
          [
            139.7647445,
            35.6809212
          ]
        ]
      }
    },
    {
      "type": "Feature",
      "properties": {
        "id": 1050291798,
        "highway": "steps",
        "name": null,
        "access": null,
        "surface": "paving_stones"
      },
      "geometry": {
        "type": "LineString",
        "coordinates": [
          [
            139.7613666,
            35.6785761
          ],
          [
            139.7614599,
            35.6785552
          ]
        ]
      }
    },
    {
      "type": "Feature",
      "properties": {
        "id": 1071262133,
        "highway": "service",
        "name": null,
        "access": "no",
        "surface": null
      },
      "geometry": {
        "type": "LineString",
        "coordinates": [
          [
            139.7564262,
            35.6826648
          ],
          [
            139.7564941,
            35.6826258
          ],
          [
            139.757589,
            35.6823833
          ],
          [
            139.7577513,
            35.682348
          ],
          [
            139.7582748,
            35.6822328
          ],
          [
            139.7583739,
            35.6822154
          ],
          [
            139.7584573,
            35.6822141
          ],
          [
            139.758534,
            35.6822302
          ],
          [
            139.7585811,
            35.6822516
          ],
          [
            139.7586538,
            35.6822972
          ],
          [
            139.758695,
            35.6823502
          ],
          [
            139.7587305,
            35.6824105
          ],
          [
            139.7587652,
            35.682481
          ],
          [
            139.7588453,
            35.6826472
          ],
          [
            139.7588824,
            35.6827317
          ],
          [
            139.7589113,
            35.6828055
          ],
          [
            139.7589683,
            35.6828947
          ],
          [
            139.759154,
            35.6830335
          ],
          [
            139.7592836,
            35.6830905
          ],
          [
            139.759438,
            35.6831079
          ],
          [
            139.7595173,
            35.6830979
          ],
          [
            139.759656,
            35.6830496
          ],
          [
            139.7596864,
            35.6830356
          ],
          [
            139.7597139,
            35.6830235
          ],
          [
            139.7597439,
            35.6830113
          ],
          [
            139.759751,
            35.6828884
          ]
        ]
      }
    },
    {
      "type": "Feature",
      "properties": {
        "id": 1071262138,
        "highway": "service",
        "name": null,
        "access": "no",
        "surface": null
      },
      "geometry": {
        "type": "LineString",
        "coordinates": [
          [
            139.7582173,
            35.6836064
          ],
          [
            139.7581755,
            35.6834935
          ],
          [
            139.7577513,
            35.682348
          ]
        ]
      }
    },
    {
      "type": "Feature",
      "properties": {
        "id": 1071262139,
        "highway": "service",
        "name": null,
        "access": "no",
        "surface": null
      },
      "geometry": {
        "type": "LineString",
        "coordinates": [
          [
            139.7581755,
            35.6834935
          ],
          [
            139.7590505,
            35.6832696
          ],
          [
            139.7595173,
            35.6830979
          ]
        ]
      }
    },
    {
      "type": "Feature",
      "properties": {
        "id": 1083959384,
        "highway": "footway",
        "name": null,
        "access": null,
        "surface": "paving_stones"
      },
      "geometry": {
        "type": "LineString",
        "coordinates": [
          [
            139.7662103,
            35.6825509
          ],
          [
            139.7669155,
            35.68287
          ],
          [
            139.7670558,
            35.6829644
          ],
          [
            139.7671214,
            35.6830263
          ],
          [
            139.76759,
            35.6839487
          ],
          [
            139.7676143,
            35.6839966
          ]
        ]
      }
    },
    {
      "type": "Feature",
      "properties": {
        "id": 1085053808,
        "highway": "footway",
        "name": "東京駅;M2出入口",
        "access": null,
        "surface": null
      },
      "geometry": {
        "type": "LineString",
        "coordinates": [
          [
            139.7646055,
            35.6805954
          ],
          [
            139.7645573,
            35.6805656
          ]
        ]
      }
    },
    {
      "type": "Feature",
      "properties": {
        "id": 1085053809,
        "highway": "footway",
        "name": null,
        "access": null,
        "surface": null
      },
      "geometry": {
        "type": "LineString",
        "coordinates": [
          [
            139.7644743,
            35.6805198
          ],
          [
            139.7644602,
            35.6804823
          ],
          [
            139.7644251,
            35.6803885
          ],
          [
            139.7643939,
            35.6803055
          ]
        ]
      }
    },
    {
      "type": "Feature",
      "properties": {
        "id": 1085053810,
        "highway": "footway",
        "name": null,
        "access": null,
        "surface": null
      },
      "geometry": {
        "type": "LineString",
        "coordinates": [
          [
            139.7644743,
            35.6805198
          ],
          [
            139.7644793,
            35.6805268
          ],
          [
            139.7645126,
            35.6805752
          ]
        ]
      }
    },
    {
      "type": "Feature",
      "properties": {
        "id": 1085314516,
        "highway": "footway",
        "name": null,
        "access": null,
        "surface": "paving_stones"
      },
      "geometry": {
        "type": "LineString",
        "coordinates": [
          [
            139.7617842,
            35.6794123
          ],
          [
            139.7616686,
            35.6794379
          ],
          [
            139.7616422,
            35.679444
          ],
          [
            139.7614933,
            35.6794764
          ]
        ]
      }
    },
    {
      "type": "Feature",
      "properties": {
        "id": 1085314525,
        "highway": "footway",
        "name": null,
        "access": null,
        "surface": null
      },
      "geometry": {
        "type": "LineString",
        "coordinates": [
          [
            139.7647947,
            35.6824828
          ],
          [
            139.7648044,
            35.6825093
          ],
          [
            139.764786,
            35.6825128
          ]
        ]
      }
    },
    {
      "type": "Feature",
      "properties": {
        "id": 1086348702,
        "highway": "footway",
        "name": null,
        "access": null,
        "surface": null
      },
      "geometry": {
        "type": "LineString",
        "coordinates": [
          [
            139.7622425,
            35.6762245
          ],
          [
            139.7621786,
            35.6760303
          ]
        ]
      }
    },
    {
      "type": "Feature",
      "properties": {
        "id": 1086348703,
        "highway": "footway",
        "name": null,
        "access": null,
        "surface": null
      },
      "geometry": {
        "type": "LineString",
        "coordinates": [
          [
            139.761441,
            35.6763964
          ],
          [
            139.7613897,
            35.6762097
          ]
        ]
      }
    },
    {
      "type": "Feature",
      "properties": {
        "id": 1086348704,
        "highway": "footway",
        "name": null,
        "access": null,
        "surface": null
      },
      "geometry": {
        "type": "LineString",
        "coordinates": [
          [
            139.761765,
            35.6770931
          ],
          [
            139.7614912,
            35.6762039
          ],
          [
            139.7614751,
            35.6761876
          ]
        ]
      }
    },
    {
      "type": "Feature",
      "properties": {
        "id": 1086348705,
        "highway": "footway",
        "name": null,
        "access": null,
        "surface": "asphalt"
      },
      "geometry": {
        "type": "LineString",
        "coordinates": [
          [
            139.7604436,
            35.6764114
          ],
          [
            139.7604208,
            35.6763489
          ],
          [
            139.7603999,
            35.6762911
          ]
        ]
      }
    },
    {
      "type": "Feature",
      "properties": {
        "id": 1086348706,
        "highway": "footway",
        "name": null,
        "access": null,
        "surface": "paving_stones"
      },
      "geometry": {
        "type": "LineString",
        "coordinates": [
          [
            139.7614543,
            35.6760133
          ],
          [
            139.7614402,
            35.676059
          ],
          [
            139.7603999,
            35.6762911
          ],
          [
            139.7603645,
            35.6761893
          ],
          [
            139.7601773,
            35.675652
          ]
        ]
      }
    },
    {
      "type": "Feature",
      "properties": {
        "id": 1086348707,
        "highway": "footway",
        "name": null,
        "access": null,
        "surface": null
      },
      "geometry": {
        "type": "LineString",
        "coordinates": [
          [
            139.7614543,
            35.6760133
          ],
          [
            139.7612196,
            35.6753718
          ]
        ]
      }
    },
    {
      "type": "Feature",
      "properties": {
        "id": 1086373677,
        "highway": "footway",
        "name": null,
        "access": "no",
        "surface": null
      },
      "geometry": {
        "type": "LineString",
        "coordinates": [
          [
            139.7639433,
            35.6781218
          ],
          [
            139.7639174,
            35.6780466
          ]
        ]
      }
    },
    {
      "type": "Feature",
      "properties": {
        "id": 1086373678,
        "highway": "footway",
        "name": null,
        "access": null,
        "surface": null
      },
      "geometry": {
        "type": "LineString",
        "coordinates": [
          [
            139.7630104,
            35.6778433
          ],
          [
            139.7630417,
            35.6779284
          ]
        ]
      }
    },
    {
      "type": "Feature",
      "properties": {
        "id": 1086373679,
        "highway": "footway",
        "name": null,
        "access": null,
        "surface": "paving_stones"
      },
      "geometry": {
        "type": "LineString",
        "coordinates": [
          [
            139.7664368,
            35.6778724
          ],
          [
            139.7663675,
            35.6779149
          ],
          [
            139.766059,
            35.6775767
          ]
        ]
      }
    },
    {
      "type": "Feature",
      "properties": {
        "id": 1086865494,
        "highway": "footway",
        "name": null,
        "access": null,
        "surface": "paving_stones"
      },
      "geometry": {
        "type": "LineString",
        "coordinates": [
          [
            139.7652644,
            35.680518
          ],
          [
            139.7652418,
            35.6804536
          ],
          [
            139.7651623,
            35.6804232
          ],
          [
            139.7652161,
            35.6803606
          ],
          [
            139.7652732,
            35.6803493
          ],
          [
            139.7653454,
            35.6803197
          ],
          [
            139.7654142,
            35.6802779
          ]
        ]
      }
    },
    {
      "type": "Feature",
      "properties": {
        "id": 1086865495,
        "highway": "footway",
        "name": null,
        "access": null,
        "surface": null
      },
      "geometry": {
        "type": "LineString",
        "coordinates": [
          [
            139.7652161,
            35.6803606
          ],
          [
            139.7652017,
            35.6803261
          ],
          [
            139.7651551,
            35.6802105
          ],
          [
            139.7651262,
            35.6801368
          ]
        ]
      }
    },
    {
      "type": "Feature",
      "properties": {
        "id": 1086865496,
        "highway": "footway",
        "name": null,
        "access": null,
        "surface": null
      },
      "geometry": {
        "type": "LineString",
        "coordinates": [
          [
            139.7648852,
            35.6804928
          ],
          [
            139.7649079,
            35.6805603
          ],
          [
            139.7645911,
            35.681042
          ]
        ]
      }
    },
    {
      "type": "Feature",
      "properties": {
        "id": 1086865497,
        "highway": "footway",
        "name": null,
        "access": null,
        "surface": null
      },
      "geometry": {
        "type": "LineString",
        "coordinates": [
          [
            139.7647827,
            35.6801134
          ],
          [
            139.764792,
            35.6801422
          ],
          [
            139.7648141,
            35.6802112
          ]
        ]
      }
    },
    {
      "type": "Feature",
      "properties": {
        "id": 1087401680,
        "highway": "footway",
        "name": null,
        "access": null,
        "surface": null
      },
      "geometry": {
        "type": "LineString",
        "coordinates": [
          [
            139.765952,
            35.6814054
          ],
          [
            139.7659078,
            35.6814167
          ]
        ]
      }
    },
    {
      "type": "Feature",
      "properties": {
        "id": 1088054948,
        "highway": "footway",
        "name": null,
        "access": null,
        "surface": "paving_stones"
      },
      "geometry": {
        "type": "LineString",
        "coordinates": [
          [
            139.765248,
            35.6778225
          ],
          [
            139.7652353,
            35.6777856
          ],
          [
            139.7651299,
            35.6777286
          ]
        ]
      }
    },
    {
      "type": "Feature",
      "properties": {
        "id": 1105155930,
        "highway": "footway",
        "name": null,
        "access": null,
        "surface": "paving_stones"
      },
      "geometry": {
        "type": "LineString",
        "coordinates": [
          [
            139.7657056,
            35.6789406
          ],
          [
            139.7656068,
            35.6789614
          ]
        ]
      }
    },
    {
      "type": "Feature",
      "properties": {
        "id": 1105155931,
        "highway": "footway",
        "name": null,
        "access": null,
        "surface": "asphalt"
      },
      "geometry": {
        "type": "LineString",
        "coordinates": [
          [
            139.7656068,
            35.6789614
          ],
          [
            139.7655185,
            35.6789801
          ]
        ]
      }
    },
    {
      "type": "Feature",
      "properties": {
        "id": 1105285855,
        "highway": "footway",
        "name": null,
        "access": null,
        "surface": "paving_stones"
      },
      "geometry": {
        "type": "LineString",
        "coordinates": [
          [
            139.768242,
            35.6787493
          ],
          [
            139.7680953,
            35.6785222
          ],
          [
            139.768011,
            35.6783915
          ],
          [
            139.7679984,
            35.6783719
          ],
          [
            139.7678455,
            35.6781226
          ],
          [
            139.7675971,
            35.6777419
          ],
          [
            139.7673718,
            35.6774025
          ]
        ]
      }
    },
    {
      "type": "Feature",
      "properties": {
        "id": 1105290311,
        "highway": "residential",
        "name": "丸の内仲通り",
        "access": null,
        "surface": "paving_stones"
      },
      "geometry": {
        "type": "LineString",
        "coordinates": [
          [
            139.7622796,
            35.6783055
          ],
          [
            139.7623145,
            35.6784093
          ],
          [
            139.7626572,
            35.679449
          ],
          [
            139.7626949,
            35.6795633
          ],
          [
            139.7627226,
            35.6796468
          ],
          [
            139.7630467,
            35.6806244
          ],
          [
            139.7630765,
            35.680716
          ],
          [
            139.7633653,
            35.6815993
          ],
          [
            139.7633783,
            35.6816368
          ],
          [
            139.7633918,
            35.6816804
          ],
          [
            139.7634149,
            35.6817502
          ]
        ]
      }
    },
    {
      "type": "Feature",
      "properties": {
        "id": 1113105793,
        "highway": "footway",
        "name": null,
        "access": null,
        "surface": null
      },
      "geometry": {
        "type": "LineString",
        "coordinates": [
          [
            139.7652041,
            35.6778023
          ],
          [
            139.7652461,
            35.677792
          ],
          [
            139.7652858,
            35.6777817
          ]
        ]
      }
    },
    {
      "type": "Feature",
      "properties": {
        "id": 1113105794,
        "highway": "footway",
        "name": null,
        "access": null,
        "surface": "asphalt"
      },
      "geometry": {
        "type": "LineString",
        "coordinates": [
          [
            139.765109,
            35.6778263
          ],
          [
            139.7652041,
            35.6778023
          ]
        ]
      }
    },
    {
      "type": "Feature",
      "properties": {
        "id": 1158744677,
        "highway": "footway",
        "name": "大手町駅;D1出入口",
        "access": null,
        "surface": null
      },
      "geometry": {
        "type": "LineString",
        "coordinates": [
          [
            139.7625086,
            35.6824868
          ],
          [
            139.762526,
            35.6825382
          ]
        ]
      }
    },
    {
      "type": "Feature",
      "properties": {
        "id": 1158744678,
        "highway": "steps",
        "name": "大手町駅;D1出入口",
        "access": null,
        "surface": "paving_stones"
      },
      "geometry": {
        "type": "LineString",
        "coordinates": [
          [
            139.7625598,
            35.6824428
          ],
          [
            139.7625425,
            35.6824508
          ],
          [
            139.7625251,
            35.6824658
          ],
          [
            139.7625086,
            35.6824868
          ]
        ]
      }
    },
    {
      "type": "Feature",
      "properties": {
        "id": 1158744679,
        "highway": "steps",
        "name": "大手町駅;D1出入口",
        "access": null,
        "surface": "paving_stones"
      },
      "geometry": {
        "type": "LineString",
        "coordinates": [
          [
            139.7626658,
            35.6824206
          ],
          [
            139.7627436,
            35.6824043
          ]
        ]
      }
    },
    {
      "type": "Feature",
      "properties": {
        "id": 1189280544,
        "highway": "residential",
        "name": "丸の内仲通り",
        "access": null,
        "surface": "paving_stones"
      },
      "geometry": {
        "type": "LineString",
        "coordinates": [
          [
            139.7609411,
            35.6742488
          ],
          [
            139.7611426,
            35.6748558
          ],
          [
            139.7612613,
            35.6752266
          ],
          [
            139.7612868,
            35.6752937
          ],
          [
            139.7613073,
            35.6753517
          ],
          [
            139.761362,
            35.675526
          ],
          [
            139.7615117,
            35.6759795
          ],
          [
            139.7615185,
            35.6760001
          ],
          [
            139.7615479,
            35.6760893
          ]
        ]
      }
    },
    {
      "type": "Feature",
      "properties": {
        "id": 1189281015,
        "highway": "pedestrian",
        "name": null,
        "access": null,
        "surface": null
      },
      "geometry": {
        "type": "LineString",
        "coordinates": [
          [
            139.7621325,
            35.6813539
          ],
          [
            139.7621772,
            35.681344
          ],
          [
            139.7630838,
            35.6811422
          ],
          [
            139.7631274,
            35.6811325
          ]
        ]
      }
    },
    {
      "type": "Feature",
      "properties": {
        "id": 1189281016,
        "highway": "pedestrian",
        "name": null,
        "access": null,
        "surface": "concrete:plates"
      },
      "geometry": {
        "type": "LineString",
        "coordinates": [
          [
            139.7625023,
            35.6806692
          ],
          [
            139.7621916,
            35.6797301
          ]
        ]
      }
    },
    {
      "type": "Feature",
      "properties": {
        "id": 1189281203,
        "highway": "pedestrian",
        "name": null,
        "access": null,
        "surface": "paving_stones"
      },
      "geometry": {
        "type": "LineString",
        "coordinates": [
          [
            139.7640255,
            35.679358
          ],
          [
            139.764885,
            35.6791759
          ],
          [
            139.7654041,
            35.6790659
          ],
          [
            139.7654187,
            35.6791115
          ],
          [
            139.7654801,
            35.6793026
          ],
          [
            139.7648603,
            35.6794339
          ],
          [
            139.764825,
            35.6793237
          ],
          [
            139.764066,
            35.6794844
          ],
          [
            139.7640433,
            35.6794134
          ],
          [
            139.7640255,
            35.679358
          ]
        ]
      }
    },
    {
      "type": "Feature",
      "properties": {
        "id": 1189281204,
        "highway": "footway",
        "name": null,
        "access": null,
        "surface": null
      },
      "geometry": {
        "type": "LineString",
        "coordinates": [
          [
            139.7649016,
            35.679225
          ],
          [
            139.764885,
            35.6791759
          ],
          [
            139.7647949,
            35.6789104
          ]
        ]
      }
    },
    {
      "type": "Feature",
      "properties": {
        "id": 1212161667,
        "highway": "footway",
        "name": null,
        "access": null,
        "surface": null
      },
      "geometry": {
        "type": "LineString",
        "coordinates": [
          [
            139.7584044,
            35.6789278
          ],
          [
            139.7584812,
            35.679099
          ]
        ]
      }
    },
    {
      "type": "Feature",
      "properties": {
        "id": 1226057481,
        "highway": "footway",
        "name": null,
        "access": null,
        "surface": null
      },
      "geometry": {
        "type": "LineString",
        "coordinates": [
          [
            139.7637484,
            35.6756793
          ],
          [
            139.7640037,
            35.6758608
          ],
          [
            139.7642612,
            35.6760722
          ]
        ]
      }
    },
    {
      "type": "Feature",
      "properties": {
        "id": 1226057483,
        "highway": "footway",
        "name": null,
        "access": null,
        "surface": "paving_stones"
      },
      "geometry": {
        "type": "LineString",
        "coordinates": [
          [
            139.7628598,
            35.675874
          ],
          [
            139.7628471,
            35.6758816
          ],
          [
            139.7628438,
            35.6758969
          ],
          [
            139.7628475,
            35.6759082
          ],
          [
            139.7631352,
            35.6767814
          ]
        ]
      }
    },
    {
      "type": "Feature",
      "properties": {
        "id": 1226059427,
        "highway": "footway",
        "name": null,
        "access": null,
        "surface": null
      },
      "geometry": {
        "type": "LineString",
        "coordinates": [
          [
            139.7635887,
            35.6757117
          ],
          [
            139.7635793,
            35.675749
          ],
          [
            139.7635609,
            35.6758238
          ],
          [
            139.7636496,
            35.6760275
          ],
          [
            139.7636781,
            35.6760235
          ]
        ]
      }
    },
    {
      "type": "Feature",
      "properties": {
        "id": 1245149970,
        "highway": "service",
        "name": null,
        "access": null,
        "surface": null
      },
      "geometry": {
        "type": "LineString",
        "coordinates": [
          [
            139.7655611,
            35.6824126
          ],
          [
            139.7656818,
            35.682349
          ],
          [
            139.7657537,
            35.6823329
          ],
          [
            139.7658125,
            35.6822572
          ]
        ]
      }
    },
    {
      "type": "Feature",
      "properties": {
        "id": 1304672755,
        "highway": "pedestrian",
        "name": null,
        "access": null,
        "surface": null
      },
      "geometry": {
        "type": "LineString",
        "coordinates": [
          [
            139.7657542,
            35.6825403
          ],
          [
            139.7657403,
            35.6825066
          ],
          [
            139.7657305,
            35.6824938
          ],
          [
            139.7656953,
            35.6824664
          ],
          [
            139.7656451,
            35.682461
          ],
          [
            139.7655365,
            35.6824817
          ],
          [
            139.7655402,
            35.6824952
          ],
          [
            139.7654159,
            35.6825238
          ],
          [
            139.7654114,
            35.6825108
          ],
          [
            139.7652841,
            35.6825362
          ],
          [
            139.7652299,
            35.6825334
          ],
          [
            139.7651863,
            35.6825149
          ],
          [
            139.7651528,
            35.6824884
          ],
          [
            139.7651339,
            35.6824597
          ],
          [
            139.7651237,
            35.6824255
          ],
          [
            139.7651056,
            35.6824283
          ],
          [
            139.7650703,
            35.6823294
          ],
          [
            139.7650886,
            35.6823258
          ],
          [
            139.7650578,
            35.6822347
          ],
          [
            139.7650423,
            35.6822375
          ],
          [
            139.7650055,
            35.6821372
          ],
          [
            139.765021,
            35.6821338
          ],
          [
            139.7650011,
            35.6820722
          ],
          [
            139.765,
            35.6820477
          ],
          [
            139.7650091,
            35.6820216
          ],
          [
            139.7650297,
            35.6819935
          ],
          [
            139.764927,
            35.6820112
          ],
          [
            139.7651392,
            35.6826478
          ],
          [
            139.7651107,
            35.6826538
          ],
          [
            139.7651179,
            35.6826768
          ],
          [
            139.7651331,
            35.6826963
          ],
          [
            139.7651546,
            35.6827102
          ],
          [
            139.7651846,
            35.6827203
          ],
          [
            139.7652152,
            35.682721
          ],
          [
            139.7652329,
            35.6827185
          ],
          [
            139.765224,
            35.6826926
          ],
          [
            139.7656994,
            35.6825869
          ],
          [
            139.7657211,
            35.6825998
          ],
          [
            139.7657395,
            35.68258
          ],
          [
            139.7657501,
            35.6825633
          ],
          [
            139.7657542,
            35.6825403
          ]
        ]
      }
    },
    {
      "type": "Feature",
      "properties": {
        "id": 1304672758,
        "highway": "service",
        "name": null,
        "access": null,
        "surface": null
      },
      "geometry": {
        "type": "LineString",
        "coordinates": [
          [
            139.7651016,
            35.6822256
          ],
          [
            139.7652498,
            35.6821885
          ],
          [
            139.7652695,
            35.6821617
          ],
          [
            139.7652753,
            35.6821417
          ],
          [
            139.7652675,
            35.6820921
          ],
          [
            139.7652776,
            35.6820507
          ],
          [
            139.7652884,
            35.6820282
          ],
          [
            139.7653099,
            35.6820126
          ],
          [
            139.7653332,
            35.6820043
          ],
          [
            139.7653823,
            35.6819946
          ],
          [
            139.7654164,
            35.6819962
          ],
          [
            139.7654516,
            35.682011
          ],
          [
            139.7654832,
            35.6820379
          ],
          [
            139.7654943,
            35.6820678
          ],
          [
            139.7654885,
            35.6821063
          ],
          [
            139.7654714,
            35.6821318
          ],
          [
            139.7654522,
            35.6821516
          ],
          [
            139.7654194,
            35.682168
          ],
          [
            139.7653767,
            35.6821722
          ]
        ]
      }
    },
    {
      "type": "Feature",
      "properties": {
        "id": 1304672766,
        "highway": "pedestrian",
        "name": null,
        "access": null,
        "surface": null
      },
      "geometry": {
        "type": "LineString",
        "coordinates": [
          [
            139.7648389,
            35.6812505
          ],
          [
            139.7647933,
            35.681241
          ],
          [
            139.7647531,
            35.6812162
          ],
          [
            139.7647331,
            35.6811842
          ],
          [
            139.764715,
            35.6811879
          ],
          [
            139.7646821,
            35.6810858
          ],
          [
            139.7646992,
            35.6810827
          ],
          [
            139.7646704,
            35.6809809
          ],
          [
            139.7646732,
            35.6809589
          ],
          [
            139.7646989,
            35.6809143
          ],
          [
            139.7646821,
            35.6809083
          ],
          [
            139.7647455,
            35.680812
          ],
          [
            139.7647622,
            35.6808213
          ],
          [
            139.7648136,
            35.6807387
          ],
          [
            139.7647984,
            35.6807339
          ],
          [
            139.7648621,
            35.6806402
          ],
          [
            139.7648761,
            35.6806465
          ],
          [
            139.7649277,
            35.6805778
          ],
          [
            139.7649434,
            35.6805459
          ],
          [
            139.7649411,
            35.6805219
          ],
          [
            139.7649212,
            35.6804681
          ],
          [
            139.7649143,
            35.6804647
          ],
          [
            139.7648976,
            35.6804581
          ],
          [
            139.7648697,
            35.6804653
          ],
          [
            139.7648909,
            35.6805459
          ],
          [
            139.764885,
            35.6805605
          ],
          [
            139.764825,
            35.680645
          ],
          [
            139.7648223,
            35.6806603
          ],
          [
            139.7647351,
            35.6807867
          ],
          [
            139.7647271,
            35.6807976
          ],
          [
            139.7647203,
            35.6807997
          ],
          [
            139.7647096,
            35.6808008
          ],
          [
            139.7645614,
            35.6806314
          ],
          [
            139.7645594,
            35.6806238
          ],
          [
            139.7645675,
            35.6806151
          ],
          [
            139.7645573,
            35.6805656
          ],
          [
            139.7645114,
            35.6805192
          ],
          [
            139.7644793,
            35.6805268
          ],
          [
            139.7644583,
            35.6805369
          ],
          [
            139.7644425,
            35.6805539
          ],
          [
            139.7644331,
            35.6805812
          ],
          [
            139.7644388,
            35.6806129
          ],
          [
            139.7646483,
            35.6812931
          ],
          [
            139.7646741,
            35.6812873
          ],
          [
            139.7648389,
            35.6812505
          ]
        ]
      }
    },
    {
      "type": "Feature",
      "properties": {
        "id": 1304672775,
        "highway": "pedestrian",
        "name": null,
        "access": null,
        "surface": "paving_stones"
      },
      "geometry": {
        "type": "LineString",
        "coordinates": [
          [
            139.7644537,
            35.6818602
          ],
          [
            139.7645327,
            35.6818456
          ],
          [
            139.7645186,
            35.6817992
          ],
          [
            139.7645573,
            35.6817888
          ],
          [
            139.7645043,
            35.6816239
          ],
          [
            139.7644663,
            35.6816317
          ],
          [
            139.7644497,
            35.6815886
          ],
          [
            139.7644427,
            35.6815871
          ],
          [
            139.7644125,
            35.6815937
          ],
          [
            139.7643764,
            35.6816017
          ],
          [
            139.7643874,
            35.6816508
          ],
          [
            139.7635735,
            35.6818301
          ],
          [
            139.7635603,
            35.6817905
          ],
          [
            139.7633138,
            35.6818427
          ],
          [
            139.7633266,
            35.6818841
          ],
          [
            139.7625126,
            35.6820658
          ],
          [
            139.7624985,
            35.6820233
          ],
          [
            139.7624348,
            35.6820364
          ],
          [
            139.7624473,
            35.6820739
          ],
          [
            139.7624044,
            35.682083
          ],
          [
            139.7624573,
            35.6822487
          ],
          [
            139.7625004,
            35.6822416
          ],
          [
            139.7625136,
            35.6822794
          ],
          [
            139.7625839,
            35.682272
          ],
          [
            139.76257,
            35.6822294
          ],
          [
            139.7633825,
            35.6820534
          ],
          [
            139.7633964,
            35.6820959
          ],
          [
            139.7636432,
            35.6820379
          ],
          [
            139.7636304,
            35.6819995
          ],
          [
            139.7644409,
            35.6818217
          ],
          [
            139.7644537,
            35.6818602
          ]
        ]
      }
    },
    {
      "type": "Feature",
      "properties": {
        "id": 1304672776,
        "highway": "pedestrian",
        "name": null,
        "access": null,
        "surface": "paving_stones"
      },
      "geometry": {
        "type": "LineString",
        "coordinates": [
          [
            139.7651363,
            35.6804524
          ],
          [
            139.7651377,
            35.6804276
          ],
          [
            139.7651472,
            35.6804069
          ],
          [
            139.7651731,
            35.6803713
          ],
          [
            139.7651902,
            35.6803632
          ],
          [
            139.7652231,
            35.6803534
          ],
          [
            139.7652831,
            35.6803328
          ],
          [
            139.7653385,
            35.6803042
          ],
          [
            139.7653914,
            35.6802555
          ],
          [
            139.7654099,
            35.6802266
          ],
          [
            139.7654739,
            35.6802407
          ],
          [
            139.7654846,
            35.6802682
          ],
          [
            139.7655269,
            35.68034
          ],
          [
            139.7655153,
            35.6803538
          ],
          [
            139.765424,
            35.6803152
          ],
          [
            139.7653836,
            35.6803784
          ],
          [
            139.7653085,
            35.6804889
          ],
          [
            139.7653441,
            35.6805831
          ],
          [
            139.7652766,
            35.6806007
          ],
          [
            139.7652427,
            35.6804976
          ],
          [
            139.7652292,
            35.6804721
          ],
          [
            139.7652018,
            35.6804542
          ],
          [
            139.7651627,
            35.6804487
          ],
          [
            139.7651363,
            35.6804524
          ]
        ]
      }
    },
    {
      "type": "Feature",
      "properties": {
        "id": 1304672781,
        "highway": "pedestrian",
        "name": null,
        "access": null,
        "surface": null
      },
      "geometry": {
        "type": "LineString",
        "coordinates": [
          [
            139.7645675,
            35.6806151
          ],
          [
            139.7646055,
            35.6805954
          ],
          [
            139.7646734,
            35.6805633
          ],
          [
            139.7647083,
            35.680547
          ],
          [
            139.7647217,
            35.6805454
          ],
          [
            139.7647344,
            35.680547
          ],
          [
            139.764835,
            35.6805274
          ],
          [
            139.7648558,
            35.6805274
          ],
          [
            139.7648712,
            35.6805323
          ],
          [
            139.7648793,
            35.6805399
          ],
          [
            139.7648833,
            35.6805465
          ],
          [
            139.7648833,
            35.6805535
          ],
          [
            139.7648909,
            35.6805459
          ],
          [
            139.7648697,
            35.6804653
          ],
          [
            139.7648458,
            35.6804558
          ],
          [
            139.7647733,
            35.6804833
          ],
          [
            139.7645696,
            35.6805288
          ],
          [
            139.7645114,
            35.6805192
          ],
          [
            139.7645573,
            35.6805656
          ],
          [
            139.7645675,
            35.6806151
          ]
        ]
      }
    },
    {
      "type": "Feature",
      "properties": {
        "id": 1308390743,
        "highway": "pedestrian",
        "name": null,
        "access": null,
        "surface": null
      },
      "geometry": {
        "type": "LineString",
        "coordinates": [
          [
            139.7659975,
            35.6826489
          ],
          [
            139.7660172,
            35.6826437
          ],
          [
            139.7660595,
            35.6826451
          ],
          [
            139.7661224,
            35.6826523
          ],
          [
            139.7662047,
            35.6826819
          ],
          [
            139.7662029,
            35.6827098
          ],
          [
            139.7661408,
            35.6826979
          ],
          [
            139.7660653,
            35.6826913
          ],
          [
            139.7660298,
            35.6826875
          ],
          [
            139.7660002,
            35.6826695
          ],
          [
            139.7659916,
            35.682659
          ],
          [
            139.7659975,
            35.6826489
          ]
        ]
      }
    },
    {
      "type": "Feature",
      "properties": {
        "id": 1313727713,
        "highway": "footway",
        "name": "東京駅;丸の内中央口",
        "access": null,
        "surface": "paving_stones"
      },
      "geometry": {
        "type": "LineString",
        "coordinates": [
          [
            139.7660203,
            35.6815845
          ],
          [
            139.765961,
            35.6815987
          ],
          [
            139.7658723,
            35.6816207
          ],
          [
            139.7658003,
            35.6816371
          ]
        ]
      }
    },
    {
      "type": "Feature",
      "properties": {
        "id": 1337242033,
        "highway": "footway",
        "name": null,
        "access": null,
        "surface": "paving_stones"
      },
      "geometry": {
        "type": "LineString",
        "coordinates": [
          [
            139.7649007,
            35.6819572
          ],
          [
            139.7648786,
            35.6819623
          ]
        ]
      }
    },
    {
      "type": "Feature",
      "properties": {
        "id": 1337242752,
        "highway": "footway",
        "name": null,
        "access": null,
        "surface": "asphalt"
      },
      "geometry": {
        "type": "LineString",
        "coordinates": [
          [
            139.7644968,
            35.681858
          ],
          [
            139.7645197,
            35.6819164
          ],
          [
            139.7645439,
            35.6819894
          ]
        ]
      }
    },
    {
      "type": "Feature",
      "properties": {
        "id": 1337242753,
        "highway": "footway",
        "name": null,
        "access": null,
        "surface": "asphalt"
      },
      "geometry": {
        "type": "LineString",
        "coordinates": [
          [
            139.7643708,
            35.6814655
          ],
          [
            139.7643972,
            35.6815451
          ],
          [
            139.7644125,
            35.6815937
          ]
        ]
      }
    },
    {
      "type": "Feature",
      "properties": {
        "id": 1337242754,
        "highway": "footway",
        "name": null,
        "access": null,
        "surface": "paving_stones"
      },
      "geometry": {
        "type": "LineString",
        "coordinates": [
          [
            139.7645439,
            35.6819894
          ],
          [
            139.7645574,
            35.6820273
          ]
        ]
      }
    },
    {
      "type": "Feature",
      "properties": {
        "id": 1337242755,
        "highway": "footway",
        "name": null,
        "access": null,
        "surface": null
      },
      "geometry": {
        "type": "LineString",
        "coordinates": [
          [
            139.7643561,
            35.6814209
          ],
          [
            139.7643708,
            35.6814655
          ]
        ]
      }
    },
    {
      "type": "Feature",
      "properties": {
        "id": 1337245160,
        "highway": "footway",
        "name": null,
        "access": null,
        "surface": null
      },
      "geometry": {
        "type": "LineString",
        "coordinates": [
          [
            139.7660136,
            35.6821097
          ],
          [
            139.7663875,
            35.6822284
          ]
        ]
      }
    },
    {
      "type": "Feature",
      "properties": {
        "id": 1337245161,
        "highway": "footway",
        "name": null,
        "access": null,
        "surface": "paving_stones"
      },
      "geometry": {
        "type": "LineString",
        "coordinates": [
          [
            139.7660046,
            35.6823277
          ],
          [
            139.765968,
            35.682337
          ]
        ]
      }
    },
    {
      "type": "Feature",
      "properties": {
        "id": 1337245162,
        "highway": "footway",
        "name": null,
        "access": null,
        "surface": "paving_stones"
      },
      "geometry": {
        "type": "LineString",
        "coordinates": [
          [
            139.7662103,
            35.6825509
          ],
          [
            139.7662141,
            35.6825245
          ]
        ]
      }
    },
    {
      "type": "Feature",
      "properties": {
        "id": 1337245473,
        "highway": "footway",
        "name": null,
        "access": null,
        "surface": "paving_stones"
      },
      "geometry": {
        "type": "LineString",
        "coordinates": [
          [
            139.7649914,
            35.6831317
          ],
          [
            139.7649822,
            35.6830987
          ]
        ]
      }
    },
    {
      "type": "Feature",
      "properties": {
        "id": 1337245474,
        "highway": "footway",
        "name": null,
        "access": null,
        "surface": "paving_stones"
      },
      "geometry": {
        "type": "LineString",
        "coordinates": [
          [
            139.7649488,
            35.6829995
          ],
          [
            139.7649349,
            35.682961
          ]
        ]
      }
    },
    {
      "type": "Feature",
      "properties": {
        "id": 1340493087,
        "highway": "service",
        "name": null,
        "access": null,
        "surface": null
      },
      "geometry": {
        "type": "LineString",
        "coordinates": [
          [
            139.7646863,
            35.6831083
          ],
          [
            139.7646564,
            35.683037
          ],
          [
            139.7645996,
            35.6828863
          ],
          [
            139.7643681,
            35.6829362
          ]
        ]
      }
    },
    {
      "type": "Feature",
      "properties": {
        "id": 1340493090,
        "highway": "service",
        "name": null,
        "access": null,
        "surface": null
      },
      "geometry": {
        "type": "LineString",
        "coordinates": [
          [
            139.7643712,
            35.6831773
          ],
          [
            139.7643915,
            35.683232
          ],
          [
            139.7643972,
            35.6832476
          ],
          [
            139.7644655,
            35.6834317
          ]
        ]
      }
    },
    {
      "type": "Feature",
      "properties": {
        "id": 1340584960,
        "highway": "footway",
        "name": null,
        "access": null,
        "surface": null
      },
      "geometry": {
        "type": "LineString",
        "coordinates": [
          [
            139.7661902,
            35.6828231
          ],
          [
            139.766166,
            35.6828555
          ]
        ]
      }
    },
    {
      "type": "Feature",
      "properties": {
        "id": 1340584961,
        "highway": "footway",
        "name": null,
        "access": null,
        "surface": null
      },
      "geometry": {
        "type": "LineString",
        "coordinates": [
          [
            139.7657403,
            35.6825066
          ],
          [
            139.7657824,
            35.6824972
          ],
          [
            139.7658663,
            35.6824784
          ],
          [
            139.7659215,
            35.682466
          ],
          [
            139.7659626,
            35.6824577
          ]
        ]
      }
    },
    {
      "type": "Feature",
      "properties": {
        "id": 1340584962,
        "highway": "footway",
        "name": null,
        "access": null,
        "surface": "paving_stones"
      },
      "geometry": {
        "type": "LineString",
        "coordinates": [
          [
            139.766387,
            35.6833216
          ],
          [
            139.7663653,
            35.6832573
          ],
          [
            139.7662464,
            35.6828942
          ]
        ]
      }
    },
    {
      "type": "Feature",
      "properties": {
        "id": 1340584963,
        "highway": "service",
        "name": "丸の内オアゾ",
        "access": null,
        "surface": "paving_stones"
      },
      "geometry": {
        "type": "LineString",
        "coordinates": [
          [
            139.7668158,
            35.6830465
          ],
          [
            139.7667744,
            35.6830976
          ],
          [
            139.7667443,
            35.6831346
          ],
          [
            139.7667736,
            35.6832575
          ],
          [
            139.7667918,
            35.6833337
          ],
          [
            139.7668307,
            35.6833184
          ],
          [
            139.7669043,
            35.6832895
          ],
          [
            139.7669512,
            35.6832711
          ],
          [
            139.7670301,
            35.6832401
          ]
        ]
      }
    },
    {
      "type": "Feature",
      "properties": {
        "id": 1340584964,
        "highway": "service",
        "name": null,
        "access": null,
        "surface": "concrete"
      },
      "geometry": {
        "type": "LineString",
        "coordinates": [
          [
            139.7654961,
            35.6824449
          ],
          [
            139.7655611,
            35.6824126
          ]
        ]
      }
    },
    {
      "type": "Feature",
      "properties": {
        "id": 1351538594,
        "highway": "footway",
        "name": null,
        "access": null,
        "surface": "paving_stones"
      },
      "geometry": {
        "type": "LineString",
        "coordinates": [
          [
            139.7643415,
            35.6773094
          ],
          [
            139.7641244,
            35.6773568
          ],
          [
            139.7637526,
            35.6774386
          ],
          [
            139.7632119,
            35.6757884
          ],
          [
            139.7631911,
            35.6757274
          ]
        ]
      }
    },
    {
      "type": "Feature",
      "properties": {
        "id": 1352284900,
        "highway": "footway",
        "name": "東京駅(改札外)",
        "access": null,
        "surface": null
      },
      "geometry": {
        "type": "LineString",
        "coordinates": [
          [
            139.7653061,
            35.6806326
          ],
          [
            139.7654144,
            35.6806038
          ],
          [
            139.7654582,
            35.6805921
          ]
        ]
      }
    },
    {
      "type": "Feature",
      "properties": {
        "id": 1352284901,
        "highway": "steps",
        "name": "東京駅;M1出入口",
        "access": null,
        "surface": null
      },
      "geometry": {
        "type": "LineString",
        "coordinates": [
          [
            139.7650905,
            35.6806872
          ],
          [
            139.765125,
            35.6806868
          ],
          [
            139.7652825,
            35.6806472
          ],
          [
            139.7653061,
            35.6806326
          ],
          [
            139.7652766,
            35.6806329
          ],
          [
            139.7651188,
            35.6806716
          ],
          [
            139.7650905,
            35.6806872
          ]
        ]
      }
    },
    {
      "type": "Feature",
      "properties": {
        "id": 1352284902,
        "highway": "footway",
        "name": "東京駅;丸の内南口タクシー乗り場",
        "access": null,
        "surface": null
      },
      "geometry": {
        "type": "LineString",
        "coordinates": [
          [
            139.7655683,
            35.6807649
          ],
          [
            139.7654113,
            35.6807044
          ],
          [
            139.7653471,
            35.6806978
          ],
          [
            139.7652883,
            35.6807018
          ]
        ]
      }
    },
    {
      "type": "Feature",
      "properties": {
        "id": 1352288976,
        "highway": "steps",
        "name": "三菱ビル;東京駅M3出入口",
        "access": null,
        "surface": null
      },
      "geometry": {
        "type": "LineString",
        "coordinates": [
          [
            139.7639095,
            35.6803814
          ],
          [
            139.7638741,
            35.6802789
          ],
          [
            139.7637025,
            35.6803167
          ]
        ]
      }
    },
    {
      "type": "Feature",
      "properties": {
        "id": 1352288977,
        "highway": "footway",
        "name": "三菱ビル;東京駅M3出入口",
        "access": null,
        "surface": null
      },
      "geometry": {
        "type": "LineString",
        "coordinates": [
          [
            139.7637025,
            35.6803167
          ],
          [
            139.7637313,
            35.6804027
          ]
        ]
      }
    },
    {
      "type": "Feature",
      "properties": {
        "id": 1352288978,
        "highway": "footway",
        "name": "JPタワー",
        "access": null,
        "surface": null
      },
      "geometry": {
        "type": "LineString",
        "coordinates": [
          [
            139.7651262,
            35.6801368
          ],
          [
            139.7650805,
            35.6800754
          ]
        ]
      }
    },
    {
      "type": "Feature",
      "properties": {
        "id": 1352288979,
        "highway": "service",
        "name": "JPタワー",
        "access": null,
        "surface": null
      },
      "geometry": {
        "type": "LineString",
        "coordinates": [
          [
            139.7642635,
            35.6800507
          ],
          [
            139.764184,
            35.6798069
          ]
        ]
      }
    },
    {
      "type": "Feature",
      "properties": {
        "id": 1352288981,
        "highway": "footway",
        "name": "三菱ビル",
        "access": null,
        "surface": null
      },
      "geometry": {
        "type": "LineString",
        "coordinates": [
          [
            139.7638741,
            35.6802789
          ],
          [
            139.763856,
            35.680224
          ]
        ]
      }
    },
    {
      "type": "Feature",
      "properties": {
        "id": 1352288982,
        "highway": "footway",
        "name": null,
        "access": null,
        "surface": null
      },
      "geometry": {
        "type": "LineString",
        "coordinates": [
          [
            139.7641836,
            35.6803659
          ],
          [
            139.7641691,
            35.6803249
          ],
          [
            139.764151,
            35.6802697
          ]
        ]
      }
    },
    {
      "type": "Feature",
      "properties": {
        "id": 1352288983,
        "highway": "footway",
        "name": "三菱ビル;東京駅M3出入口",
        "access": null,
        "surface": null
      },
      "geometry": {
        "type": "LineString",
        "coordinates": [
          [
            139.7641691,
            35.6803249
          ],
          [
            139.7639095,
            35.6803814
          ]
        ]
      }
    },
    {
      "type": "Feature",
      "properties": {
        "id": 1352489476,
        "highway": "footway",
        "name": "丸の内オアゾ(地下1階)",
        "access": null,
        "surface": "paving_stones"
      },
      "geometry": {
        "type": "LineString",
        "coordinates": [
          [
            139.7662505,
            35.6828376
          ],
          [
            139.7663324,
            35.6830936
          ],
          [
            139.7666677,
            35.6841215
          ],
          [
            139.7667355,
            35.6843271
          ]
        ]
      }
    },
    {
      "type": "Feature",
      "properties": {
        "id": 1352489477,
        "highway": "footway",
        "name": "丸の内オアゾ(1階)",
        "access": null,
        "surface": "paving_stones"
      },
      "geometry": {
        "type": "LineString",
        "coordinates": [
          [
            139.766387,
            35.6833216
          ],
          [
            139.7667272,
            35.6843379
          ],
          [
            139.7667456,
            35.6843928
          ]
        ]
      }
    },
    {
      "type": "Feature",
      "properties": {
        "id": 1352489478,
        "highway": "footway",
        "name": "東京駅;M10出入口",
        "access": null,
        "surface": null
      },
      "geometry": {
        "type": "LineString",
        "coordinates": [
          [
            139.7652376,
            35.6830237
          ],
          [
            139.7652298,
            35.6830368
          ],
          [
            139.7652484,
            35.6830677
          ]
        ]
      }
    },
    {
      "type": "Feature",
      "properties": {
        "id": 1352489479,
        "highway": "footway",
        "name": "日本生命丸の内ビル",
        "access": null,
        "surface": null
      },
      "geometry": {
        "type": "LineString",
        "coordinates": [
          [
            139.7652833,
            35.6829578
          ],
          [
            139.7653697,
            35.683006
          ],
          [
            139.7654031,
            35.6830246
          ],
          [
            139.7655821,
            35.6829851
          ],
          [
            139.7658881,
            35.6829176
          ],
          [
            139.7662505,
            35.6828376
          ]
        ]
      }
    },
    {
      "type": "Feature",
      "properties": {
        "id": 1352489481,
        "highway": "steps",
        "name": null,
        "access": null,
        "surface": "paving_stones"
      },
      "geometry": {
        "type": "LineString",
        "coordinates": [
          [
            139.7664634,
            35.683155
          ],
          [
            139.7664899,
            35.6832308
          ]
        ]
      }
    },
    {
      "type": "Feature",
      "properties": {
        "id": 1352489482,
        "highway": "footway",
        "name": null,
        "access": null,
        "surface": "paving_stones"
      },
      "geometry": {
        "type": "LineString",
        "coordinates": [
          [
            139.7664899,
            35.6832308
          ],
          [
            139.7663653,
            35.6832573
          ]
        ]
      }
    },
    {
      "type": "Feature",
      "properties": {
        "id": 1352489483,
        "highway": "footway",
        "name": null,
        "access": null,
        "surface": "paving_stones"
      },
      "geometry": {
        "type": "LineString",
        "coordinates": [
          [
            139.7663324,
            35.6830936
          ],
          [
            139.7664634,
            35.683155
          ]
        ]
      }
    },
    {
      "type": "Feature",
      "properties": {
        "id": 1353305906,
        "highway": "footway",
        "name": "東京ビルディング",
        "access": null,
        "surface": "paving_stones"
      },
      "geometry": {
        "type": "LineString",
        "coordinates": [
          [
            139.7649403,
            35.6778688
          ],
          [
            139.764894,
            35.6779448
          ]
        ]
      }
    },
    {
      "type": "Feature",
      "properties": {
        "id": 1353305907,
        "highway": "steps",
        "name": "東京ビルディング",
        "access": null,
        "surface": null
      },
      "geometry": {
        "type": "LineString",
        "coordinates": [
          [
            139.764894,
            35.6779448
          ],
          [
            139.7646143,
            35.6780054
          ]
        ]
      }
    },
    {
      "type": "Feature",
      "properties": {
        "id": 1353305908,
        "highway": "footway",
        "name": "東京ビルディング",
        "access": null,
        "surface": null
      },
      "geometry": {
        "type": "LineString",
        "coordinates": [
          [
            139.7646143,
            35.6780054
          ],
          [
            139.7646279,
            35.6780484
          ],
          [
            139.7645593,
            35.6780639
          ]
        ]
      }
    },
    {
      "type": "Feature",
      "properties": {
        "id": 1353305909,
        "highway": "steps",
        "name": null,
        "access": null,
        "surface": null
      },
      "geometry": {
        "type": "LineString",
        "coordinates": [
          [
            139.7644134,
            35.6777672
          ],
          [
            139.7642375,
            35.6778048
          ]
        ]
      }
    },
    {
      "type": "Feature",
      "properties": {
        "id": 1353305910,
        "highway": "steps",
        "name": null,
        "access": null,
        "surface": null
      },
      "geometry": {
        "type": "LineString",
        "coordinates": [
          [
            139.764442,
            35.6778507
          ],
          [
            139.7642574,
            35.6778894
          ]
        ]
      }
    },
    {
      "type": "Feature",
      "properties": {
        "id": 1353305911,
        "highway": "footway",
        "name": null,
        "access": null,
        "surface": null
      },
      "geometry": {
        "type": "LineString",
        "coordinates": [
          [
            139.7642524,
            35.6778975
          ],
          [
            139.7642574,
            35.6778894
          ],
          [
            139.7642483,
            35.6778855
          ]
        ]
      }
    },
    {
      "type": "Feature",
      "properties": {
        "id": 1353305912,
        "highway": "footway",
        "name": null,
        "access": null,
        "surface": null
      },
      "geometry": {
        "type": "LineString",
        "coordinates": [
          [
            139.7642334,
            35.6778113
          ],
          [
            139.7642375,
            35.6778048
          ],
          [
            139.7642305,
            35.6778007
          ]
        ]
      }
    },
    {
      "type": "Feature",
      "properties": {
        "id": 1353305913,
        "highway": "footway",
        "name": null,
        "access": null,
        "surface": null
      },
      "geometry": {
        "type": "LineString",
        "coordinates": [
          [
            139.764442,
            35.6778507
          ],
          [
            139.7644261,
            35.6778027
          ],
          [
            139.7644134,
            35.6777672
          ]
        ]
      }
    },
    {
      "type": "Feature",
      "properties": {
        "id": 1353305914,
        "highway": "steps",
        "name": null,
        "access": null,
        "surface": null
      },
      "geometry": {
        "type": "LineString",
        "coordinates": [
          [
            139.7644261,
            35.6778027
          ],
          [
            139.7646112,
            35.6777645
          ],
          [
            139.764621,
            35.6777669
          ]
        ]
      }
    },
    {
      "type": "Feature",
      "properties": {
        "id": 1353305916,
        "highway": "footway",
        "name": null,
        "access": null,
        "surface": "asphalt"
      },
      "geometry": {
        "type": "LineString",
        "coordinates": [
          [
            139.7651812,
            35.6774786
          ],
          [
            139.7652051,
            35.6775479
          ],
          [
            139.7652131,
            35.6775712
          ],
          [
            139.7652399,
            35.6776492
          ],
          [
            139.7652462,
            35.6776681
          ],
          [
            139.7652831,
            35.6777745
          ]
        ]
      }
    },
    {
      "type": "Feature",
      "properties": {
        "id": 1353305917,
        "highway": "steps",
        "name": "東京ビルディング",
        "access": null,
        "surface": null
      },
      "geometry": {
        "type": "LineString",
        "coordinates": [
          [
            139.7645593,
            35.6780639
          ],
          [
            139.7644918,
            35.6778633
          ]
        ]
      }
    },
    {
      "type": "Feature",
      "properties": {
        "id": 1353305918,
        "highway": "footway",
        "name": "東京ビルディング;地下1階",
        "access": null,
        "surface": null
      },
      "geometry": {
        "type": "LineString",
        "coordinates": [
          [
            139.7646279,
            35.6780484
          ],
          [
            139.7648302,
            35.678005
          ],
          [
            139.7648637,
            35.6781045
          ],
          [
            139.7651106,
            35.6788375
          ],
          [
            139.7651972,
            35.6790947
          ]
        ]
      }
    },
    {
      "type": "Feature",
      "properties": {
        "id": 1353305919,
        "highway": "footway",
        "name": null,
        "access": null,
        "surface": null
      },
      "geometry": {
        "type": "LineString",
        "coordinates": [
          [
            139.7648189,
            35.6792431
          ],
          [
            139.7648871,
            35.6794442
          ]
        ]
      }
    },
    {
      "type": "Feature",
      "properties": {
        "id": 1353305920,
        "highway": "footway",
        "name": "JPタワー;1階",
        "access": null,
        "surface": null
      },
      "geometry": {
        "type": "LineString",
        "coordinates": [
          [
            139.7648871,
            35.6794442
          ],
          [
            139.7649648,
            35.6796978
          ],
          [
            139.7650269,
            35.6799005
          ],
          [
            139.7650723,
            35.6800489
          ],
          [
            139.7650805,
            35.6800754
          ]
        ]
      }
    },
    {
      "type": "Feature",
      "properties": {
        "id": 1353305921,
        "highway": "footway",
        "name": "JPタワー;地下1階",
        "access": null,
        "surface": null
      },
      "geometry": {
        "type": "LineString",
        "coordinates": [
          [
            139.7651972,
            35.6790947
          ],
          [
            139.7652952,
            35.6793855
          ],
          [
            139.7650001,
            35.679867
          ],
          [
            139.7649024,
            35.6800373
          ],
          [
            139.7649557,
            35.6801897
          ]
        ]
      }
    },
    {
      "type": "Feature",
      "properties": {
        "id": 1353305922,
        "highway": "footway",
        "name": "JPタワー;1階;東京中央郵便局",
        "access": null,
        "surface": null
      },
      "geometry": {
        "type": "LineString",
        "coordinates": [
          [
            139.7650723,
            35.6800489
          ],
          [
            139.7647827,
            35.6801134
          ],
          [
            139.7646784,
            35.6801367
          ]
        ]
      }
    },
    {
      "type": "Feature",
      "properties": {
        "id": 1353875973,
        "highway": "footway",
        "name": "JPタワー",
        "access": null,
        "surface": null
      },
      "geometry": {
        "type": "LineString",
        "coordinates": [
          [
            139.7642238,
            35.6800791
          ],
          [
            139.7643124,
            35.6800582
          ]
        ]
      }
    },
    {
      "type": "Feature",
      "properties": {
        "id": 1353875974,
        "highway": "footway",
        "name": "JPタワー;1階",
        "access": null,
        "surface": null
      },
      "geometry": {
        "type": "LineString",
        "coordinates": [
          [
            139.7643124,
            35.6800582
          ],
          [
            139.7645844,
            35.6799978
          ],
          [
            139.7650269,
            35.6799005
          ]
        ]
      }
    },
    {
      "type": "Feature",
      "properties": {
        "id": 1353875975,
        "highway": "steps",
        "name": "JPタワー",
        "access": null,
        "surface": null
      },
      "geometry": {
        "type": "LineString",
        "coordinates": [
          [
            139.7645844,
            35.6799978
          ],
          [
            139.7645769,
            35.679972
          ],
          [
            139.764862,
            35.6799098
          ]
        ]
      }
    },
    {
      "type": "Feature",
      "properties": {
        "id": 1353875976,
        "highway": "footway",
        "name": "JPタワー;地下1階",
        "access": null,
        "surface": null
      },
      "geometry": {
        "type": "LineString",
        "coordinates": [
          [
            139.7649024,
            35.6800373
          ],
          [
            139.764862,
            35.6799098
          ]
        ]
      }
    },
    {
      "type": "Feature",
      "properties": {
        "id": 1353875977,
        "highway": "footway",
        "name": null,
        "access": null,
        "surface": null
      },
      "geometry": {
        "type": "LineString",
        "coordinates": [
          [
            139.7653836,
            35.6803784
          ],
          [
            139.7657367,
            35.6805187
          ],
          [
            139.7658722,
            35.6805803
          ]
        ]
      }
    },
    {
      "type": "Feature",
      "properties": {
        "id": 1353875978,
        "highway": "footway",
        "name": null,
        "access": null,
        "surface": "paving_stones"
      },
      "geometry": {
        "type": "LineString",
        "coordinates": [
          [
            139.7652161,
            35.6803606
          ],
          [
            139.7653581,
            35.6803669
          ],
          [
            139.7653836,
            35.6803784
          ]
        ]
      }
    },
    {
      "type": "Feature",
      "properties": {
        "id": 1353875979,
        "highway": "footway",
        "name": null,
        "access": null,
        "surface": "paving_stones"
      },
      "geometry": {
        "type": "LineString",
        "coordinates": [
          [
            139.7644918,
            35.6778633
          ],
          [
            139.7643047,
            35.6779035
          ],
          [
            139.7642818,
            35.6778393
          ]
        ]
      }
    },
    {
      "type": "Feature",
      "properties": {
        "id": 1353875980,
        "highway": "steps",
        "name": null,
        "access": null,
        "surface": null
      },
      "geometry": {
        "type": "LineString",
        "coordinates": [
          [
            139.766024,
            35.6803928
          ],
          [
            139.7660918,
            35.6806415
          ]
        ]
      }
    },
    {
      "type": "Feature",
      "properties": {
        "id": 1353875981,
        "highway": "footway",
        "name": null,
        "access": null,
        "surface": null
      },
      "geometry": {
        "type": "LineString",
        "coordinates": [
          [
            139.766071,
            35.6806563
          ],
          [
            139.7660918,
            35.6806415
          ],
          [
            139.7661222,
            35.6806471
          ]
        ]
      }
    },
    {
      "type": "Feature",
      "properties": {
        "id": 1353875982,
        "highway": "footway",
        "name": "東京駅(改札外)",
        "access": null,
        "surface": null
      },
      "geometry": {
        "type": "LineString",
        "coordinates": [
          [
            139.7647603,
            35.6807718
          ],
          [
            139.7647385,
            35.6807771
          ],
          [
            139.7645933,
            35.6808122
          ],
          [
            139.7643383,
            35.6808771
          ],
          [
            139.7641905,
            35.6809112
          ]
        ]
      }
    },
    {
      "type": "Feature",
      "properties": {
        "id": 1353876699,
        "highway": "footway",
        "name": "東京駅京葉地下八重洲口",
        "access": null,
        "surface": "paving_stones"
      },
      "geometry": {
        "type": "LineString",
        "coordinates": [
          [
            139.765755,
            35.6775392
          ],
          [
            139.7657381,
            35.6775181
          ],
          [
            139.7656622,
            35.6774327
          ]
        ]
      }
    },
    {
      "type": "Feature",
      "properties": {
        "id": 1353876700,
        "highway": "footway",
        "name": "東京駅京葉地下八重洲口",
        "access": null,
        "surface": "paving_stones"
      },
      "geometry": {
        "type": "LineString",
        "coordinates": [
          [
            139.7656622,
            35.6774327
          ],
          [
            139.7656549,
            35.6774107
          ]
        ]
      }
    },
    {
      "type": "Feature",
      "properties": {
        "id": 1353876701,
        "highway": "footway",
        "name": "東京駅;京葉地下丸の内口;地下2階",
        "access": null,
        "surface": "paving_stones"
      },
      "geometry": {
        "type": "LineString",
        "coordinates": [
          [
            139.7643461,
            35.6778256
          ],
          [
            139.764621,
            35.6777669
          ]
        ]
      }
    },
    {
      "type": "Feature",
      "properties": {
        "id": 1353876702,
        "highway": "footway",
        "name": "東京駅京葉地下丸の内口",
        "access": null,
        "surface": "paving_stones"
      },
      "geometry": {
        "type": "LineString",
        "coordinates": [
          [
            139.7642818,
            35.6778393
          ],
          [
            139.7643461,
            35.6778256
          ]
        ]
      }
    },
    {
      "type": "Feature",
      "properties": {
        "id": 1353876703,
        "highway": "footway",
        "name": null,
        "access": null,
        "surface": null
      },
      "geometry": {
        "type": "LineString",
        "coordinates": [
          [
            139.7656787,
            35.6774054
          ],
          [
            139.7656811,
            35.6774128
          ]
        ]
      }
    },
    {
      "type": "Feature",
      "properties": {
        "id": 1353952010,
        "highway": "steps",
        "name": null,
        "access": null,
        "surface": null
      },
      "geometry": {
        "type": "LineString",
        "coordinates": [
          [
            139.7649648,
            35.6796978
          ],
          [
            139.7649393,
            35.6797023
          ],
          [
            139.7650001,
            35.679867
          ]
        ]
      }
    },
    {
      "type": "Feature",
      "properties": {
        "id": 1353952011,
        "highway": "footway",
        "name": "南通路",
        "access": null,
        "surface": null
      },
      "geometry": {
        "type": "LineString",
        "coordinates": [
          [
            139.7660112,
            35.680505
          ],
          [
            139.7660662,
            35.6804923
          ],
          [
            139.7661233,
            35.6805023
          ],
          [
            139.7661963,
            35.6804854
          ],
          [
            139.7663854,
            35.6804405
          ],
          [
            139.7664964,
            35.6804134
          ],
          [
            139.7665879,
            35.6803915
          ],
          [
            139.7666904,
            35.680367
          ]
        ]
      }
    },
    {
      "type": "Feature",
      "properties": {
        "id": 1353952012,
        "highway": "steps",
        "name": "南通路",
        "access": null,
        "surface": null
      },
      "geometry": {
        "type": "LineString",
        "coordinates": [
          [
            139.7666904,
            35.680367
          ],
          [
            139.7667395,
            35.6803547
          ]
        ]
      }
    },
    {
      "type": "Feature",
      "properties": {
        "id": 1354198579,
        "highway": "footway",
        "name": "東京駅;M11出入口",
        "access": null,
        "surface": null
      },
      "geometry": {
        "type": "LineString",
        "coordinates": [
          [
            139.7657403,
            35.6825066
          ],
          [
            139.7656701,
            35.6825259
          ]
        ]
      }
    },
    {
      "type": "Feature",
      "properties": {
        "id": 1354198580,
        "highway": "steps",
        "name": "東京駅;M11出入口",
        "access": null,
        "surface": null
      },
      "geometry": {
        "type": "LineString",
        "coordinates": [
          [
            139.7656701,
            35.6825259
          ],
          [
            139.7653231,
            35.6826051
          ]
        ]
      }
    },
    {
      "type": "Feature",
      "properties": {
        "id": 1354198581,
        "highway": "footway",
        "name": "東京駅(改札外)",
        "access": null,
        "surface": null
      },
      "geometry": {
        "type": "LineString",
        "coordinates": [
          [
            139.7652833,
            35.6829578
          ],
          [
            139.7653876,
            35.6828156
          ]
        ]
      }
    },
    {
      "type": "Feature",
      "properties": {
        "id": 1354198582,
        "highway": "footway",
        "name": "自由通路 地下1階",
        "access": null,
        "surface": null
      },
      "geometry": {
        "type": "LineString",
        "coordinates": [
          [
            139.7668187,
            35.6825001
          ],
          [
            139.767269,
            35.6823914
          ],
          [
            139.7673184,
            35.6823783
          ],
          [
            139.7684405,
            35.6821093
          ],
          [
            139.7685234,
            35.6820894
          ],
          [
            139.7685079,
            35.6820505
          ]
        ]
      }
    },
    {
      "type": "Feature",
      "properties": {
        "id": 1354198583,
        "highway": "footway",
        "name": "自由通路 1階",
        "access": null,
        "surface": null
      },
      "geometry": {
        "type": "LineString",
        "coordinates": [
          [
            139.766784,
            35.6825298
          ],
          [
            139.7672597,
            35.6824127
          ],
          [
            139.7682812,
            35.6821648
          ],
          [
            139.7685843,
            35.6820911
          ],
          [
            139.7686438,
            35.6820768
          ]
        ]
      }
    },
    {
      "type": "Feature",
      "properties": {
        "id": 1354198585,
        "highway": "steps",
        "name": null,
        "access": null,
        "surface": null
      },
      "geometry": {
        "type": "LineString",
        "coordinates": [
          [
            139.767269,
            35.6823914
          ],
          [
            139.7672801,
            35.6824243
          ],
          [
            139.7672646,
            35.6824281
          ],
          [
            139.7672597,
            35.6824127
          ]
        ]
      }
    },
    {
      "type": "Feature",
      "properties": {
        "id": 1354198588,
        "highway": "footway",
        "name": "グランスタ東京;地下1階",
        "access": null,
        "surface": null
      },
      "geometry": {
        "type": "LineString",
        "coordinates": [
          [
            139.7672735,
            35.6822475
          ],
          [
            139.7672631,
            35.6822182
          ],
          [
            139.76725,
            35.6821818
          ],
          [
            139.7670794,
            35.6817053
          ],
          [
            139.7670343,
            35.6815796
          ],
          [
            139.7670107,
            35.6815157
          ],
          [
            139.7669886,
            35.681456
          ],
          [
            139.7668936,
            35.681195
          ],
          [
            139.7668303,
            35.6810244
          ]
        ]
      }
    },
    {
      "type": "Feature",
      "properties": {
        "id": 1354198591,
        "highway": "footway",
        "name": null,
        "access": null,
        "surface": null
      },
      "geometry": {
        "type": "LineString",
        "coordinates": [
          [
            139.7662225,
            35.6824736
          ],
          [
            139.7663875,
            35.6822284
          ]
        ]
      }
    },
    {
      "type": "Feature",
      "properties": {
        "id": 1354198592,
        "highway": "footway",
        "name": null,
        "access": null,
        "surface": "paving_stones"
      },
      "geometry": {
        "type": "LineString",
        "coordinates": [
          [
            139.7658905,
            35.6820954
          ],
          [
            139.7660136,
            35.6821097
          ]
        ]
      }
    },
    {
      "type": "Feature",
      "properties": {
        "id": 1354198593,
        "highway": "footway",
        "name": "東京駅;丸の内北口タクシー乗り場",
        "access": null,
        "surface": null
      },
      "geometry": {
        "type": "LineString",
        "coordinates": [
          [
            139.7658905,
            35.6820954
          ],
          [
            139.7658681,
            35.6821005
          ],
          [
            139.7658469,
            35.6821053
          ],
          [
            139.7657982,
            35.6819547
          ]
        ]
      }
    },
    {
      "type": "Feature",
      "properties": {
        "id": 1354198594,
        "highway": "footway",
        "name": "東京駅;M11出入口",
        "access": null,
        "surface": null
      },
      "geometry": {
        "type": "LineString",
        "coordinates": [
          [
            139.7653231,
            35.6826051
          ],
          [
            139.7653876,
            35.6828156
          ]
        ]
      }
    },
    {
      "type": "Feature",
      "properties": {
        "id": 1354414702,
        "highway": "footway",
        "name": null,
        "access": null,
        "surface": null
      },
      "geometry": {
        "type": "LineString",
        "coordinates": [
          [
            139.7670436,
            35.6815864
          ],
          [
            139.7670657,
            35.6815808
          ]
        ]
      }
    },
    {
      "type": "Feature",
      "properties": {
        "id": 1354414703,
        "highway": "footway",
        "name": null,
        "access": null,
        "surface": null
      },
      "geometry": {
        "type": "LineString",
        "coordinates": [
          [
            139.7670436,
            35.6815864
          ],
          [
            139.7670032,
            35.6815967
          ]
        ]
      }
    },
    {
      "type": "Feature",
      "properties": {
        "id": 1354414704,
        "highway": "footway",
        "name": "エレベーター;2階",
        "access": null,
        "surface": null
      },
      "geometry": {
        "type": "LineString",
        "coordinates": [
          [
            139.7670444,
            35.6815964
          ],
          [
            139.7670436,
            35.6815864
          ]
        ]
      }
    },
    {
      "type": "Feature",
      "properties": {
        "id": 1354414705,
        "highway": "footway",
        "name": "エレベーター;地下1階",
        "access": null,
        "surface": null
      },
      "geometry": {
        "type": "LineString",
        "coordinates": [
          [
            139.7670343,
            35.6815796
          ],
          [
            139.7670444,
            35.6815964
          ]
        ]
      }
    },
    {
      "type": "Feature",
      "properties": {
        "id": 1354417710,
        "highway": "service",
        "name": null,
        "access": null,
        "surface": "paving_stones"
      },
      "geometry": {
        "type": "LineString",
        "coordinates": [
          [
            139.7646807,
            35.6776613
          ],
          [
            139.7646568,
            35.6775864
          ],
          [
            139.7646496,
            35.6775639
          ],
          [
            139.7646281,
            35.6774978
          ]
        ]
      }
    },
    {
      "type": "Feature",
      "properties": {
        "id": 1354417711,
        "highway": "service",
        "name": null,
        "access": null,
        "surface": "paving_stones"
      },
      "geometry": {
        "type": "LineString",
        "coordinates": [
          [
            139.7643619,
            35.6777297
          ],
          [
            139.7643379,
            35.677652
          ],
          [
            139.7643317,
            35.6776321
          ],
          [
            139.7643105,
            35.6775637
          ]
        ]
      }
    },
    {
      "type": "Feature",
      "properties": {
        "id": 1354417712,
        "highway": "footway",
        "name": null,
        "access": null,
        "surface": null
      },
      "geometry": {
        "type": "LineString",
        "coordinates": [
          [
            139.7643105,
            35.6775637
          ],
          [
            139.7642533,
            35.6773779
          ],
          [
            139.7641065,
            35.6774094
          ]
        ]
      }
    },
    {
      "type": "Feature",
      "properties": {
        "id": 1354417713,
        "highway": "footway",
        "name": null,
        "access": null,
        "surface": null
      },
      "geometry": {
        "type": "LineString",
        "coordinates": [
          [
            139.7641583,
            35.6775665
          ],
          [
            139.7641881,
            35.6775601
          ]
        ]
      }
    },
    {
      "type": "Feature",
      "properties": {
        "id": 1354417714,
        "highway": "steps",
        "name": null,
        "access": null,
        "surface": null
      },
      "geometry": {
        "type": "LineString",
        "coordinates": [
          [
            139.7641065,
            35.6774094
          ],
          [
            139.7641583,
            35.6775665
          ]
        ]
      }
    },
    {
      "type": "Feature",
      "properties": {
        "id": 1354417715,
        "highway": "footway",
        "name": null,
        "access": null,
        "surface": "paving_stones"
      },
      "geometry": {
        "type": "LineString",
        "coordinates": [
          [
            139.7641881,
            35.6775601
          ],
          [
            139.7641244,
            35.6773568
          ]
        ]
      }
    },
    {
      "type": "Feature",
      "properties": {
        "id": 1354417716,
        "highway": "footway",
        "name": null,
        "access": null,
        "surface": "paving_stones"
      },
      "geometry": {
        "type": "LineString",
        "coordinates": [
          [
            139.7642395,
            35.6777162
          ],
          [
            139.7642818,
            35.6778393
          ]
        ]
      }
    },
    {
      "type": "Feature",
      "properties": {
        "id": 1354647676,
        "highway": "steps",
        "name": null,
        "access": null,
        "surface": null
      },
      "geometry": {
        "type": "LineString",
        "coordinates": [
          [
            139.7666968,
            35.6821492
          ],
          [
            139.7667278,
            35.6822154
          ],
          [
            139.7667103,
            35.6822202
          ],
          [
            139.7666877,
            35.6821761
          ],
          [
            139.7666965,
            35.682174
          ]
        ]
      }
    },
    {
      "type": "Feature",
      "properties": {
        "id": 1354647677,
        "highway": "steps",
        "name": null,
        "access": null,
        "surface": null
      },
      "geometry": {
        "type": "LineString",
        "coordinates": [
          [
            139.7666965,
            35.682174
          ],
          [
            139.7667553,
            35.6822929
          ]
        ]
      }
    },
    {
      "type": "Feature",
      "properties": {
        "id": 1354647678,
        "highway": "footway",
        "name": null,
        "access": null,
        "surface": null
      },
      "geometry": {
        "type": "LineString",
        "coordinates": [
          [
            139.7667416,
            35.6823063
          ],
          [
            139.7667553,
            35.6822929
          ],
          [
            139.7667781,
            35.6822941
          ]
        ]
      }
    },
    {
      "type": "Feature",
      "properties": {
        "id": 1354647679,
        "highway": "footway",
        "name": null,
        "access": null,
        "surface": null
      },
      "geometry": {
        "type": "LineString",
        "coordinates": [
          [
            139.7662904,
            35.6815201
          ],
          [
            139.7663382,
            35.6814197
          ],
          [
            139.7662778,
            35.6812605
          ],
          [
            139.7661944,
            35.6811938
          ],
          [
            139.7660973,
            35.6808871
          ],
          [
            139.7660112,
            35.680505
          ],
          [
            139.766001,
            35.6804556
          ]
        ]
      }
    },
    {
      "type": "Feature",
      "properties": {
        "id": 1354647680,
        "highway": "steps",
        "name": "総武地下通路 (B3)",
        "access": null,
        "surface": null
      },
      "geometry": {
        "type": "LineString",
        "coordinates": [
          [
            139.7663402,
            35.6816434
          ],
          [
            139.7658042,
            35.6817652
          ]
        ]
      }
    },
    {
      "type": "Feature",
      "properties": {
        "id": 1354647681,
        "highway": "steps",
        "name": null,
        "access": null,
        "surface": null
      },
      "geometry": {
        "type": "LineString",
        "coordinates": [
          [
            139.766051,
            35.680445
          ],
          [
            139.7660366,
            35.6803906
          ],
          [
            139.766024,
            35.6803928
          ]
        ]
      }
    },
    {
      "type": "Feature",
      "properties": {
        "id": 1354647682,
        "highway": "footway",
        "name": null,
        "access": null,
        "surface": null
      },
      "geometry": {
        "type": "LineString",
        "coordinates": [
          [
            139.7654914,
            35.6805832
          ],
          [
            139.7657367,
            35.6805187
          ]
        ]
      }
    },
    {
      "type": "Feature",
      "properties": {
        "id": 1354647683,
        "highway": "footway",
        "name": null,
        "access": null,
        "surface": null
      },
      "geometry": {
        "type": "LineString",
        "coordinates": [
          [
            139.7663875,
            35.6822284
          ],
          [
            139.7660616,
            35.6823118
          ],
          [
            139.7660046,
            35.6823277
          ]
        ]
      }
    },
    {
      "type": "Feature",
      "properties": {
        "id": 1354654129,
        "highway": "footway",
        "name": "中央通路",
        "access": null,
        "surface": null
      },
      "geometry": {
        "type": "LineString",
        "coordinates": [
          [
            139.7662904,
            35.6815201
          ],
          [
            139.766393,
            35.6814961
          ],
          [
            139.766553,
            35.6814587
          ],
          [
            139.7666575,
            35.6814343
          ],
          [
            139.766754,
            35.6814118
          ],
          [
            139.7668481,
            35.6813898
          ],
          [
            139.7668686,
            35.6813851
          ],
          [
            139.7670518,
            35.6813423
          ],
          [
            139.7671528,
            35.6813181
          ],
          [
            139.7671689,
            35.6813142
          ],
          [
            139.7675532,
            35.680979
          ],
          [
            139.7676973,
            35.6809431
          ]
        ]
      }
    },
    {
      "type": "Feature",
      "properties": {
        "id": 1355405505,
        "highway": "footway",
        "name": "東京駅;八重洲中央口",
        "access": null,
        "surface": null
      },
      "geometry": {
        "type": "LineString",
        "coordinates": [
          [
            139.7677559,
            35.6809287
          ],
          [
            139.7678577,
            35.6809066
          ],
          [
            139.7678587,
            35.6809026
          ],
          [
            139.7681765,
            35.6808236
          ]
        ]
      }
    },
    {
      "type": "Feature",
      "properties": {
        "id": 1356084748,
        "highway": "footway",
        "name": null,
        "access": null,
        "surface": null
      },
      "geometry": {
        "type": "LineString",
        "coordinates": [
          [
            139.7671807,
            35.6807158
          ],
          [
            139.7674081,
            35.6806659
          ],
          [
            139.767432,
            35.6806606
          ],
          [
            139.767481,
            35.6806493
          ]
        ]
      }
    },
    {
      "type": "Feature",
      "properties": {
        "id": 1356084759,
        "highway": "footway",
        "name": null,
        "access": null,
        "surface": null
      },
      "geometry": {
        "type": "LineString",
        "coordinates": [
          [
            139.7673621,
            35.680227
          ],
          [
            139.7674603,
            35.6802021
          ],
          [
            139.7674892,
            35.6801948
          ],
          [
            139.7676771,
            35.6801471
          ],
          [
            139.7678615,
            35.6801006
          ]
        ]
      }
    },
    {
      "type": "Feature",
      "properties": {
        "id": 1356084760,
        "highway": "footway",
        "name": null,
        "access": null,
        "surface": null
      },
      "geometry": {
        "type": "LineString",
        "coordinates": [
          [
            139.7672284,
            35.6802608
          ],
          [
            139.7672158,
            35.6802275
          ]
        ]
      }
    },
    {
      "type": "Feature",
      "properties": {
        "id": 1356084761,
        "highway": "footway",
        "name": null,
        "access": null,
        "surface": null
      },
      "geometry": {
        "type": "LineString",
        "coordinates": [
          [
            139.7672451,
            35.6803037
          ],
          [
            139.7672284,
            35.6802608
          ]
        ]
      }
    },
    {
      "type": "Feature",
      "properties": {
        "id": 1356084762,
        "highway": "footway",
        "name": null,
        "access": null,
        "surface": null
      },
      "geometry": {
        "type": "LineString",
        "coordinates": [
          [
            139.7657367,
            35.6805187
          ],
          [
            139.765851,
            35.6803598
          ]
        ]
      }
    },
    {
      "type": "Feature",
      "properties": {
        "id": 1356614978,
        "highway": "footway",
        "name": null,
        "access": null,
        "surface": null
      },
      "geometry": {
        "type": "LineString",
        "coordinates": [
          [
            139.7672945,
            35.6819961
          ],
          [
            139.7671315,
            35.6815589
          ],
          [
            139.7670518,
            35.6813423
          ],
          [
            139.7668909,
            35.6809021
          ],
          [
            139.7668494,
            35.6807885
          ],
          [
            139.7667775,
            35.6805947
          ]
        ]
      }
    },
    {
      "type": "Feature",
      "properties": {
        "id": 1356614979,
        "highway": "footway",
        "name": "東北新幹線南のりかえ口",
        "access": null,
        "surface": null
      },
      "geometry": {
        "type": "LineString",
        "coordinates": [
          [
            139.7669651,
            35.6807631
          ],
          [
            139.7670777,
            35.6807384
          ]
        ]
      }
    },
    {
      "type": "Feature",
      "properties": {
        "id": 1356614980,
        "highway": "footway",
        "name": null,
        "access": null,
        "surface": null
      },
      "geometry": {
        "type": "LineString",
        "coordinates": [
          [
            139.7667355,
            35.6808155
          ],
          [
            139.7668494,
            35.6807885
          ]
        ]
      }
    },
    {
      "type": "Feature",
      "properties": {
        "id": 1356614985,
        "highway": "footway",
        "name": "エレベーター1;1階",
        "access": null,
        "surface": null
      },
      "geometry": {
        "type": "LineString",
        "coordinates": [
          [
            139.7652532,
            35.6804239
          ],
          [
            139.7653581,
            35.6803669
          ]
        ]
      }
    },
    {
      "type": "Feature",
      "properties": {
        "id": 1356614986,
        "highway": "footway",
        "name": "エレベーター1;地下1階",
        "access": null,
        "surface": null
      },
      "geometry": {
        "type": "LineString",
        "coordinates": [
          [
            139.7652532,
            35.6804239
          ],
          [
            139.7650488,
            35.6804579
          ]
        ]
      }
    },
    {
      "type": "Feature",
      "properties": {
        "id": 1356614989,
        "highway": "footway",
        "name": "グランスタ東京;1階",
        "access": null,
        "surface": null
      },
      "geometry": {
        "type": "LineString",
        "coordinates": [
          [
            139.7666085,
            35.6821716
          ],
          [
            139.766557,
            35.6820737
          ],
          [
            139.7664705,
            35.6819099
          ],
          [
            139.7663957,
            35.681755
          ]
        ]
      }
    },
    {
      "type": "Feature",
      "properties": {
        "id": 1356614990,
        "highway": "footway",
        "name": "東京駅;丸の内中央口",
        "access": null,
        "surface": null
      },
      "geometry": {
        "type": "LineString",
        "coordinates": [
          [
            139.7660203,
            35.6815845
          ],
          [
            139.7662138,
            35.6815384
          ]
        ]
      }
    },
    {
      "type": "Feature",
      "properties": {
        "id": 1356646727,
        "highway": "steps",
        "name": null,
        "access": null,
        "surface": null
      },
      "geometry": {
        "type": "LineString",
        "coordinates": [
          [
            139.766754,
            35.6814118
          ],
          [
            139.7666923,
            35.6812423
          ]
        ]
      }
    },
    {
      "type": "Feature",
      "properties": {
        "id": 1356646728,
        "highway": "footway",
        "name": null,
        "access": null,
        "surface": null
      },
      "geometry": {
        "type": "LineString",
        "coordinates": [
          [
            139.7666636,
            35.6812509
          ],
          [
            139.7666923,
            35.6812423
          ],
          [
            139.7667204,
            35.6812342
          ]
        ]
      }
    },
    {
      "type": "Feature",
      "properties": {
        "id": 1356650575,
        "highway": "footway",
        "name": null,
        "access": null,
        "surface": null
      },
      "geometry": {
        "type": "LineString",
        "coordinates": [
          [
            139.7672284,
            35.6802608
          ],
          [
            139.767279,
            35.680248
          ],
          [
            139.7673621,
            35.680227
          ]
        ]
      }
    },
    {
      "type": "Feature",
      "properties": {
        "id": 1358095476,
        "highway": "footway",
        "name": "東京ステーションホテル;レストラン",
        "access": null,
        "surface": null
      },
      "geometry": {
        "type": "LineString",
        "coordinates": [
          [
            139.7657367,
            35.6805187
          ],
          [
            139.7653769,
            35.680507
          ]
        ]
      }
    },
    {
      "type": "Feature",
      "properties": {
        "id": 1358095477,
        "highway": "steps",
        "name": "東京ステーションホテル;レストラン",
        "access": null,
        "surface": null
      },
      "geometry": {
        "type": "LineString",
        "coordinates": [
          [
            139.7653769,
            35.680507
          ],
          [
            139.7653632,
            35.6804703
          ],
          [
            139.7653448,
            35.6804742
          ],
          [
            139.7653572,
            35.6805076
          ],
          [
            139.7653721,
            35.6805041
          ]
        ]
      }
    },
    {
      "type": "Feature",
      "properties": {
        "id": 1358095478,
        "highway": "footway",
        "name": null,
        "access": null,
        "surface": null
      },
      "geometry": {
        "type": "LineString",
        "coordinates": [
          [
            139.7660973,
            35.6808871
          ],
          [
            139.7661504,
            35.6808764
          ]
        ]
      }
    },
    {
      "type": "Feature",
      "properties": {
        "id": 1358095479,
        "highway": "steps",
        "name": null,
        "access": null,
        "surface": null
      },
      "geometry": {
        "type": "LineString",
        "coordinates": [
          [
            139.766177,
            35.6809276
          ],
          [
            139.7661764,
            35.6809377
          ],
          [
            139.7662736,
            35.6812126
          ],
          [
            139.7662807,
            35.6812207
          ]
        ]
      }
    },
    {
      "type": "Feature",
      "properties": {
        "id": 1358095480,
        "highway": "footway",
        "name": null,
        "access": null,
        "surface": null
      },
      "geometry": {
        "type": "LineString",
        "coordinates": [
          [
            139.7661504,
            35.6808764
          ],
          [
            139.766177,
            35.6809276
          ]
        ]
      }
    },
    {
      "type": "Feature",
      "properties": {
        "id": 1358095481,
        "highway": "footway",
        "name": null,
        "access": null,
        "surface": null
      },
      "geometry": {
        "type": "LineString",
        "coordinates": [
          [
            139.7663107,
            35.6812257
          ],
          [
            139.7662807,
            35.6812207
          ],
          [
            139.7662568,
            35.6812394
          ]
        ]
      }
    },
    {
      "type": "Feature",
      "properties": {
        "id": 1358095482,
        "highway": "footway",
        "name": null,
        "access": null,
        "surface": null
      },
      "geometry": {
        "type": "LineString",
        "coordinates": [
          [
            139.7661661,
            35.6809727
          ],
          [
            139.7662059,
            35.6809639
          ],
          [
            139.7662128,
            35.6809624
          ]
        ]
      }
    },
    {
      "type": "Feature",
      "properties": {
        "id": 1358095483,
        "highway": "steps",
        "name": null,
        "access": null,
        "surface": null
      },
      "geometry": {
        "type": "LineString",
        "coordinates": [
          [
            139.7662059,
            35.6809639
          ],
          [
            139.7660662,
            35.6804923
          ]
        ]
      }
    },
    {
      "type": "Feature",
      "properties": {
        "id": 1358095484,
        "highway": "steps",
        "name": null,
        "access": null,
        "surface": null
      },
      "geometry": {
        "type": "LineString",
        "coordinates": [
          [
            139.7661661,
            35.6809727
          ],
          [
            139.7661805,
            35.6809822
          ],
          [
            139.7662499,
            35.6811815
          ]
        ]
      }
    },
    {
      "type": "Feature",
      "properties": {
        "id": 1358096477,
        "highway": "footway",
        "name": "グランスタ東京;1階",
        "access": null,
        "surface": null
      },
      "geometry": {
        "type": "LineString",
        "coordinates": [
          [
            139.7669065,
            35.6820955
          ],
          [
            139.766743,
            35.6816612
          ],
          [
            139.7667351,
            35.6816404
          ],
          [
            139.7667321,
            35.6816324
          ],
          [
            139.7666819,
            35.681499
          ],
          [
            139.7666575,
            35.6814343
          ]
        ]
      }
    },
    {
      "type": "Feature",
      "properties": {
        "id": 1358096479,
        "highway": "footway",
        "name": null,
        "access": null,
        "surface": null
      },
      "geometry": {
        "type": "LineString",
        "coordinates": [
          [
            139.7665962,
            35.6815493
          ],
          [
            139.7657915,
            35.6817312
          ],
          [
            139.7656671,
            35.6817643
          ]
        ]
      }
    },
    {
      "type": "Feature",
      "properties": {
        "id": 1358142548,
        "highway": "footway",
        "name": null,
        "access": null,
        "surface": null
      },
      "geometry": {
        "type": "LineString",
        "coordinates": [
          [
            139.767004,
            35.6805528
          ],
          [
            139.7667775,
            35.6805947
          ],
          [
            139.7665865,
            35.6806533
          ],
          [
            139.7664964,
            35.6804134
          ]
        ]
      }
    },
    {
      "type": "Feature",
      "properties": {
        "id": 1358142549,
        "highway": "footway",
        "name": null,
        "access": null,
        "surface": null
      },
      "geometry": {
        "type": "LineString",
        "coordinates": [
          [
            139.7667775,
            35.6805947
          ],
          [
            139.7666904,
            35.680367
          ]
        ]
      }
    },
    {
      "type": "Feature",
      "properties": {
        "id": 1358142550,
        "highway": "footway",
        "name": null,
        "access": null,
        "surface": null
      },
      "geometry": {
        "type": "LineString",
        "coordinates": [
          [
            139.7665403,
            35.6814005
          ],
          [
            139.7665962,
            35.6815493
          ]
        ]
      }
    },
    {
      "type": "Feature",
      "properties": {
        "id": 1358332865,
        "highway": "footway",
        "name": null,
        "access": null,
        "surface": null
      },
      "geometry": {
        "type": "LineString",
        "coordinates": [
          [
            139.7677755,
            35.6799438
          ],
          [
            139.7677137,
            35.67996
          ],
          [
            139.7677395,
            35.6800283
          ],
          [
            139.767878,
            35.6803957
          ],
          [
            139.767967,
            35.6806317
          ],
          [
            139.7681682,
            35.6811654
          ]
        ]
      }
    },
    {
      "type": "Feature",
      "properties": {
        "id": 1358332866,
        "highway": "steps",
        "name": null,
        "access": null,
        "surface": null
      },
      "geometry": {
        "type": "LineString",
        "coordinates": [
          [
            139.7678622,
            35.67996
          ],
          [
            139.7678078,
            35.6799144
          ],
          [
            139.7677791,
            35.6798525
          ],
          [
            139.7677392,
            35.6798627
          ],
          [
            139.7677755,
            35.6799438
          ]
        ]
      }
    },
    {
      "type": "Feature",
      "properties": {
        "id": 1358332868,
        "highway": "footway",
        "name": "東京駅(改札外)",
        "access": null,
        "surface": null
      },
      "geometry": {
        "type": "LineString",
        "coordinates": [
          [
            139.7667465,
            35.682516
          ],
          [
            139.7667604,
            35.6825212
          ],
          [
            139.7667854,
            35.6825143
          ],
          [
            139.7667923,
            35.6825064
          ]
        ]
      }
    },
    {
      "type": "Feature",
      "properties": {
        "id": 1358332869,
        "highway": "footway",
        "name": "東京駅;段差解消エレベーター",
        "access": null,
        "surface": null
      },
      "geometry": {
        "type": "LineString",
        "coordinates": [
          [
            139.7667739,
            35.6824983
          ],
          [
            139.7668256,
            35.6824849
          ]
        ]
      }
    },
    {
      "type": "Feature",
      "properties": {
        "id": 1358332870,
        "highway": "footway",
        "name": "東京駅(改札外)",
        "access": null,
        "surface": null
      },
      "geometry": {
        "type": "LineString",
        "coordinates": [
          [
            139.7667465,
            35.682516
          ],
          [
            139.7667526,
            35.6825043
          ],
          [
            139.7667739,
            35.6824983
          ],
          [
            139.7667923,
            35.6825064
          ]
        ]
      }
    },
    {
      "type": "Feature",
      "properties": {
        "id": 1358332871,
        "highway": "steps",
        "name": "東京駅(改札外)",
        "access": null,
        "surface": null
      },
      "geometry": {
        "type": "LineString",
        "coordinates": [
          [
            139.7667923,
            35.6825064
          ],
          [
            139.7668187,
            35.6825001
          ]
        ]
      }
    },
    {
      "type": "Feature",
      "properties": {
        "id": 1358962384,
        "highway": "footway",
        "name": null,
        "access": null,
        "surface": null
      },
      "geometry": {
        "type": "LineString",
        "coordinates": [
          [
            139.7663236,
            35.6803298
          ],
          [
            139.7663709,
            35.6804591
          ],
          [
            139.7664235,
            35.6806029
          ],
          [
            139.7664469,
            35.6806669
          ],
          [
            139.7666636,
            35.6812509
          ],
          [
            139.7667794,
            35.6815573
          ],
          [
            139.76685,
            35.6817427
          ],
          [
            139.7669099,
            35.6819039
          ],
          [
            139.7670559,
            35.6822343
          ]
        ]
      }
    },
    {
      "type": "Feature",
      "properties": {
        "id": 1358962385,
        "highway": "footway",
        "name": null,
        "access": null,
        "surface": null
      },
      "geometry": {
        "type": "LineString",
        "coordinates": [
          [
            139.7663617,
            35.6803194
          ],
          [
            139.7664127,
            35.6804494
          ],
          [
            139.7664684,
            35.6805914
          ],
          [
            139.7667204,
            35.6812342
          ],
          [
            139.7668373,
            35.6815421
          ],
          [
            139.7669081,
            35.6817272
          ],
          [
            139.7669692,
            35.6818893
          ],
          [
            139.7670965,
            35.6822246
          ]
        ]
      }
    },
    {
      "type": "Feature",
      "properties": {
        "id": 1358962386,
        "highway": "steps",
        "name": null,
        "access": null,
        "surface": null
      },
      "geometry": {
        "type": "LineString",
        "coordinates": [
          [
            139.7670041,
            35.6820705
          ],
          [
            139.7669427,
            35.6819053
          ]
        ]
      }
    },
    {
      "type": "Feature",
      "properties": {
        "id": 1358962387,
        "highway": "footway",
        "name": "東京駅;2階",
        "access": null,
        "surface": null
      },
      "geometry": {
        "type": "LineString",
        "coordinates": [
          [
            139.7668761,
            35.681728
          ],
          [
            139.7669081,
            35.6817272
          ]
        ]
      }
    },
    {
      "type": "Feature",
      "properties": {
        "id": 1358962388,
        "highway": "footway",
        "name": "東京駅;2階",
        "access": null,
        "surface": null
      },
      "geometry": {
        "type": "LineString",
        "coordinates": [
          [
            139.7668761,
            35.681728
          ],
          [
            139.76685,
            35.6817427
          ]
        ]
      }
    },
    {
      "type": "Feature",
      "properties": {
        "id": 1358962389,
        "highway": "footway",
        "name": null,
        "access": null,
        "surface": null
      },
      "geometry": {
        "type": "LineString",
        "coordinates": [
          [
            139.7669099,
            35.6819039
          ],
          [
            139.7669427,
            35.6819053
          ],
          [
            139.7669692,
            35.6818893
          ]
        ]
      }
    },
    {
      "type": "Feature",
      "properties": {
        "id": 1358962390,
        "highway": "steps",
        "name": null,
        "access": null,
        "surface": null
      },
      "geometry": {
        "type": "LineString",
        "coordinates": [
          [
            139.7666069,
            35.6815863
          ],
          [
            139.766553,
            35.6814587
          ]
        ]
      }
    },
    {
      "type": "Feature",
      "properties": {
        "id": 1358962391,
        "highway": "steps",
        "name": null,
        "access": null,
        "surface": null
      },
      "geometry": {
        "type": "LineString",
        "coordinates": [
          [
            139.766754,
            35.6814118
          ],
          [
            139.7668065,
            35.6815437
          ]
        ]
      }
    },
    {
      "type": "Feature",
      "properties": {
        "id": 1358962392,
        "highway": "steps",
        "name": null,
        "access": null,
        "surface": null
      },
      "geometry": {
        "type": "LineString",
        "coordinates": [
          [
            139.766553,
            35.6814587
          ],
          [
            139.7665001,
            35.681303
          ]
        ]
      }
    },
    {
      "type": "Feature",
      "properties": {
        "id": 1358962393,
        "highway": "footway",
        "name": null,
        "access": null,
        "surface": null
      },
      "geometry": {
        "type": "LineString",
        "coordinates": [
          [
            139.7664663,
            35.681297
          ],
          [
            139.7665001,
            35.681303
          ],
          [
            139.7665253,
            35.6812826
          ]
        ]
      }
    },
    {
      "type": "Feature",
      "properties": {
        "id": 1358962394,
        "highway": "footway",
        "name": null,
        "access": null,
        "surface": null
      },
      "geometry": {
        "type": "LineString",
        "coordinates": [
          [
            139.7667794,
            35.6815573
          ],
          [
            139.7668065,
            35.6815437
          ],
          [
            139.7668373,
            35.6815421
          ]
        ]
      }
    },
    {
      "type": "Feature",
      "properties": {
        "id": 1358962395,
        "highway": "footway",
        "name": null,
        "access": null,
        "surface": null
      },
      "geometry": {
        "type": "LineString",
        "coordinates": [
          [
            139.7661698,
            35.6803584
          ],
          [
            139.7662211,
            35.680492
          ],
          [
            139.7662749,
            35.6806318
          ],
          [
            139.7665253,
            35.6812826
          ],
          [
            139.7666383,
            35.6815864
          ],
          [
            139.7666758,
            35.6816829
          ],
          [
            139.766768,
            35.6819256
          ],
          [
            139.7669096,
            35.6822732
          ]
        ]
      }
    },
    {
      "type": "Feature",
      "properties": {
        "id": 1358962396,
        "highway": "footway",
        "name": null,
        "access": null,
        "surface": null
      },
      "geometry": {
        "type": "LineString",
        "coordinates": [
          [
            139.7668852,
            35.6822792
          ],
          [
            139.7667254,
            35.6819371
          ],
          [
            139.766679,
            35.6818324
          ],
          [
            139.7666235,
            35.6816977
          ],
          [
            139.7665852,
            35.6816013
          ],
          [
            139.7664663,
            35.681297
          ],
          [
            139.766221,
            35.6806452
          ],
          [
            139.76618,
            35.6805007
          ],
          [
            139.7661413,
            35.6803644
          ]
        ]
      }
    },
    {
      "type": "Feature",
      "properties": {
        "id": 1358962397,
        "highway": "footway",
        "name": null,
        "access": null,
        "surface": null
      },
      "geometry": {
        "type": "LineString",
        "coordinates": [
          [
            139.7665852,
            35.6816013
          ],
          [
            139.7666069,
            35.6815863
          ],
          [
            139.7666383,
            35.6815864
          ]
        ]
      }
    },
    {
      "type": "Feature",
      "properties": {
        "id": 1358962398,
        "highway": "footway",
        "name": "東京駅;2階",
        "access": null,
        "surface": null
      },
      "geometry": {
        "type": "LineString",
        "coordinates": [
          [
            139.7666235,
            35.6816977
          ],
          [
            139.7666508,
            35.6816897
          ]
        ]
      }
    },
    {
      "type": "Feature",
      "properties": {
        "id": 1358962399,
        "highway": "footway",
        "name": "エレベーター;2階",
        "access": null,
        "surface": null
      },
      "geometry": {
        "type": "LineString",
        "coordinates": [
          [
            139.7666559,
            35.6817132
          ],
          [
            139.7666508,
            35.6816897
          ]
        ]
      }
    },
    {
      "type": "Feature",
      "properties": {
        "id": 1358962400,
        "highway": "footway",
        "name": null,
        "access": null,
        "surface": null
      },
      "geometry": {
        "type": "LineString",
        "coordinates": [
          [
            139.7668676,
            35.6824686
          ],
          [
            139.7667781,
            35.6822941
          ],
          [
            139.766673,
            35.682087
          ],
          [
            139.7665872,
            35.6819106
          ],
          [
            139.7665396,
            35.6817969
          ],
          [
            139.7664338,
            35.6815443
          ],
          [
            139.7663958,
            35.6814469
          ],
          [
            139.7663107,
            35.6812257
          ],
          [
            139.7662128,
            35.6809624
          ],
          [
            139.7661776,
            35.6808393
          ],
          [
            139.7661222,
            35.6806471
          ],
          [
            139.7660502,
            35.6803923
          ]
        ]
      }
    },
    {
      "type": "Feature",
      "properties": {
        "id": 1358962401,
        "highway": "footway",
        "name": null,
        "access": null,
        "surface": null
      },
      "geometry": {
        "type": "LineString",
        "coordinates": [
          [
            139.7660108,
            35.6804013
          ],
          [
            139.766071,
            35.6806563
          ],
          [
            139.7661244,
            35.6808512
          ],
          [
            139.7661661,
            35.6809727
          ],
          [
            139.7662568,
            35.6812394
          ],
          [
            139.7663394,
            35.6814608
          ],
          [
            139.7664808,
            35.6818126
          ],
          [
            139.7665615,
            35.6819835
          ],
          [
            139.7666265,
            35.6820999
          ],
          [
            139.7667416,
            35.6823063
          ],
          [
            139.7668474,
            35.6824747
          ]
        ]
      }
    },
    {
      "type": "Feature",
      "properties": {
        "id": 1358962402,
        "highway": "footway",
        "name": null,
        "access": null,
        "surface": null
      },
      "geometry": {
        "type": "LineString",
        "coordinates": [
          [
            139.7662499,
            35.6811815
          ],
          [
            139.7662778,
            35.6812605
          ]
        ]
      }
    },
    {
      "type": "Feature",
      "properties": {
        "id": 1358962403,
        "highway": "steps",
        "name": null,
        "access": null,
        "surface": null
      },
      "geometry": {
        "type": "LineString",
        "coordinates": [
          [
            139.7668243,
            35.6821165
          ],
          [
            139.7667501,
            35.6819392
          ]
        ]
      }
    },
    {
      "type": "Feature",
      "properties": {
        "id": 1358962404,
        "highway": "footway",
        "name": null,
        "access": null,
        "surface": null
      },
      "geometry": {
        "type": "LineString",
        "coordinates": [
          [
            139.766768,
            35.6819256
          ],
          [
            139.7667501,
            35.6819392
          ],
          [
            139.7667254,
            35.6819371
          ]
        ]
      }
    },
    {
      "type": "Feature",
      "properties": {
        "id": 1358962405,
        "highway": "steps",
        "name": null,
        "access": null,
        "surface": null
      },
      "geometry": {
        "type": "LineString",
        "coordinates": [
          [
            139.7677969,
            35.6817624
          ],
          [
            139.7676818,
            35.6814202
          ]
        ]
      }
    },
    {
      "type": "Feature",
      "properties": {
        "id": 1358962406,
        "highway": "footway",
        "name": null,
        "access": null,
        "surface": null
      },
      "geometry": {
        "type": "LineString",
        "coordinates": [
          [
            139.7660421,
            35.6824437
          ],
          [
            139.7660468,
            35.6824372
          ],
          [
            139.7659927,
            35.6824851
          ]
        ]
      }
    },
    {
      "type": "Feature",
      "properties": {
        "id": 1358962407,
        "highway": "footway",
        "name": "東京駅(改札外)",
        "access": null,
        "surface": null
      },
      "geometry": {
        "type": "LineString",
        "coordinates": [
          [
            139.7660684,
            35.6824248
          ],
          [
            139.7660883,
            35.6824097
          ],
          [
            139.7661585,
            35.6823592
          ]
        ]
      }
    },
    {
      "type": "Feature",
      "properties": {
        "id": 1358968598,
        "highway": "footway",
        "name": "東京駅",
        "access": null,
        "surface": null
      },
      "geometry": {
        "type": "LineString",
        "coordinates": [
          [
            139.7645933,
            35.6808122
          ],
          [
            139.7645521,
            35.6807703
          ],
          [
            139.7643725,
            35.6805872
          ],
          [
            139.7641836,
            35.6803659
          ]
        ]
      }
    },
    {
      "type": "Feature",
      "properties": {
        "id": 1358968599,
        "highway": "footway",
        "name": "エレベーター2;1階",
        "access": null,
        "surface": null
      },
      "geometry": {
        "type": "LineString",
        "coordinates": [
          [
            139.7643717,
            35.6812772
          ],
          [
            139.7644035,
            35.6812699
          ],
          [
            139.7643933,
            35.6812504
          ]
        ]
      }
    },
    {
      "type": "Feature",
      "properties": {
        "id": 1358968600,
        "highway": "footway",
        "name": "エレベーター2;地下1階",
        "access": null,
        "surface": null
      },
      "geometry": {
        "type": "LineString",
        "coordinates": [
          [
            139.7643933,
            35.6812504
          ],
          [
            139.7644017,
            35.6812781
          ],
          [
            139.7644671,
            35.6812635
          ]
        ]
      }
    },
    {
      "type": "Feature",
      "properties": {
        "id": 1358968601,
        "highway": "footway",
        "name": null,
        "access": null,
        "surface": "paving_stones"
      },
      "geometry": {
        "type": "LineString",
        "coordinates": [
          [
            139.7651881,
            35.6826701
          ],
          [
            139.7652729,
            35.6826509
          ],
          [
            139.7653399,
            35.6826358
          ],
          [
            139.7653319,
            35.6825678
          ],
          [
            139.7656611,
            35.6824925
          ],
          [
            139.7657403,
            35.6825066
          ]
        ]
      }
    },
    {
      "type": "Feature",
      "properties": {
        "id": 1358968602,
        "highway": "steps",
        "name": "東京駅;M8出入口",
        "access": null,
        "surface": null
      },
      "geometry": {
        "type": "LineString",
        "coordinates": [
          [
            139.7652705,
            35.6826356
          ],
          [
            139.7652495,
            35.682482
          ]
        ]
      }
    },
    {
      "type": "Feature",
      "properties": {
        "id": 1358968603,
        "highway": "footway",
        "name": "東京駅;M8出入口",
        "access": null,
        "surface": null
      },
      "geometry": {
        "type": "LineString",
        "coordinates": [
          [
            139.7652729,
            35.6826509
          ],
          [
            139.7652705,
            35.6826356
          ]
        ]
      }
    },
    {
      "type": "Feature",
      "properties": {
        "id": 1358968604,
        "highway": "footway",
        "name": "東京駅(改札外)",
        "access": null,
        "surface": null
      },
      "geometry": {
        "type": "LineString",
        "coordinates": [
          [
            139.7649755,
            35.6825913
          ],
          [
            139.7649654,
            35.6825041
          ],
          [
            139.7650798,
            35.6824963
          ],
          [
            139.7652495,
            35.682482
          ],
          [
            139.7659273,
            35.6824348
          ],
          [
            139.7660684,
            35.6824248
          ]
        ]
      }
    },
    {
      "type": "Feature",
      "properties": {
        "id": 1358968605,
        "highway": "steps",
        "name": "東京駅;M12出入口",
        "access": null,
        "surface": "paving_stones"
      },
      "geometry": {
        "type": "LineString",
        "coordinates": [
          [
            139.7659273,
            35.6824348
          ],
          [
            139.766002,
            35.6824968
          ],
          [
            139.7660656,
            35.6824486
          ]
        ]
      }
    },
    {
      "type": "Feature",
      "properties": {
        "id": 1358968606,
        "highway": "footway",
        "name": "東京駅;M12出入口",
        "access": null,
        "surface": "asphalt"
      },
      "geometry": {
        "type": "LineString",
        "coordinates": [
          [
            139.7660656,
            35.6824486
          ],
          [
            139.7660999,
            35.6824224
          ]
        ]
      }
    },
    {
      "type": "Feature",
      "properties": {
        "id": 1358968607,
        "highway": "steps",
        "name": "東京駅;M10出入口",
        "access": null,
        "surface": "paving_stones"
      },
      "geometry": {
        "type": "LineString",
        "coordinates": [
          [
            139.7652616,
            35.6829891
          ],
          [
            139.7652376,
            35.6830237
          ]
        ]
      }
    },
    {
      "type": "Feature",
      "properties": {
        "id": 1358972607,
        "highway": "footway",
        "name": null,
        "access": null,
        "surface": null
      },
      "geometry": {
        "type": "LineString",
        "coordinates": [
          [
            139.767838,
            35.6811426
          ],
          [
            139.7677559,
            35.6809287
          ]
        ]
      }
    },
    {
      "type": "Feature",
      "properties": {
        "id": 1359084354,
        "highway": "footway",
        "name": "北通路",
        "access": null,
        "surface": null
      },
      "geometry": {
        "type": "LineString",
        "coordinates": [
          [
            139.7680389,
            35.6818102
          ],
          [
            139.7674781,
            35.6819491
          ]
        ]
      }
    },
    {
      "type": "Feature",
      "properties": {
        "id": 1359084355,
        "highway": "steps",
        "name": "北通路",
        "access": null,
        "surface": null
      },
      "geometry": {
        "type": "LineString",
        "coordinates": [
          [
            139.7674781,
            35.6819491
          ],
          [
            139.7674311,
            35.6819611
          ]
        ]
      }
    },
    {
      "type": "Feature",
      "properties": {
        "id": 1359084356,
        "highway": "footway",
        "name": null,
        "access": null,
        "surface": null
      },
      "geometry": {
        "type": "LineString",
        "coordinates": [
          [
            139.7673635,
            35.6818411
          ],
          [
            139.7672489,
            35.6815284
          ],
          [
            139.7672089,
            35.681421
          ],
          [
            139.7671957,
            35.6813857
          ],
          [
            139.7671689,
            35.6813142
          ],
          [
            139.7670059,
            35.6808734
          ],
          [
            139.7669651,
            35.6807631
          ],
          [
            139.7669252,
            35.6806554
          ],
          [
            139.767004,
            35.6805528
          ],
          [
            139.7672284,
            35.6802608
          ]
        ]
      }
    },
    {
      "type": "Feature",
      "properties": {
        "id": 1359084357,
        "highway": "footway",
        "name": null,
        "access": null,
        "surface": null
      },
      "geometry": {
        "type": "LineString",
        "coordinates": [
          [
            139.7676818,
            35.6814202
          ],
          [
            139.7674549,
            35.6814773
          ]
        ]
      }
    },
    {
      "type": "Feature",
      "properties": {
        "id": 1359084358,
        "highway": "footway",
        "name": null,
        "access": null,
        "surface": null
      },
      "geometry": {
        "type": "LineString",
        "coordinates": [
          [
            139.7674389,
            35.6814538
          ],
          [
            139.7674549,
            35.6814773
          ]
        ]
      }
    },
    {
      "type": "Feature",
      "properties": {
        "id": 1359084359,
        "highway": "steps",
        "name": null,
        "access": null,
        "surface": null
      },
      "geometry": {
        "type": "LineString",
        "coordinates": [
          [
            139.7674549,
            35.6814773
          ],
          [
            139.7675758,
            35.6818125
          ]
        ]
      }
    },
    {
      "type": "Feature",
      "properties": {
        "id": 1359084360,
        "highway": "steps",
        "name": null,
        "access": null,
        "surface": null
      },
      "geometry": {
        "type": "LineString",
        "coordinates": [
          [
            139.7674549,
            35.6814773
          ],
          [
            139.7673365,
            35.6811364
          ]
        ]
      }
    },
    {
      "type": "Feature",
      "properties": {
        "id": 1359084361,
        "highway": "steps",
        "name": null,
        "access": null,
        "surface": null
      },
      "geometry": {
        "type": "LineString",
        "coordinates": [
          [
            139.7676818,
            35.6814202
          ],
          [
            139.7675652,
            35.6810849
          ]
        ]
      }
    },
    {
      "type": "Feature",
      "properties": {
        "id": 1359084362,
        "highway": "footway",
        "name": null,
        "access": null,
        "surface": null
      },
      "geometry": {
        "type": "LineString",
        "coordinates": [
          [
            139.7676818,
            35.6814202
          ],
          [
            139.7676657,
            35.6814013
          ]
        ]
      }
    },
    {
      "type": "Feature",
      "properties": {
        "id": 1359348117,
        "highway": "steps",
        "name": "東京駅;M13出入口",
        "access": null,
        "surface": null
      },
      "geometry": {
        "type": "LineString",
        "coordinates": [
          [
            139.766559,
            35.6828613
          ],
          [
            139.7664811,
            35.6829772
          ],
          [
            139.7666,
            35.6830337
          ]
        ]
      }
    },
    {
      "type": "Feature",
      "properties": {
        "id": 1359348118,
        "highway": "footway",
        "name": "東京駅;M13出入口",
        "access": null,
        "surface": null
      },
      "geometry": {
        "type": "LineString",
        "coordinates": [
          [
            139.7666,
            35.6830337
          ],
          [
            139.7666019,
            35.6830654
          ]
        ]
      }
    },
    {
      "type": "Feature",
      "properties": {
        "id": 1359348119,
        "highway": "footway",
        "name": "東京駅(改札外)",
        "access": null,
        "surface": null
      },
      "geometry": {
        "type": "LineString",
        "coordinates": [
          [
            139.7650798,
            35.6824963
          ],
          [
            139.7650901,
            35.6825839
          ],
          [
            139.7651309,
            35.6828716
          ]
        ]
      }
    },
    {
      "type": "Feature",
      "properties": {
        "id": 1359348120,
        "highway": "steps",
        "name": null,
        "access": null,
        "surface": null
      },
      "geometry": {
        "type": "LineString",
        "coordinates": [
          [
            139.7650039,
            35.6823784
          ],
          [
            139.7650308,
            35.682573
          ]
        ]
      }
    },
    {
      "type": "Feature",
      "properties": {
        "id": 1359348121,
        "highway": "footway",
        "name": "東京メトロ東京駅",
        "access": null,
        "surface": null
      },
      "geometry": {
        "type": "LineString",
        "coordinates": [
          [
            139.7650901,
            35.6825839
          ],
          [
            139.7650584,
            35.6825865
          ],
          [
            139.7650308,
            35.682573
          ],
          [
            139.7650066,
            35.6825896
          ],
          [
            139.7649755,
            35.6825913
          ]
        ]
      }
    },
    {
      "type": "Feature",
      "properties": {
        "id": 1359348124,
        "highway": "footway",
        "name": "東京駅(改札外)",
        "access": null,
        "surface": "asphalt"
      },
      "geometry": {
        "type": "LineString",
        "coordinates": [
          [
            139.7662505,
            35.6828376
          ],
          [
            139.7662787,
            35.6826138
          ],
          [
            139.7653876,
            35.6828156
          ],
          [
            139.7651309,
            35.6828716
          ]
        ]
      }
    },
    {
      "type": "Feature",
      "properties": {
        "id": 1359348125,
        "highway": "footway",
        "name": "東京駅(改札外)",
        "access": null,
        "surface": "paving_stones"
      },
      "geometry": {
        "type": "LineString",
        "coordinates": [
          [
            139.7664135,
            35.6827351
          ],
          [
            139.7664861,
            35.6826852
          ],
          [
            139.7667465,
            35.682516
          ]
        ]
      }
    },
    {
      "type": "Feature",
      "properties": {
        "id": 1359348126,
        "highway": "steps",
        "name": "東京駅;M12出入口",
        "access": null,
        "surface": "paving_stones"
      },
      "geometry": {
        "type": "LineString",
        "coordinates": [
          [
            139.766002,
            35.6824968
          ],
          [
            139.7660762,
            35.6825565
          ]
        ]
      }
    },
    {
      "type": "Feature",
      "properties": {
        "id": 1359348127,
        "highway": "footway",
        "name": "東京駅;M12出入口",
        "access": null,
        "surface": null
      },
      "geometry": {
        "type": "LineString",
        "coordinates": [
          [
            139.7662787,
            35.6826138
          ],
          [
            139.7660762,
            35.6825565
          ]
        ]
      }
    },
    {
      "type": "Feature",
      "properties": {
        "id": 1359488793,
        "highway": "footway",
        "name": "東京メトロ東京駅",
        "access": null,
        "surface": null
      },
      "geometry": {
        "type": "LineString",
        "coordinates": [
          [
            139.7649683,
            35.6819192
          ],
          [
            139.7649322,
            35.6819213
          ],
          [
            139.7649171,
            35.6819223
          ]
        ]
      }
    },
    {
      "type": "Feature",
      "properties": {
        "id": 1359488794,
        "highway": "footway",
        "name": "東京メトロ東京駅",
        "access": null,
        "surface": null
      },
      "geometry": {
        "type": "LineString",
        "coordinates": [
          [
            139.7649412,
            35.6819032
          ],
          [
            139.7649322,
            35.6819213
          ]
        ]
      }
    },
    {
      "type": "Feature",
      "properties": {
        "id": 1359488795,
        "highway": "footway",
        "name": "東京駅(改札外)",
        "access": null,
        "surface": "asphalt"
      },
      "geometry": {
        "type": "LineString",
        "coordinates": [
          [
            139.7649755,
            35.6825913
          ],
          [
            139.7649111,
            35.6826069
          ]
        ]
      }
    },
    {
      "type": "Feature",
      "properties": {
        "id": 1359488796,
        "highway": "footway",
        "name": "東京メトロ東京駅",
        "access": null,
        "surface": null
      },
      "geometry": {
        "type": "LineString",
        "coordinates": [
          [
            139.7649412,
            35.6819032
          ],
          [
            139.7649578,
            35.682032
          ]
        ]
      }
    },
    {
      "type": "Feature",
      "properties": {
        "id": 1359488798,
        "highway": "steps",
        "name": "東京メトロ東京駅",
        "access": null,
        "surface": null
      },
      "geometry": {
        "type": "LineString",
        "coordinates": [
          [
            139.7649578,
            35.682032
          ],
          [
            139.7649691,
            35.6821131
          ]
        ]
      }
    },
    {
      "type": "Feature",
      "properties": {
        "id": 1359488799,
        "highway": "footway",
        "name": "東京メトロ東京駅",
        "access": null,
        "surface": null
      },
      "geometry": {
        "type": "LineString",
        "coordinates": [
          [
            139.7649968,
            35.6821173
          ],
          [
            139.7649691,
            35.6821131
          ],
          [
            139.7649425,
            35.6821204
          ]
        ]
      }
    },
    {
      "type": "Feature",
      "properties": {
        "id": 1359488803,
        "highway": "footway",
        "name": null,
        "access": null,
        "surface": null
      },
      "geometry": {
        "type": "LineString",
        "coordinates": [
          [
            139.7651309,
            35.6828716
          ],
          [
            139.7651416,
            35.6829637
          ]
        ]
      }
    },
    {
      "type": "Feature",
      "properties": {
        "id": 1359646645,
        "highway": "steps",
        "name": "日本生命丸の内ビル",
        "access": null,
        "surface": null
      },
      "geometry": {
        "type": "LineString",
        "coordinates": [
          [
            139.7653745,
            35.6829734
          ],
          [
            139.7655641,
            35.6829317
          ]
        ]
      }
    },
    {
      "type": "Feature",
      "properties": {
        "id": 1359646646,
        "highway": "footway",
        "name": "日本生命丸の内ビル",
        "access": null,
        "surface": null
      },
      "geometry": {
        "type": "LineString",
        "coordinates": [
          [
            139.7655641,
            35.6829317
          ],
          [
            139.7655743,
            35.6829619
          ],
          [
            139.7655821,
            35.6829851
          ]
        ]
      }
    },
    {
      "type": "Feature",
      "properties": {
        "id": 1359646647,
        "highway": "footway",
        "name": "日本生命丸の内ビル",
        "access": null,
        "surface": null
      },
      "geometry": {
        "type": "LineString",
        "coordinates": [
          [
            139.7653326,
            35.6829629
          ],
          [
            139.7653548,
            35.6829685
          ],
          [
            139.7653745,
            35.6829734
          ]
        ]
      }
    },
    {
      "type": "Feature",
      "properties": {
        "id": 1359646648,
        "highway": "footway",
        "name": "日本生命丸の内ビル",
        "access": null,
        "surface": null
      },
      "geometry": {
        "type": "LineString",
        "coordinates": [
          [
            139.7655743,
            35.6829619
          ],
          [
            139.7653697,
            35.683006
          ]
        ]
      }
    },
    {
      "type": "Feature",
      "properties": {
        "id": 1359646649,
        "highway": "steps",
        "name": null,
        "access": null,
        "surface": null
      },
      "geometry": {
        "type": "LineString",
        "coordinates": [
          [
            139.7666443,
            35.6820861
          ],
          [
            139.7664925,
            35.6817292
          ]
        ]
      }
    },
    {
      "type": "Feature",
      "properties": {
        "id": 1359646650,
        "highway": "footway",
        "name": null,
        "access": null,
        "surface": null
      },
      "geometry": {
        "type": "LineString",
        "coordinates": [
          [
            139.766673,
            35.682087
          ],
          [
            139.7666443,
            35.6820861
          ],
          [
            139.7666265,
            35.6820999
          ]
        ]
      }
    },
    {
      "type": "Feature",
      "properties": {
        "id": 1359646651,
        "highway": "steps",
        "name": null,
        "access": null,
        "surface": null
      },
      "geometry": {
        "type": "LineString",
        "coordinates": [
          [
            139.7665079,
            35.6818054
          ],
          [
            139.7666712,
            35.6821557
          ]
        ]
      }
    },
    {
      "type": "Feature",
      "properties": {
        "id": 1359646652,
        "highway": "footway",
        "name": null,
        "access": null,
        "surface": null
      },
      "geometry": {
        "type": "LineString",
        "coordinates": [
          [
            139.7664808,
            35.6818126
          ],
          [
            139.7665079,
            35.6818054
          ],
          [
            139.7665396,
            35.6817969
          ]
        ]
      }
    },
    {
      "type": "Feature",
      "properties": {
        "id": 1359646653,
        "highway": "steps",
        "name": null,
        "access": null,
        "surface": null
      },
      "geometry": {
        "type": "LineString",
        "coordinates": [
          [
            139.7665079,
            35.6818054
          ],
          [
            139.766393,
            35.6814961
          ]
        ]
      }
    },
    {
      "type": "Feature",
      "properties": {
        "id": 1359646654,
        "highway": "steps",
        "name": null,
        "access": null,
        "surface": null
      },
      "geometry": {
        "type": "LineString",
        "coordinates": [
          [
            139.766371,
            35.6814627
          ],
          [
            139.7664741,
            35.6817342
          ]
        ]
      }
    },
    {
      "type": "Feature",
      "properties": {
        "id": 1359646655,
        "highway": "footway",
        "name": null,
        "access": null,
        "surface": null
      },
      "geometry": {
        "type": "LineString",
        "coordinates": [
          [
            139.7663958,
            35.6814469
          ],
          [
            139.766371,
            35.6814627
          ],
          [
            139.7663394,
            35.6814608
          ]
        ]
      }
    },
    {
      "type": "Feature",
      "properties": {
        "id": 1359646656,
        "highway": "footway",
        "name": "東京駅(改札外)",
        "access": null,
        "surface": null
      },
      "geometry": {
        "type": "LineString",
        "coordinates": [
          [
            139.7645933,
            35.6808122
          ],
          [
            139.7647409,
            35.6809736
          ],
          [
            139.7649204,
            35.6811701
          ],
          [
            139.764962,
            35.6812167
          ],
          [
            139.7655223,
            35.6818286
          ],
          [
            139.7655513,
            35.6818603
          ],
          [
            139.76601,
            35.6823609
          ],
          [
            139.7660684,
            35.6824248
          ]
        ]
      }
    },
    {
      "type": "Feature",
      "properties": {
        "id": 1359839766,
        "highway": "footway",
        "name": null,
        "access": null,
        "surface": null
      },
      "geometry": {
        "type": "LineString",
        "coordinates": [
          [
            139.7649846,
            35.6776558
          ],
          [
            139.7649821,
            35.6776477
          ],
          [
            139.7649796,
            35.6776409
          ]
        ]
      }
    },
    {
      "type": "Feature",
      "properties": {
        "id": 1359839767,
        "highway": "footway",
        "name": null,
        "access": null,
        "surface": null
      },
      "geometry": {
        "type": "LineString",
        "coordinates": [
          [
            139.7649976,
            35.677646
          ],
          [
            139.7649821,
            35.6776477
          ]
        ]
      }
    },
    {
      "type": "Feature",
      "properties": {
        "id": 1359839768,
        "highway": "footway",
        "name": null,
        "access": null,
        "surface": null
      },
      "geometry": {
        "type": "LineString",
        "coordinates": [
          [
            139.7650116,
            35.6777357
          ],
          [
            139.7650105,
            35.6777319
          ],
          [
            139.7650079,
            35.6777246
          ]
        ]
      }
    },
    {
      "type": "Feature",
      "properties": {
        "id": 1359839769,
        "highway": "footway",
        "name": null,
        "access": null,
        "surface": null
      },
      "geometry": {
        "type": "LineString",
        "coordinates": [
          [
            139.7650105,
            35.6777319
          ],
          [
            139.7650227,
            35.6777274
          ]
        ]
      }
    },
    {
      "type": "Feature",
      "properties": {
        "id": 1359839770,
        "highway": "footway",
        "name": null,
        "access": null,
        "surface": null
      },
      "geometry": {
        "type": "LineString",
        "coordinates": [
          [
            139.7649976,
            35.677646
          ],
          [
            139.7649733,
            35.6776532
          ],
          [
            139.7649888,
            35.6776991
          ],
          [
            139.7649985,
            35.6777292
          ],
          [
            139.7650227,
            35.6777274
          ]
        ]
      }
    },
    {
      "type": "Feature",
      "properties": {
        "id": 1360044034,
        "highway": "footway",
        "name": "東京駅",
        "access": null,
        "surface": null
      },
      "geometry": {
        "type": "LineString",
        "coordinates": [
          [
            139.7661657,
            35.6823218
          ],
          [
            139.7657677,
            35.6818931
          ],
          [
            139.7656618,
            35.681779
          ],
          [
            139.7656671,
            35.6817643
          ],
          [
            139.7656494,
            35.6817446
          ],
          [
            139.7656291,
            35.6817439
          ],
          [
            139.765598,
            35.6817105
          ],
          [
            139.7655719,
            35.6816825
          ],
          [
            139.7650941,
            35.6811699
          ]
        ]
      }
    },
    {
      "type": "Feature",
      "properties": {
        "id": 1360044035,
        "highway": "footway",
        "name": "東京駅(改札外)",
        "access": null,
        "surface": null
      },
      "geometry": {
        "type": "LineString",
        "coordinates": [
          [
            139.7647603,
            35.6807718
          ],
          [
            139.7648258,
            35.6808389
          ]
        ]
      }
    },
    {
      "type": "Feature",
      "properties": {
        "id": 1360044036,
        "highway": "footway",
        "name": "東京駅(改札外)",
        "access": null,
        "surface": "asphalt"
      },
      "geometry": {
        "type": "LineString",
        "coordinates": [
          [
            139.7650905,
            35.6806872
          ],
          [
            139.7648901,
            35.6807398
          ],
          [
            139.7647603,
            35.6807718
          ]
        ]
      }
    },
    {
      "type": "Feature",
      "properties": {
        "id": 1360044037,
        "highway": "footway",
        "name": "東京駅(改札外)",
        "access": null,
        "surface": null
      },
      "geometry": {
        "type": "LineString",
        "coordinates": [
          [
            139.764962,
            35.6812167
          ],
          [
            139.7650324,
            35.6811918
          ],
          [
            139.7650941,
            35.6811699
          ],
          [
            139.764962,
            35.6810271
          ],
          [
            139.7648114,
            35.6808618
          ]
        ]
      }
    },
    {
      "type": "Feature",
      "properties": {
        "id": 1360068154,
        "highway": "footway",
        "name": null,
        "access": null,
        "surface": null
      },
      "geometry": {
        "type": "LineString",
        "coordinates": [
          [
            139.7655223,
            35.6818286
          ],
          [
            139.7649903,
            35.6818991
          ]
        ]
      }
    },
    {
      "type": "Feature",
      "properties": {
        "id": 1360068156,
        "highway": "footway",
        "name": null,
        "access": null,
        "surface": null
      },
      "geometry": {
        "type": "LineString",
        "coordinates": [
          [
            139.7655589,
            35.6818084
          ],
          [
            139.7655223,
            35.6818286
          ]
        ]
      }
    },
    {
      "type": "Feature",
      "properties": {
        "id": 1360102080,
        "highway": "footway",
        "name": null,
        "access": null,
        "surface": "asphalt"
      },
      "geometry": {
        "type": "LineString",
        "coordinates": [
          [
            139.7647334,
            35.6777949
          ],
          [
            139.7647371,
            35.6777885
          ],
          [
            139.7647297,
            35.6777841
          ]
        ]
      }
    },
    {
      "type": "Feature",
      "properties": {
        "id": 1360102081,
        "highway": "footway",
        "name": null,
        "access": null,
        "surface": null
      },
      "geometry": {
        "type": "LineString",
        "coordinates": [
          [
            139.7647069,
            35.6777124
          ],
          [
            139.7647116,
            35.6777048
          ],
          [
            139.7647027,
            35.6777003
          ]
        ]
      }
    },
    {
      "type": "Feature",
      "properties": {
        "id": 1360102082,
        "highway": "steps",
        "name": null,
        "access": null,
        "surface": null
      },
      "geometry": {
        "type": "LineString",
        "coordinates": [
          [
            139.7649055,
            35.6776628
          ],
          [
            139.7647116,
            35.6777048
          ]
        ]
      }
    },
    {
      "type": "Feature",
      "properties": {
        "id": 1360102083,
        "highway": "steps",
        "name": null,
        "access": null,
        "surface": null
      },
      "geometry": {
        "type": "LineString",
        "coordinates": [
          [
            139.7657915,
            35.6775708
          ],
          [
            139.7656164,
            35.6776075
          ]
        ]
      }
    },
    {
      "type": "Feature",
      "properties": {
        "id": 1360102084,
        "highway": "steps",
        "name": null,
        "access": null,
        "surface": null
      },
      "geometry": {
        "type": "LineString",
        "coordinates": [
          [
            139.7662749,
            35.6774714
          ],
          [
            139.7661026,
            35.6775077
          ]
        ]
      }
    },
    {
      "type": "Feature",
      "properties": {
        "id": 1360102085,
        "highway": "footway",
        "name": null,
        "access": null,
        "surface": null
      },
      "geometry": {
        "type": "LineString",
        "coordinates": [
          [
            139.7662804,
            35.6774753
          ],
          [
            139.7662749,
            35.6774714
          ],
          [
            139.7662775,
            35.677466
          ]
        ]
      }
    },
    {
      "type": "Feature",
      "properties": {
        "id": 1360102086,
        "highway": "steps",
        "name": null,
        "access": null,
        "surface": null
      },
      "geometry": {
        "type": "LineString",
        "coordinates": [
          [
            139.7662474,
            35.6773822
          ],
          [
            139.7660739,
            35.6774197
          ]
        ]
      }
    },
    {
      "type": "Feature",
      "properties": {
        "id": 1360102087,
        "highway": "footway",
        "name": null,
        "access": null,
        "surface": null
      },
      "geometry": {
        "type": "LineString",
        "coordinates": [
          [
            139.7660739,
            35.6774197
          ],
          [
            139.7660864,
            35.6774604
          ],
          [
            139.7661026,
            35.6775077
          ]
        ]
      }
    },
    {
      "type": "Feature",
      "properties": {
        "id": 1360102088,
        "highway": "footway",
        "name": null,
        "access": null,
        "surface": null
      },
      "geometry": {
        "type": "LineString",
        "coordinates": [
          [
            139.7662547,
            35.6773902
          ],
          [
            139.7662474,
            35.6773822
          ],
          [
            139.7662498,
            35.6773734
          ]
        ]
      }
    },
    {
      "type": "Feature",
      "properties": {
        "id": 1360102089,
        "highway": "footway",
        "name": null,
        "access": null,
        "surface": null
      },
      "geometry": {
        "type": "LineString",
        "coordinates": [
          [
            139.7657963,
            35.6775767
          ],
          [
            139.7657915,
            35.6775708
          ],
          [
            139.7657927,
            35.6775638
          ]
        ]
      }
    },
    {
      "type": "Feature",
      "properties": {
        "id": 1360102090,
        "highway": "steps",
        "name": null,
        "access": null,
        "surface": null
      },
      "geometry": {
        "type": "LineString",
        "coordinates": [
          [
            139.7659496,
            35.6774878
          ],
          [
            139.7656346,
            35.6775501
          ]
        ]
      }
    },
    {
      "type": "Feature",
      "properties": {
        "id": 1360102091,
        "highway": "footway",
        "name": null,
        "access": null,
        "surface": null
      },
      "geometry": {
        "type": "LineString",
        "coordinates": [
          [
            139.7657695,
            35.6774916
          ],
          [
            139.7657595,
            35.6774844
          ],
          [
            139.7657631,
            35.677475
          ]
        ]
      }
    },
    {
      "type": "Feature",
      "properties": {
        "id": 1360102092,
        "highway": "steps",
        "name": null,
        "access": null,
        "surface": null
      },
      "geometry": {
        "type": "LineString",
        "coordinates": [
          [
            139.7657595,
            35.6774844
          ],
          [
            139.7655829,
            35.6775213
          ]
        ]
      }
    },
    {
      "type": "Feature",
      "properties": {
        "id": 1360102093,
        "highway": "footway",
        "name": null,
        "access": null,
        "surface": null
      },
      "geometry": {
        "type": "LineString",
        "coordinates": [
          [
            139.7655829,
            35.6775213
          ],
          [
            139.7656033,
            35.6775749
          ],
          [
            139.7656164,
            35.6776075
          ]
        ]
      }
    },
    {
      "type": "Feature",
      "properties": {
        "id": 1360102094,
        "highway": "steps",
        "name": null,
        "access": null,
        "surface": null
      },
      "geometry": {
        "type": "LineString",
        "coordinates": [
          [
            139.7660011,
            35.6775273
          ],
          [
            139.7658125,
            35.6775658
          ]
        ]
      }
    },
    {
      "type": "Feature",
      "properties": {
        "id": 1360102095,
        "highway": "steps",
        "name": null,
        "access": null,
        "surface": null
      },
      "geometry": {
        "type": "LineString",
        "coordinates": [
          [
            139.7659672,
            35.6774423
          ],
          [
            139.7657817,
            35.6774797
          ]
        ]
      }
    },
    {
      "type": "Feature",
      "properties": {
        "id": 1360102096,
        "highway": "footway",
        "name": null,
        "access": null,
        "surface": null
      },
      "geometry": {
        "type": "LineString",
        "coordinates": [
          [
            139.7660086,
            35.6775316
          ],
          [
            139.7660011,
            35.6775273
          ],
          [
            139.7660049,
            35.6775212
          ]
        ]
      }
    },
    {
      "type": "Feature",
      "properties": {
        "id": 1360102097,
        "highway": "footway",
        "name": null,
        "access": null,
        "surface": null
      },
      "geometry": {
        "type": "LineString",
        "coordinates": [
          [
            139.7659728,
            35.6774497
          ],
          [
            139.7659672,
            35.6774423
          ],
          [
            139.7659676,
            35.6774331
          ]
        ]
      }
    },
    {
      "type": "Feature",
      "properties": {
        "id": 1360102098,
        "highway": "footway",
        "name": null,
        "access": null,
        "surface": null
      },
      "geometry": {
        "type": "LineString",
        "coordinates": [
          [
            139.7658125,
            35.6775658
          ],
          [
            139.7658011,
            35.6775355
          ],
          [
            139.7657817,
            35.6774797
          ]
        ]
      }
    },
    {
      "type": "Feature",
      "properties": {
        "id": 1360102099,
        "highway": "steps",
        "name": null,
        "access": null,
        "surface": null
      },
      "geometry": {
        "type": "LineString",
        "coordinates": [
          [
            139.7654877,
            35.6775978
          ],
          [
            139.7655072,
            35.6775814
          ],
          [
            139.7657387,
            35.6775352
          ],
          [
            139.765755,
            35.6775392
          ]
        ]
      }
    },
    {
      "type": "Feature",
      "properties": {
        "id": 1360102100,
        "highway": "steps",
        "name": null,
        "access": null,
        "surface": null
      },
      "geometry": {
        "type": "LineString",
        "coordinates": [
          [
            139.7647371,
            35.6777885
          ],
          [
            139.7649338,
            35.677746
          ]
        ]
      }
    },
    {
      "type": "Feature",
      "properties": {
        "id": 1360102101,
        "highway": "footway",
        "name": null,
        "access": null,
        "surface": null
      },
      "geometry": {
        "type": "LineString",
        "coordinates": [
          [
            139.7649338,
            35.677746
          ],
          [
            139.7649223,
            35.6777122
          ],
          [
            139.7649055,
            35.6776628
          ]
        ]
      }
    },
    {
      "type": "Feature",
      "properties": {
        "id": 1360102103,
        "highway": "footway",
        "name": null,
        "access": null,
        "surface": "paving_stones"
      },
      "geometry": {
        "type": "LineString",
        "coordinates": [
          [
            139.7656215,
            35.677418
          ],
          [
            139.7642395,
            35.6777162
          ],
          [
            139.7641184,
            35.6777254
          ],
          [
            139.764113,
            35.6777075
          ]
        ]
      }
    },
    {
      "type": "Feature",
      "properties": {
        "id": 1360102106,
        "highway": "footway",
        "name": null,
        "access": null,
        "surface": null
      },
      "geometry": {
        "type": "LineString",
        "coordinates": [
          [
            139.7660864,
            35.6774604
          ],
          [
            139.7659496,
            35.6774878
          ]
        ]
      }
    },
    {
      "type": "Feature",
      "properties": {
        "id": 1360102107,
        "highway": "footway",
        "name": "東京駅;地下3階",
        "access": null,
        "surface": null
      },
      "geometry": {
        "type": "LineString",
        "coordinates": [
          [
            139.7658011,
            35.6775355
          ],
          [
            139.7656033,
            35.6775749
          ],
          [
            139.7654877,
            35.6775978
          ],
          [
            139.7651915,
            35.677658
          ],
          [
            139.7650151,
            35.6776939
          ],
          [
            139.7649888,
            35.6776991
          ],
          [
            139.7649223,
            35.6777122
          ]
        ]
      }
    },
    {
      "type": "Feature",
      "properties": {
        "id": 1360339406,
        "highway": "footway",
        "name": null,
        "access": null,
        "surface": null
      },
      "geometry": {
        "type": "LineString",
        "coordinates": [
          [
            139.7657677,
            35.6818931
          ],
          [
            139.7658042,
            35.6817652
          ],
          [
            139.7656618,
            35.681779
          ]
        ]
      }
    },
    {
      "type": "Feature",
      "properties": {
        "id": 1360339407,
        "highway": "footway",
        "name": null,
        "access": null,
        "surface": null
      },
      "geometry": {
        "type": "LineString",
        "coordinates": [
          [
            139.7656618,
            35.681779
          ],
          [
            139.7655914,
            35.6818162
          ],
          [
            139.7655589,
            35.6818084
          ],
          [
            139.7655606,
            35.681782
          ],
          [
            139.7656291,
            35.6817439
          ]
        ]
      }
    },
    {
      "type": "Feature",
      "properties": {
        "id": 1360339408,
        "highway": "footway",
        "name": "エレベーター;地下1階",
        "access": null,
        "surface": null
      },
      "geometry": {
        "type": "LineString",
        "coordinates": [
          [
            139.7656133,
            35.6817649
          ],
          [
            139.7655589,
            35.6818084
          ],
          [
            139.7656264,
            35.6817807
          ]
        ]
      }
    },
    {
      "type": "Feature",
      "properties": {
        "id": 1360339409,
        "highway": "footway",
        "name": "みどりの窓口",
        "access": null,
        "surface": null
      },
      "geometry": {
        "type": "LineString",
        "coordinates": [
          [
            139.76601,
            35.6823609
          ],
          [
            139.7660365,
            35.6823441
          ],
          [
            139.7660883,
            35.6824097
          ]
        ]
      }
    },
    {
      "type": "Feature",
      "properties": {
        "id": 1360339410,
        "highway": "footway",
        "name": "東京駅(改札外)",
        "access": null,
        "surface": null
      },
      "geometry": {
        "type": "LineString",
        "coordinates": [
          [
            139.7661585,
            35.6823592
          ],
          [
            139.7664861,
            35.6826852
          ]
        ]
      }
    },
    {
      "type": "Feature",
      "properties": {
        "id": 1360339411,
        "highway": "footway",
        "name": "東京駅;旅行者援護センター",
        "access": null,
        "surface": null
      },
      "geometry": {
        "type": "LineString",
        "coordinates": [
          [
            139.7659273,
            35.6824348
          ],
          [
            139.7659221,
            35.6824477
          ]
        ]
      }
    },
    {
      "type": "Feature",
      "properties": {
        "id": 1360339412,
        "highway": "footway",
        "name": null,
        "access": null,
        "surface": null
      },
      "geometry": {
        "type": "LineString",
        "coordinates": [
          [
            139.7660468,
            35.6824372
          ],
          [
            139.7660656,
            35.6824486
          ]
        ]
      }
    },
    {
      "type": "Feature",
      "properties": {
        "id": 1360339414,
        "highway": "footway",
        "name": "エレベーター;地下4階",
        "access": null,
        "surface": null
      },
      "geometry": {
        "type": "LineString",
        "coordinates": [
          [
            139.7656133,
            35.6817649
          ],
          [
            139.7655984,
            35.6817848
          ],
          [
            139.7656264,
            35.6817807
          ]
        ]
      }
    },
    {
      "type": "Feature",
      "properties": {
        "id": 1360339415,
        "highway": "footway",
        "name": null,
        "access": null,
        "surface": null
      },
      "geometry": {
        "type": "LineString",
        "coordinates": [
          [
            139.7655984,
            35.6817848
          ],
          [
            139.7655187,
            35.6818275
          ]
        ]
      }
    },
    {
      "type": "Feature",
      "properties": {
        "id": 1360339416,
        "highway": "footway",
        "name": "エレベーター;地下5階",
        "access": null,
        "surface": null
      },
      "geometry": {
        "type": "LineString",
        "coordinates": [
          [
            139.7656133,
            35.6817649
          ],
          [
            139.7655993,
            35.6817876
          ],
          [
            139.7656264,
            35.6817807
          ]
        ]
      }
    },
    {
      "type": "Feature",
      "properties": {
        "id": 1360339417,
        "highway": "footway",
        "name": "エレベーター;地下5階",
        "access": null,
        "surface": null
      },
      "geometry": {
        "type": "LineString",
        "coordinates": [
          [
            139.7655215,
            35.6818308
          ],
          [
            139.7655676,
            35.6818808
          ]
        ]
      }
    },
    {
      "type": "Feature",
      "properties": {
        "id": 1360339418,
        "highway": "footway",
        "name": "エレベーター;地下4階",
        "access": null,
        "surface": null
      },
      "geometry": {
        "type": "LineString",
        "coordinates": [
          [
            139.7655187,
            35.6818275
          ],
          [
            139.7655215,
            35.6818308
          ]
        ]
      }
    },
    {
      "type": "Feature",
      "properties": {
        "id": 1360339419,
        "highway": "footway",
        "name": "STATION DESK グランスタ丸の内",
        "access": null,
        "surface": null
      },
      "geometry": {
        "type": "LineString",
        "coordinates": [
          [
            139.7648258,
            35.6808389
          ],
          [
            139.7648384,
            35.6808444
          ],
          [
            139.7648498,
            35.6808495
          ],
          [
            139.7649018,
            35.6807671
          ]
        ]
      }
    },
    {
      "type": "Feature",
      "properties": {
        "id": 1360339420,
        "highway": "footway",
        "name": "STATION DESK 東京丸の内",
        "access": null,
        "surface": null
      },
      "geometry": {
        "type": "LineString",
        "coordinates": [
          [
            139.7645521,
            35.6807703
          ],
          [
            139.7645477,
            35.680773
          ],
          [
            139.764543,
            35.6807759
          ],
          [
            139.7645535,
            35.6807875
          ],
          [
            139.7645469,
            35.6807915
          ],
          [
            139.7645343,
            35.6807986
          ],
          [
            139.7645146,
            35.6807756
          ],
          [
            139.7645207,
            35.680772
          ],
          [
            139.7645103,
            35.6807601
          ]
        ]
      }
    },
    {
      "type": "Feature",
      "properties": {
        "id": 1360339421,
        "highway": "footway",
        "name": "東京駅;動輪の広場",
        "access": null,
        "surface": null
      },
      "geometry": {
        "type": "LineString",
        "coordinates": [
          [
            139.764962,
            35.6810271
          ],
          [
            139.764962,
            35.6812167
          ]
        ]
      }
    },
    {
      "type": "Feature",
      "properties": {
        "id": 1360675173,
        "highway": "steps",
        "name": null,
        "access": null,
        "surface": null
      },
      "geometry": {
        "type": "LineString",
        "coordinates": [
          [
            139.7655914,
            35.6818162
          ],
          [
            139.7657208,
            35.6819509
          ]
        ]
      }
    },
    {
      "type": "Feature",
      "properties": {
        "id": 1360675174,
        "highway": "steps",
        "name": null,
        "access": null,
        "surface": null
      },
      "geometry": {
        "type": "LineString",
        "coordinates": [
          [
            139.7655606,
            35.681782
          ],
          [
            139.7653828,
            35.681585
          ]
        ]
      }
    },
    {
      "type": "Feature",
      "properties": {
        "id": 1360675175,
        "highway": "footway",
        "name": "八重洲側への自由通路",
        "access": null,
        "surface": null
      },
      "geometry": {
        "type": "LineString",
        "coordinates": [
          [
            139.7663875,
            35.6822284
          ],
          [
            139.7666314,
            35.6823137
          ],
          [
            139.766784,
            35.6825298
          ]
        ]
      }
    },
    {
      "type": "Feature",
      "properties": {
        "id": 1360675176,
        "highway": "footway",
        "name": "東京駅(改札外)",
        "access": null,
        "surface": null
      },
      "geometry": {
        "type": "LineString",
        "coordinates": [
          [
            139.7648114,
            35.6808618
          ],
          [
            139.7645933,
            35.6808122
          ]
        ]
      }
    },
    {
      "type": "Feature",
      "properties": {
        "id": 1360675177,
        "highway": "steps",
        "name": "グランスタ東京",
        "access": null,
        "surface": null
      },
      "geometry": {
        "type": "LineString",
        "coordinates": [
          [
            139.7669886,
            35.681456
          ],
          [
            139.7669546,
            35.681434
          ],
          [
            139.7666819,
            35.681499
          ]
        ]
      }
    },
    {
      "type": "Feature",
      "properties": {
        "id": 1360883650,
        "highway": "footway",
        "name": "東京駅(改札外)",
        "access": null,
        "surface": null
      },
      "geometry": {
        "type": "LineString",
        "coordinates": [
          [
            139.7661585,
            35.6823592
          ],
          [
            139.7662055,
            35.6823758
          ]
        ]
      }
    },
    {
      "type": "Feature",
      "properties": {
        "id": 1360883651,
        "highway": "footway",
        "name": "東京駅",
        "access": null,
        "surface": null
      },
      "geometry": {
        "type": "LineString",
        "coordinates": [
          [
            139.7661657,
            35.6823218
          ],
          [
            139.7661871,
            35.6823068
          ]
        ]
      }
    },
    {
      "type": "Feature",
      "properties": {
        "id": 1361180588,
        "highway": "footway",
        "name": null,
        "access": null,
        "surface": null
      },
      "geometry": {
        "type": "LineString",
        "coordinates": [
          [
            139.7653715,
            35.6775586
          ],
          [
            139.7653691,
            35.6775663
          ],
          [
            139.7653763,
            35.6775723
          ]
        ]
      }
    },
    {
      "type": "Feature",
      "properties": {
        "id": 1361180589,
        "highway": "steps",
        "name": null,
        "access": null,
        "surface": null
      },
      "geometry": {
        "type": "LineString",
        "coordinates": [
          [
            139.7653691,
            35.6775663
          ],
          [
            139.7651738,
            35.6776073
          ]
        ]
      }
    },
    {
      "type": "Feature",
      "properties": {
        "id": 1361180590,
        "highway": "footway",
        "name": null,
        "access": null,
        "surface": null
      },
      "geometry": {
        "type": "LineString",
        "coordinates": [
          [
            139.765403,
            35.6776458
          ],
          [
            139.7653985,
            35.6776536
          ],
          [
            139.7654079,
            35.6776586
          ]
        ]
      }
    },
    {
      "type": "Feature",
      "properties": {
        "id": 1361180591,
        "highway": "steps",
        "name": null,
        "access": null,
        "surface": null
      },
      "geometry": {
        "type": "LineString",
        "coordinates": [
          [
            139.7653985,
            35.6776536
          ],
          [
            139.7652043,
            35.6776931
          ]
        ]
      }
    },
    {
      "type": "Feature",
      "properties": {
        "id": 1361180592,
        "highway": "footway",
        "name": null,
        "access": null,
        "surface": null
      },
      "geometry": {
        "type": "LineString",
        "coordinates": [
          [
            139.7657381,
            35.6775181
          ],
          [
            139.7656316,
            35.6775401
          ],
          [
            139.7656346,
            35.6775501
          ],
          [
            139.7656391,
            35.6775626
          ]
        ]
      }
    },
    {
      "type": "Feature",
      "properties": {
        "id": 1361180593,
        "highway": "footway",
        "name": null,
        "access": null,
        "surface": null
      },
      "geometry": {
        "type": "LineString",
        "coordinates": [
          [
            139.7652043,
            35.6776931
          ],
          [
            139.7651915,
            35.677658
          ],
          [
            139.7651738,
            35.6776073
          ]
        ]
      }
    },
    {
      "type": "Feature",
      "properties": {
        "id": 1361180594,
        "highway": "footway",
        "name": "トイレ;地下3階",
        "access": null,
        "surface": null
      },
      "geometry": {
        "type": "LineString",
        "coordinates": [
          [
            139.7644261,
            35.6778027
          ],
          [
            139.7643537,
            35.6778178
          ],
          [
            139.7643496,
            35.6778056
          ]
        ]
      }
    },
    {
      "type": "Feature",
      "properties": {
        "id": 1361180595,
        "highway": "footway",
        "name": "東京駅;地下2階",
        "access": null,
        "surface": "paving_stones"
      },
      "geometry": {
        "type": "LineString",
        "coordinates": [
          [
            139.765755,
            35.6775392
          ],
          [
            139.7656391,
            35.6775626
          ],
          [
            139.7651748,
            35.6776546
          ],
          [
            139.7649826,
            35.6776949
          ],
          [
            139.764621,
            35.6777669
          ]
        ]
      }
    },
    {
      "type": "Feature",
      "properties": {
        "id": 1361180597,
        "highway": "steps",
        "name": null,
        "access": null,
        "surface": null
      },
      "geometry": {
        "type": "LineString",
        "coordinates": [
          [
            139.7668953,
            35.6794131
          ],
          [
            139.7669187,
            35.6793787
          ],
          [
            139.7668489,
            35.6792431
          ],
          [
            139.7667948,
            35.6792392
          ]
        ]
      }
    },
    {
      "type": "Feature",
      "properties": {
        "id": 1361478396,
        "highway": "steps",
        "name": null,
        "access": null,
        "surface": null
      },
      "geometry": {
        "type": "LineString",
        "coordinates": [
          [
            139.7650151,
            35.6776939
          ],
          [
            139.7650292,
            35.6776786
          ],
          [
            139.7651618,
            35.6776506
          ],
          [
            139.7651748,
            35.6776546
          ]
        ]
      }
    },
    {
      "type": "Feature",
      "properties": {
        "id": 1361478397,
        "highway": "footway",
        "name": null,
        "access": null,
        "surface": null
      },
      "geometry": {
        "type": "LineString",
        "coordinates": [
          [
            139.7649976,
            35.677646
          ],
          [
            139.7649684,
            35.6776521
          ],
          [
            139.7649826,
            35.6776949
          ],
          [
            139.7649948,
            35.677733
          ],
          [
            139.7650227,
            35.6777274
          ]
        ]
      }
    },
    {
      "type": "Feature",
      "properties": {
        "id": 1361943449,
        "highway": "steps",
        "name": null,
        "access": null,
        "surface": null
      },
      "geometry": {
        "type": "LineString",
        "coordinates": [
          [
            139.761213,
            35.6786111
          ],
          [
            139.7613181,
            35.6785872
          ]
        ]
      }
    },
    {
      "type": "Feature",
      "properties": {
        "id": 1361943450,
        "highway": "footway",
        "name": null,
        "access": null,
        "surface": "paving_stones"
      },
      "geometry": {
        "type": "LineString",
        "coordinates": [
          [
            139.7613181,
            35.6785872
          ],
          [
            139.7613666,
            35.6785761
          ]
        ]
      }
    },
    {
      "type": "Feature",
      "properties": {
        "id": 1361943451,
        "highway": "steps",
        "name": null,
        "access": null,
        "surface": "paving_stones"
      },
      "geometry": {
        "type": "LineString",
        "coordinates": [
          [
            139.7612958,
            35.6785972
          ],
          [
            139.7613181,
            35.6785872
          ]
        ]
      }
    },
    {
      "type": "Feature",
      "properties": {
        "id": 1361943452,
        "highway": "steps",
        "name": null,
        "access": null,
        "surface": "paving_stones"
      },
      "geometry": {
        "type": "LineString",
        "coordinates": [
          [
            139.7607345,
            35.6788908
          ],
          [
            139.7606631,
            35.6789071
          ]
        ]
      }
    },
    {
      "type": "Feature",
      "properties": {
        "id": 1361943453,
        "highway": "steps",
        "name": null,
        "access": null,
        "surface": "paving_stones"
      },
      "geometry": {
        "type": "LineString",
        "coordinates": [
          [
            139.761213,
            35.6786111
          ],
          [
            139.761254,
            35.6786068
          ]
        ]
      }
    },
    {
      "type": "Feature",
      "properties": {
        "id": 1361943454,
        "highway": "steps",
        "name": null,
        "access": null,
        "surface": "paving_stones"
      },
      "geometry": {
        "type": "LineString",
        "coordinates": [
          [
            139.761254,
            35.6786068
          ],
          [
            139.7612958,
            35.6785972
          ]
        ]
      }
    },
    {
      "type": "Feature",
      "properties": {
        "id": 1361943455,
        "highway": "footway",
        "name": null,
        "access": null,
        "surface": "paving_stones"
      },
      "geometry": {
        "type": "LineString",
        "coordinates": [
          [
            139.761328,
            35.6790482
          ],
          [
            139.7612904,
            35.6789409
          ],
          [
            139.7611773,
            35.6786193
          ],
          [
            139.761213,
            35.6786111
          ]
        ]
      }
    },
    {
      "type": "Feature",
      "properties": {
        "id": 1361943456,
        "highway": "steps",
        "name": null,
        "access": null,
        "surface": "paving_stones"
      },
      "geometry": {
        "type": "LineString",
        "coordinates": [
          [
            139.7613326,
            35.6790614
          ],
          [
            139.761328,
            35.6790482
          ]
        ]
      }
    },
    {
      "type": "Feature",
      "properties": {
        "id": 1361943457,
        "highway": "steps",
        "name": null,
        "access": null,
        "surface": "paving_stones"
      },
      "geometry": {
        "type": "LineString",
        "coordinates": [
          [
            139.7616491,
            35.6795566
          ],
          [
            139.761634,
            35.6795112
          ],
          [
            139.761689,
            35.679499
          ],
          [
            139.7616778,
            35.6794654
          ]
        ]
      }
    },
    {
      "type": "Feature",
      "properties": {
        "id": 1361973538,
        "highway": "footway",
        "name": null,
        "access": null,
        "surface": "paving_stones"
      },
      "geometry": {
        "type": "LineString",
        "coordinates": [
          [
            139.7623558,
            35.6824272
          ],
          [
            139.7622291,
            35.6819905
          ],
          [
            139.7621369,
            35.6816998
          ],
          [
            139.7621113,
            35.6816214
          ]
        ]
      }
    },
    {
      "type": "Feature",
      "properties": {
        "id": 1361973539,
        "highway": "steps",
        "name": null,
        "access": null,
        "surface": "paving_stones"
      },
      "geometry": {
        "type": "LineString",
        "coordinates": [
          [
            139.7621113,
            35.6816214
          ],
          [
            139.7621072,
            35.681609
          ]
        ]
      }
    },
    {
      "type": "Feature",
      "properties": {
        "id": 1361973540,
        "highway": "steps",
        "name": null,
        "access": null,
        "surface": "paving_stones"
      },
      "geometry": {
        "type": "LineString",
        "coordinates": [
          [
            139.7618818,
            35.6819657
          ],
          [
            139.7619147,
            35.6819222
          ]
        ]
      }
    },
    {
      "type": "Feature",
      "properties": {
        "id": 1361973541,
        "highway": "steps",
        "name": null,
        "access": null,
        "surface": "paving_stones"
      },
      "geometry": {
        "type": "LineString",
        "coordinates": [
          [
            139.762025,
            35.6825481
          ],
          [
            139.7619234,
            35.6825705
          ]
        ]
      }
    },
    {
      "type": "Feature",
      "properties": {
        "id": 1361973542,
        "highway": "footway",
        "name": null,
        "access": null,
        "surface": "paving_stones"
      },
      "geometry": {
        "type": "LineString",
        "coordinates": [
          [
            139.7619984,
            35.6811032
          ],
          [
            139.7619752,
            35.6811083
          ],
          [
            139.7619525,
            35.6811133
          ]
        ]
      }
    },
    {
      "type": "Feature",
      "properties": {
        "id": 1361973543,
        "highway": "steps",
        "name": null,
        "access": null,
        "surface": "paving_stones"
      },
      "geometry": {
        "type": "LineString",
        "coordinates": [
          [
            139.7620959,
            35.6811723
          ],
          [
            139.7620695,
            35.6810928
          ]
        ]
      }
    },
    {
      "type": "Feature",
      "properties": {
        "id": 1361973544,
        "highway": "footway",
        "name": null,
        "access": null,
        "surface": "paving_stones"
      },
      "geometry": {
        "type": "LineString",
        "coordinates": [
          [
            139.7620247,
            35.6811874
          ],
          [
            139.7620959,
            35.6811723
          ]
        ]
      }
    },
    {
      "type": "Feature",
      "properties": {
        "id": 1361973545,
        "highway": "steps",
        "name": null,
        "access": null,
        "surface": "paving_stones"
      },
      "geometry": {
        "type": "LineString",
        "coordinates": [
          [
            139.762043,
            35.6810127
          ],
          [
            139.7620695,
            35.6810928
          ]
        ]
      }
    },
    {
      "type": "Feature",
      "properties": {
        "id": 1361973546,
        "highway": "footway",
        "name": "丸ビル",
        "access": null,
        "surface": "paving_stones"
      },
      "geometry": {
        "type": "LineString",
        "coordinates": [
          [
            139.7631477,
            35.6808536
          ],
          [
            139.7634537,
            35.6807855
          ],
          [
            139.7635277,
            35.6810179
          ],
          [
            139.7636262,
            35.6813324
          ],
          [
            139.7636384,
            35.6813714
          ],
          [
            139.7636654,
            35.6814571
          ],
          [
            139.7636266,
            35.6815083
          ],
          [
            139.7636513,
            35.6815847
          ]
        ]
      }
    },
    {
      "type": "Feature",
      "properties": {
        "id": 1361973547,
        "highway": "footway",
        "name": null,
        "access": null,
        "surface": "paving_stones"
      },
      "geometry": {
        "type": "LineString",
        "coordinates": [
          [
            139.7621307,
            35.6810802
          ],
          [
            139.7621547,
            35.6810753
          ],
          [
            139.7621377,
            35.6810242
          ],
          [
            139.762127,
            35.6809918
          ]
        ]
      }
    },
    {
      "type": "Feature",
      "properties": {
        "id": 1361973548,
        "highway": "steps",
        "name": null,
        "access": null,
        "surface": "paving_stones"
      },
      "geometry": {
        "type": "LineString",
        "coordinates": [
          [
            139.762127,
            35.6809918
          ],
          [
            139.7621089,
            35.6809377
          ]
        ]
      }
    },
    {
      "type": "Feature",
      "properties": {
        "id": 1361973549,
        "highway": "steps",
        "name": null,
        "access": null,
        "surface": "paving_stones"
      },
      "geometry": {
        "type": "LineString",
        "coordinates": [
          [
            139.7628281,
            35.680777
          ],
          [
            139.7628953,
            35.6807619
          ]
        ]
      }
    },
    {
      "type": "Feature",
      "properties": {
        "id": 1361973550,
        "highway": "steps",
        "name": null,
        "access": null,
        "surface": "paving_stones"
      },
      "geometry": {
        "type": "LineString",
        "coordinates": [
          [
            139.7627608,
            35.6807921
          ],
          [
            139.7628281,
            35.680777
          ]
        ]
      }
    },
    {
      "type": "Feature",
      "properties": {
        "id": 1361973551,
        "highway": "steps",
        "name": null,
        "access": null,
        "surface": "paving_stones"
      },
      "geometry": {
        "type": "LineString",
        "coordinates": [
          [
            139.7617493,
            35.6820303
          ],
          [
            139.7618489,
            35.6820092
          ]
        ]
      }
    },
    {
      "type": "Feature",
      "properties": {
        "id": 1361973552,
        "highway": "steps",
        "name": null,
        "access": null,
        "surface": "paving_stones"
      },
      "geometry": {
        "type": "LineString",
        "coordinates": [
          [
            139.7618489,
            35.6820092
          ],
          [
            139.7618818,
            35.6819657
          ]
        ]
      }
    },
    {
      "type": "Feature",
      "properties": {
        "id": 1361973553,
        "highway": "steps",
        "name": "東京",
        "access": null,
        "surface": "asphalt"
      },
      "geometry": {
        "type": "LineString",
        "coordinates": [
          [
            139.7624454,
            35.6823888
          ],
          [
            139.7624565,
            35.6824243
          ]
        ]
      }
    },
    {
      "type": "Feature",
      "properties": {
        "id": 1361973554,
        "highway": "steps",
        "name": "東京",
        "access": null,
        "surface": "asphalt"
      },
      "geometry": {
        "type": "LineString",
        "coordinates": [
          [
            139.7624342,
            35.6823532
          ],
          [
            139.7624454,
            35.6823888
          ]
        ]
      }
    },
    {
      "type": "Feature",
      "properties": {
        "id": 1361973555,
        "highway": "steps",
        "name": "東京",
        "access": null,
        "surface": "asphalt"
      },
      "geometry": {
        "type": "LineString",
        "coordinates": [
          [
            139.7623377,
            35.6820471
          ],
          [
            139.7623492,
            35.6820835
          ]
        ]
      }
    },
    {
      "type": "Feature",
      "properties": {
        "id": 1361973556,
        "highway": "steps",
        "name": "東京",
        "access": null,
        "surface": "asphalt"
      },
      "geometry": {
        "type": "LineString",
        "coordinates": [
          [
            139.7623262,
            35.6820106
          ],
          [
            139.7623377,
            35.6820471
          ]
        ]
      }
    },
    {
      "type": "Feature",
      "properties": {
        "id": 1361973557,
        "highway": "steps",
        "name": null,
        "access": null,
        "surface": "paving_stones"
      },
      "geometry": {
        "type": "LineString",
        "coordinates": [
          [
            139.7620927,
            35.6825708
          ],
          [
            139.7620617,
            35.6825604
          ]
        ]
      }
    },
    {
      "type": "Feature",
      "properties": {
        "id": 1361973558,
        "highway": "steps",
        "name": null,
        "access": null,
        "surface": "paving_stones"
      },
      "geometry": {
        "type": "LineString",
        "coordinates": [
          [
            139.7620617,
            35.6825604
          ],
          [
            139.762025,
            35.6825481
          ]
        ]
      }
    },
    {
      "type": "Feature",
      "properties": {
        "id": 1361973559,
        "highway": "steps",
        "name": null,
        "access": null,
        "surface": "paving_stones"
      },
      "geometry": {
        "type": "LineString",
        "coordinates": [
          [
            139.762118,
            35.6825793
          ],
          [
            139.7620927,
            35.6825708
          ]
        ]
      }
    },
    {
      "type": "Feature",
      "properties": {
        "id": 1361973560,
        "highway": "steps",
        "name": "二重橋前駅;7番出入口",
        "access": null,
        "surface": "paving_stones"
      },
      "geometry": {
        "type": "LineString",
        "coordinates": [
          [
            139.7625412,
            35.6818447
          ],
          [
            139.7624752,
            35.6818592
          ]
        ]
      }
    },
    {
      "type": "Feature",
      "properties": {
        "id": 1362244725,
        "highway": "footway",
        "name": "エレベーター;地下1階",
        "access": null,
        "surface": null
      },
      "geometry": {
        "type": "LineString",
        "coordinates": [
          [
            139.7671683,
            35.6813586
          ],
          [
            139.767181,
            35.6814096
          ]
        ]
      }
    },
    {
      "type": "Feature",
      "properties": {
        "id": 1362244726,
        "highway": "footway",
        "name": "エレベーター;1階",
        "access": null,
        "surface": null
      },
      "geometry": {
        "type": "LineString",
        "coordinates": [
          [
            139.7671683,
            35.6813586
          ],
          [
            139.7671794,
            35.6813896
          ],
          [
            139.7671957,
            35.6813857
          ]
        ]
      }
    },
    {
      "type": "Feature",
      "properties": {
        "id": 1362244727,
        "highway": "footway",
        "name": null,
        "access": null,
        "surface": null
      },
      "geometry": {
        "type": "LineString",
        "coordinates": [
          [
            139.7671445,
            35.6813867
          ],
          [
            139.7671811,
            35.681378
          ],
          [
            139.7672059,
            35.6813719
          ]
        ]
      }
    },
    {
      "type": "Feature",
      "properties": {
        "id": 1362244728,
        "highway": "footway",
        "name": "エレベーター;2階",
        "access": null,
        "surface": null
      },
      "geometry": {
        "type": "LineString",
        "coordinates": [
          [
            139.7671683,
            35.6813586
          ],
          [
            139.7671811,
            35.681378
          ]
        ]
      }
    },
    {
      "type": "Feature",
      "properties": {
        "id": 1362244729,
        "highway": "steps",
        "name": "東北新幹線北乗換口",
        "access": null,
        "surface": null
      },
      "geometry": {
        "type": "LineString",
        "coordinates": [
          [
            139.7673543,
            35.6815024
          ],
          [
            139.7672489,
            35.6815284
          ]
        ]
      }
    },
    {
      "type": "Feature",
      "properties": {
        "id": 1362250583,
        "highway": "footway",
        "name": null,
        "access": null,
        "surface": "paving_stones"
      },
      "geometry": {
        "type": "LineString",
        "coordinates": [
          [
            139.7623558,
            35.6824272
          ],
          [
            139.7623611,
            35.6824435
          ],
          [
            139.7624404,
            35.682689
          ],
          [
            139.7625127,
            35.68291
          ]
        ]
      }
    },
    {
      "type": "Feature",
      "properties": {
        "id": 1362250584,
        "highway": "steps",
        "name": null,
        "access": null,
        "surface": "paving_stones"
      },
      "geometry": {
        "type": "LineString",
        "coordinates": [
          [
            139.7625127,
            35.68291
          ],
          [
            139.7625163,
            35.6829208
          ]
        ]
      }
    },
    {
      "type": "Feature",
      "properties": {
        "id": 1362250585,
        "highway": "steps",
        "name": null,
        "access": null,
        "surface": "paving_stones"
      },
      "geometry": {
        "type": "LineString",
        "coordinates": [
          [
            139.7627965,
            35.6833568
          ],
          [
            139.7627814,
            35.6833061
          ]
        ]
      }
    },
    {
      "type": "Feature",
      "properties": {
        "id": 1362250586,
        "highway": "steps",
        "name": null,
        "access": null,
        "surface": "paving_stones"
      },
      "geometry": {
        "type": "LineString",
        "coordinates": [
          [
            139.7628175,
            35.6834275
          ],
          [
            139.7628073,
            35.683393
          ]
        ]
      }
    },
    {
      "type": "Feature",
      "properties": {
        "id": 1362250587,
        "highway": "steps",
        "name": null,
        "access": null,
        "surface": "paving_stones"
      },
      "geometry": {
        "type": "LineString",
        "coordinates": [
          [
            139.7628073,
            35.683393
          ],
          [
            139.7627965,
            35.6833568
          ]
        ]
      }
    },
    {
      "type": "Feature",
      "properties": {
        "id": 1362535900,
        "highway": "footway",
        "name": null,
        "access": null,
        "surface": null
      },
      "geometry": {
        "type": "LineString",
        "coordinates": [
          [
            139.7653236,
            35.681617
          ],
          [
            139.7653828,
            35.681585
          ],
          [
            139.7654226,
            35.681563
          ],
          [
            139.7654886,
            35.6816363
          ]
        ]
      }
    },
    {
      "type": "Feature",
      "properties": {
        "id": 1362535901,
        "highway": "steps",
        "name": null,
        "access": null,
        "surface": null
      },
      "geometry": {
        "type": "LineString",
        "coordinates": [
          [
            139.7654886,
            35.6816363
          ],
          [
            139.7655807,
            35.6817383
          ]
        ]
      }
    },
    {
      "type": "Feature",
      "properties": {
        "id": 1362535902,
        "highway": "steps",
        "name": null,
        "access": null,
        "surface": null
      },
      "geometry": {
        "type": "LineString",
        "coordinates": [
          [
            139.765392,
            35.6816924
          ],
          [
            139.7654804,
            35.6817878
          ]
        ]
      }
    },
    {
      "type": "Feature",
      "properties": {
        "id": 1362535904,
        "highway": "footway",
        "name": null,
        "access": null,
        "surface": null
      },
      "geometry": {
        "type": "LineString",
        "coordinates": [
          [
            139.7653236,
            35.681617
          ],
          [
            139.765392,
            35.6816924
          ]
        ]
      }
    },
    {
      "type": "Feature",
      "properties": {
        "id": 1362546689,
        "highway": "footway",
        "name": null,
        "access": null,
        "surface": null
      },
      "geometry": {
        "type": "LineString",
        "coordinates": [
          [
            139.765514,
            35.6817855
          ],
          [
            139.7654804,
            35.6817878
          ],
          [
            139.7654726,
            35.68181
          ]
        ]
      }
    },
    {
      "type": "Feature",
      "properties": {
        "id": 1362546690,
        "highway": "footway",
        "name": null,
        "access": null,
        "surface": null
      },
      "geometry": {
        "type": "LineString",
        "coordinates": [
          [
            139.7655691,
            35.6817602
          ],
          [
            139.7655807,
            35.6817383
          ],
          [
            139.7656146,
            35.6817366
          ]
        ]
      }
    },
    {
      "type": "Feature",
      "properties": {
        "id": 1362546691,
        "highway": "footway",
        "name": null,
        "access": null,
        "surface": null
      },
      "geometry": {
        "type": "LineString",
        "coordinates": [
          [
            139.7655802,
            35.6818602
          ],
          [
            139.7655676,
            35.6818808
          ],
          [
            139.7655404,
            35.6818809
          ]
        ]
      }
    },
    {
      "type": "Feature",
      "properties": {
        "id": 1362571813,
        "highway": "footway",
        "name": "東海道新幹線・東北新幹線乗り換え改札",
        "access": null,
        "surface": null
      },
      "geometry": {
        "type": "LineString",
        "coordinates": [
          [
            139.7678042,
            35.6813895
          ],
          [
            139.7676818,
            35.6814202
          ]
        ]
      }
    },
    {
      "type": "Feature",
      "properties": {
        "id": 1362571814,
        "highway": "steps",
        "name": null,
        "access": null,
        "surface": null
      },
      "geometry": {
        "type": "LineString",
        "coordinates": [
          [
            139.7678619,
            35.6812637
          ],
          [
            139.7677553,
            35.6809648
          ]
        ]
      }
    },
    {
      "type": "Feature",
      "properties": {
        "id": 1362571816,
        "highway": "steps",
        "name": null,
        "access": null,
        "surface": null
      },
      "geometry": {
        "type": "LineString",
        "coordinates": [
          [
            139.7676771,
            35.6801471
          ],
          [
            139.7678053,
            35.680476
          ]
        ]
      }
    },
    {
      "type": "Feature",
      "properties": {
        "id": 1362571817,
        "highway": "steps",
        "name": null,
        "access": null,
        "surface": null
      },
      "geometry": {
        "type": "LineString",
        "coordinates": [
          [
            139.7674603,
            35.6802021
          ],
          [
            139.76759,
            35.6805216
          ]
        ]
      }
    },
    {
      "type": "Feature",
      "properties": {
        "id": 1362571818,
        "highway": "steps",
        "name": null,
        "access": null,
        "surface": null
      },
      "geometry": {
        "type": "LineString",
        "coordinates": [
          [
            139.7674603,
            35.6802021
          ],
          [
            139.7673273,
            35.679862
          ]
        ]
      }
    },
    {
      "type": "Feature",
      "properties": {
        "id": 1362571819,
        "highway": "steps",
        "name": null,
        "access": null,
        "surface": null
      },
      "geometry": {
        "type": "LineString",
        "coordinates": [
          [
            139.7676771,
            35.6801471
          ],
          [
            139.7675309,
            35.6798129
          ]
        ]
      }
    },
    {
      "type": "Feature",
      "properties": {
        "id": 1362571820,
        "highway": "steps",
        "name": null,
        "access": null,
        "surface": null
      },
      "geometry": {
        "type": "LineString",
        "coordinates": [
          [
            139.7678615,
            35.6801006
          ],
          [
            139.767716,
            35.6797595
          ]
        ]
      }
    },
    {
      "type": "Feature",
      "properties": {
        "id": 1362571821,
        "highway": "steps",
        "name": "C階段",
        "access": null,
        "surface": null
      },
      "geometry": {
        "type": "LineString",
        "coordinates": [
          [
            139.7678577,
            35.6809066
          ],
          [
            139.7677733,
            35.6806773
          ]
        ]
      }
    },
    {
      "type": "Feature",
      "properties": {
        "id": 1362592100,
        "highway": "footway",
        "name": null,
        "access": null,
        "surface": null
      },
      "geometry": {
        "type": "LineString",
        "coordinates": [
          [
            139.7675174,
            35.6806419
          ],
          [
            139.7673621,
            35.680227
          ]
        ]
      }
    },
    {
      "type": "Feature",
      "properties": {
        "id": 1362869652,
        "highway": "footway",
        "name": "JR East Travel Service Center",
        "access": null,
        "surface": null
      },
      "geometry": {
        "type": "LineString",
        "coordinates": [
          [
            139.7663875,
            35.6822284
          ],
          [
            139.7662234,
            35.682337
          ]
        ]
      }
    },
    {
      "type": "Feature",
      "properties": {
        "id": 1363349491,
        "highway": "footway",
        "name": "グランスタ東京;1階",
        "access": null,
        "surface": null
      },
      "geometry": {
        "type": "LineString",
        "coordinates": [
          [
            139.7663957,
            35.681755
          ],
          [
            139.7664741,
            35.6817342
          ],
          [
            139.7664925,
            35.6817292
          ],
          [
            139.7666464,
            35.681687
          ],
          [
            139.766743,
            35.6816612
          ],
          [
            139.7668407,
            35.681635
          ],
          [
            139.7670183,
            35.6815883
          ],
          [
            139.7670298,
            35.6815853
          ],
          [
            139.7670393,
            35.6815828
          ],
          [
            139.7671315,
            35.6815589
          ]
        ]
      }
    },
    {
      "type": "Feature",
      "properties": {
        "id": 1363349492,
        "highway": "footway",
        "name": "エレベーター;1階",
        "access": null,
        "surface": null
      },
      "geometry": {
        "type": "LineString",
        "coordinates": [
          [
            139.7666559,
            35.6817132
          ],
          [
            139.7666464,
            35.681687
          ]
        ]
      }
    },
    {
      "type": "Feature",
      "properties": {
        "id": 1363349493,
        "highway": "footway",
        "name": "エレベーター;地下1階",
        "access": null,
        "surface": null
      },
      "geometry": {
        "type": "LineString",
        "coordinates": [
          [
            139.766834,
            35.6816315
          ],
          [
            139.7668599,
            35.6816847
          ]
        ]
      }
    },
    {
      "type": "Feature",
      "properties": {
        "id": 1363349494,
        "highway": "footway",
        "name": "エレベーター;2階",
        "access": null,
        "surface": null
      },
      "geometry": {
        "type": "LineString",
        "coordinates": [
          [
            139.7668599,
            35.6816847
          ],
          [
            139.7668761,
            35.681728
          ]
        ]
      }
    },
    {
      "type": "Feature",
      "properties": {
        "id": 1363349495,
        "highway": "footway",
        "name": "エレベーター;1階",
        "access": null,
        "surface": null
      },
      "geometry": {
        "type": "LineString",
        "coordinates": [
          [
            139.7670444,
            35.6815964
          ],
          [
            139.7670393,
            35.6815828
          ]
        ]
      }
    },
    {
      "type": "Feature",
      "properties": {
        "id": 1363619698,
        "highway": "footway",
        "name": null,
        "access": null,
        "surface": null
      },
      "geometry": {
        "type": "LineString",
        "coordinates": [
          [
            139.7685748,
            35.6798395
          ],
          [
            139.7685638,
            35.6798173
          ],
          [
            139.768447,
            35.6798599
          ],
          [
            139.7678379,
            35.6800049
          ],
          [
            139.7677395,
            35.6800283
          ]
        ]
      }
    },
    {
      "type": "Feature",
      "properties": {
        "id": 1363836449,
        "highway": "steps",
        "name": null,
        "access": null,
        "surface": null
      },
      "geometry": {
        "type": "LineString",
        "coordinates": [
          [
            139.7667355,
            35.6808155
          ],
          [
            139.7668094,
            35.6810114
          ],
          [
            139.7668303,
            35.6810244
          ]
        ]
      }
    },
    {
      "type": "Feature",
      "properties": {
        "id": 1363836450,
        "highway": "steps",
        "name": null,
        "access": null,
        "surface": null
      },
      "geometry": {
        "type": "LineString",
        "coordinates": [
          [
            139.7667355,
            35.6808155
          ],
          [
            139.7666782,
            35.6806593
          ]
        ]
      }
    },
    {
      "type": "Feature",
      "properties": {
        "id": 1363836451,
        "highway": "footway",
        "name": null,
        "access": null,
        "surface": null
      },
      "geometry": {
        "type": "LineString",
        "coordinates": [
          [
            139.7668081,
            35.6808148
          ],
          [
            139.7667562,
            35.680827
          ],
          [
            139.7667492,
            35.6808287
          ]
        ]
      }
    },
    {
      "type": "Feature",
      "properties": {
        "id": 1363836452,
        "highway": "footway",
        "name": null,
        "access": null,
        "surface": null
      },
      "geometry": {
        "type": "LineString",
        "coordinates": [
          [
            139.7678469,
            35.6812477
          ],
          [
            139.7675273,
            35.6813268
          ]
        ]
      }
    },
    {
      "type": "Feature",
      "properties": {
        "id": 1363836453,
        "highway": "footway",
        "name": "銀の鈴広場",
        "access": null,
        "surface": null
      },
      "geometry": {
        "type": "LineString",
        "coordinates": [
          [
            139.7675273,
            35.6813268
          ],
          [
            139.7674316,
            35.6813496
          ],
          [
            139.7673066,
            35.6813794
          ]
        ]
      }
    },
    {
      "type": "Feature",
      "properties": {
        "id": 1363836454,
        "highway": "footway",
        "name": "エレベーター;2階",
        "access": null,
        "surface": null
      },
      "geometry": {
        "type": "LineString",
        "coordinates": [
          [
            139.7661568,
            35.6808642
          ],
          [
            139.7661525,
            35.6808525
          ]
        ]
      }
    },
    {
      "type": "Feature",
      "properties": {
        "id": 1363836455,
        "highway": "footway",
        "name": null,
        "access": null,
        "surface": null
      },
      "geometry": {
        "type": "LineString",
        "coordinates": [
          [
            139.7661244,
            35.6808512
          ],
          [
            139.7661525,
            35.6808525
          ],
          [
            139.7661776,
            35.6808393
          ]
        ]
      }
    },
    {
      "type": "Feature",
      "properties": {
        "id": 1363836456,
        "highway": "footway",
        "name": "エレベーター;1階",
        "access": null,
        "surface": null
      },
      "geometry": {
        "type": "LineString",
        "coordinates": [
          [
            139.7661504,
            35.6808764
          ],
          [
            139.7661568,
            35.6808642
          ]
        ]
      }
    },
    {
      "type": "Feature",
      "properties": {
        "id": 1364245752,
        "highway": "footway",
        "name": "東京駅(改札外)",
        "access": null,
        "surface": null
      },
      "geometry": {
        "type": "LineString",
        "coordinates": [
          [
            139.7649903,
            35.6818991
          ],
          [
            139.7649204,
            35.6811701
          ]
        ]
      }
    },
    {
      "type": "Feature",
      "properties": {
        "id": 1364245753,
        "highway": "footway",
        "name": "東京駅",
        "access": null,
        "surface": "asphalt"
      },
      "geometry": {
        "type": "LineString",
        "coordinates": [
          [
            139.7650488,
            35.6804579
          ],
          [
            139.764932,
            35.6804792
          ],
          [
            139.7649185,
            35.6804373
          ],
          [
            139.7648854,
            35.6804241
          ],
          [
            139.7648423,
            35.6804248
          ],
          [
            139.764578,
            35.6804804
          ],
          [
            139.7645464,
            35.6804937
          ],
          [
            139.7645281,
            35.6805124
          ],
          [
            139.76452,
            35.6805494
          ],
          [
            139.7645233,
            35.6805881
          ]
        ]
      }
    },
    {
      "type": "Feature",
      "properties": {
        "id": 1364245754,
        "highway": "footway",
        "name": "東京駅;団体集合場所(学生用)",
        "access": null,
        "surface": null
      },
      "geometry": {
        "type": "LineString",
        "coordinates": [
          [
            139.7645233,
            35.6805881
          ],
          [
            139.7645933,
            35.6808122
          ]
        ]
      }
    },
    {
      "type": "Feature",
      "properties": {
        "id": 1364510048,
        "highway": "steps",
        "name": null,
        "access": null,
        "surface": null
      },
      "geometry": {
        "type": "LineString",
        "coordinates": [
          [
            139.7661963,
            35.6804854
          ],
          [
            139.7662428,
            35.6806272
          ]
        ]
      }
    },
    {
      "type": "Feature",
      "properties": {
        "id": 1364510049,
        "highway": "footway",
        "name": null,
        "access": null,
        "surface": null
      },
      "geometry": {
        "type": "LineString",
        "coordinates": [
          [
            139.766221,
            35.6806452
          ],
          [
            139.7662428,
            35.6806272
          ],
          [
            139.7662749,
            35.6806318
          ]
        ]
      }
    },
    {
      "type": "Feature",
      "properties": {
        "id": 1364510050,
        "highway": "steps",
        "name": null,
        "access": null,
        "surface": null
      },
      "geometry": {
        "type": "LineString",
        "coordinates": [
          [
            139.7664407,
            35.6805877
          ],
          [
            139.7663854,
            35.6804405
          ]
        ]
      }
    },
    {
      "type": "Feature",
      "properties": {
        "id": 1364510051,
        "highway": "footway",
        "name": null,
        "access": null,
        "surface": null
      },
      "geometry": {
        "type": "LineString",
        "coordinates": [
          [
            139.7664235,
            35.6806029
          ],
          [
            139.7664407,
            35.6805877
          ],
          [
            139.7664684,
            35.6805914
          ]
        ]
      }
    },
    {
      "type": "Feature",
      "properties": {
        "id": 1364510052,
        "highway": "steps",
        "name": null,
        "access": null,
        "surface": null
      },
      "geometry": {
        "type": "LineString",
        "coordinates": [
          [
            139.7672945,
            35.6819961
          ],
          [
            139.7673566,
            35.6822268
          ]
        ]
      }
    },
    {
      "type": "Feature",
      "properties": {
        "id": 1366971689,
        "highway": "steps",
        "name": null,
        "access": null,
        "surface": null
      },
      "geometry": {
        "type": "LineString",
        "coordinates": [
          [
            139.7666452,
            35.6805447
          ],
          [
            139.7665879,
            35.6803915
          ]
        ]
      }
    },
    {
      "type": "Feature",
      "properties": {
        "id": 1366971690,
        "highway": "steps",
        "name": null,
        "access": null,
        "surface": null
      },
      "geometry": {
        "type": "LineString",
        "coordinates": [
          [
            139.7668521,
            35.6804971
          ],
          [
            139.7667909,
            35.6803418
          ]
        ]
      }
    },
    {
      "type": "Feature",
      "properties": {
        "id": 1367372075,
        "highway": "steps",
        "name": null,
        "access": null,
        "surface": null
      },
      "geometry": {
        "type": "LineString",
        "coordinates": [
          [
            139.7657466,
            35.6819116
          ],
          [
            139.7656709,
            35.6818346
          ]
        ]
      }
    },
    {
      "type": "Feature",
      "properties": {
        "id": 1367372076,
        "highway": "footway",
        "name": null,
        "access": null,
        "surface": null
      },
      "geometry": {
        "type": "LineString",
        "coordinates": [
          [
            139.7656451,
            35.6819676
          ],
          [
            139.7657481,
            35.6820694
          ],
          [
            139.7658477,
            35.6820145
          ],
          [
            139.7657466,
            35.6819116
          ]
        ]
      }
    },
    {
      "type": "Feature",
      "properties": {
        "id": 1367372077,
        "highway": "steps",
        "name": null,
        "access": null,
        "surface": null
      },
      "geometry": {
        "type": "LineString",
        "coordinates": [
          [
            139.7657761,
            35.6818947
          ],
          [
            139.765803,
            35.6819258
          ]
        ]
      }
    },
    {
      "type": "Feature",
      "properties": {
        "id": 1367372078,
        "highway": "footway",
        "name": null,
        "access": null,
        "surface": null
      },
      "geometry": {
        "type": "LineString",
        "coordinates": [
          [
            139.7657466,
            35.6819116
          ],
          [
            139.7657761,
            35.6818947
          ]
        ]
      }
    },
    {
      "type": "Feature",
      "properties": {
        "id": 1367372079,
        "highway": "steps",
        "name": null,
        "access": null,
        "surface": null
      },
      "geometry": {
        "type": "LineString",
        "coordinates": [
          [
            139.765803,
            35.6819258
          ],
          [
            139.7658236,
            35.6819143
          ],
          [
            139.7657939,
            35.6818819
          ],
          [
            139.7657772,
            35.6818914
          ],
          [
            139.7658051,
            35.6819218
          ]
        ]
      }
    },
    {
      "type": "Feature",
      "properties": {
        "id": 1367372080,
        "highway": "steps",
        "name": null,
        "access": null,
        "surface": null
      },
      "geometry": {
        "type": "LineString",
        "coordinates": [
          [
            139.7658051,
            35.6819218
          ],
          [
            139.7658188,
            35.681914
          ],
          [
            139.7657934,
            35.6818851
          ],
          [
            139.7657825,
            35.6818912
          ],
          [
            139.7658069,
            35.6819173
          ]
        ]
      }
    },
    {
      "type": "Feature",
      "properties": {
        "id": 1367372081,
        "highway": "steps",
        "name": null,
        "access": null,
        "surface": null
      },
      "geometry": {
        "type": "LineString",
        "coordinates": [
          [
            139.7658069,
            35.6819173
          ],
          [
            139.7658132,
            35.6819138
          ],
          [
            139.7657859,
            35.6818834
          ]
        ]
      }
    },
    {
      "type": "Feature",
      "properties": {
        "id": 1367372082,
        "highway": "footway",
        "name": null,
        "access": null,
        "surface": null
      },
      "geometry": {
        "type": "LineString",
        "coordinates": [
          [
            139.7657859,
            35.6818834
          ],
          [
            139.7657677,
            35.6818931
          ],
          [
            139.7657541,
            35.6819004
          ]
        ]
      }
    },
    {
      "type": "Feature",
      "properties": {
        "id": 1367372083,
        "highway": "footway",
        "name": null,
        "access": null,
        "surface": null
      },
      "geometry": {
        "type": "LineString",
        "coordinates": [
          [
            139.7656809,
            35.6818071
          ],
          [
            139.7656709,
            35.6818346
          ],
          [
            139.7656358,
            35.681834
          ]
        ]
      }
    },
    {
      "type": "Feature",
      "properties": {
        "id": 1371774425,
        "highway": "footway",
        "name": null,
        "access": null,
        "surface": "paving_stones"
      },
      "geometry": {
        "type": "LineString",
        "coordinates": [
          [
            139.7611773,
            35.6786193
          ],
          [
            139.7610878,
            35.6783824
          ]
        ]
      }
    },
    {
      "type": "Feature",
      "properties": {
        "id": 1371835783,
        "highway": "steps",
        "name": null,
        "access": null,
        "surface": null
      },
      "geometry": {
        "type": "LineString",
        "coordinates": [
          [
            139.7669886,
            35.681456
          ],
          [
            139.766976,
            35.6814756
          ],
          [
            139.7670183,
            35.6815883
          ]
        ]
      }
    },
    {
      "type": "Feature",
      "properties": {
        "id": 1371835784,
        "highway": "steps",
        "name": null,
        "access": null,
        "surface": null
      },
      "geometry": {
        "type": "LineString",
        "coordinates": [
          [
            139.7670183,
            35.6815883
          ],
          [
            139.7670589,
            35.6816936
          ],
          [
            139.7670794,
            35.6817053
          ]
        ]
      }
    },
    {
      "type": "Feature",
      "properties": {
        "id": 1372101881,
        "highway": "footway",
        "name": "NewDays グランスタ東京北通路",
        "access": null,
        "surface": null
      },
      "geometry": {
        "type": "LineString",
        "coordinates": [
          [
            139.7668243,
            35.6821165
          ],
          [
            139.7668333,
            35.6821386
          ]
        ]
      }
    },
    {
      "type": "Feature",
      "properties": {
        "id": 1372444166,
        "highway": "footway",
        "name": null,
        "access": null,
        "surface": null
      },
      "geometry": {
        "type": "LineString",
        "coordinates": [
          [
            139.7681315,
            35.6829758
          ],
          [
            139.768155,
            35.6829294
          ],
          [
            139.7680989,
            35.6820591
          ],
          [
            139.7680397,
            35.6817257
          ],
          [
            139.7679574,
            35.6813784
          ],
          [
            139.7677944,
            35.6809535
          ],
          [
            139.7676329,
            35.6805274
          ],
          [
            139.7674291,
            35.6799894
          ],
          [
            139.7673609,
            35.6798516
          ],
          [
            139.767278,
            35.6796843
          ],
          [
            139.7671461,
            35.6794544
          ]
        ]
      }
    },
    {
      "type": "Feature",
      "properties": {
        "id": 1372444167,
        "highway": "footway",
        "name": null,
        "access": null,
        "surface": null
      },
      "geometry": {
        "type": "LineString",
        "coordinates": [
          [
            139.7681315,
            35.6829758
          ],
          [
            139.7681085,
            35.682932
          ],
          [
            139.7680476,
            35.6820763
          ],
          [
            139.7680097,
            35.6818524
          ],
          [
            139.7679801,
            35.6817346
          ],
          [
            139.7678827,
            35.6813954
          ],
          [
            139.7677207,
            35.680971
          ],
          [
            139.7675602,
            35.6805436
          ],
          [
            139.7674428,
            35.680225
          ],
          [
            139.7673512,
            35.6799987
          ],
          [
            139.7672967,
            35.6798695
          ],
          [
            139.7672195,
            35.679674
          ],
          [
            139.7671127,
            35.6794618
          ]
        ]
      }
    },
    {
      "type": "Feature",
      "properties": {
        "id": 1372444168,
        "highway": "footway",
        "name": null,
        "access": null,
        "surface": null
      },
      "geometry": {
        "type": "LineString",
        "coordinates": [
          [
            139.768698,
            35.6828476
          ],
          [
            139.7686413,
            35.6827753
          ],
          [
            139.7682296,
            35.6816849
          ],
          [
            139.7680967,
            35.6813329
          ],
          [
            139.76794,
            35.6809271
          ],
          [
            139.7677801,
            35.6804974
          ],
          [
            139.7675045,
            35.6798198
          ],
          [
            139.7673839,
            35.679586
          ],
          [
            139.7672453,
            35.6793395
          ],
          [
            139.7671592,
            35.6791995
          ]
        ]
      }
    },
    {
      "type": "Feature",
      "properties": {
        "id": 1372444169,
        "highway": "footway",
        "name": null,
        "access": null,
        "surface": null
      },
      "geometry": {
        "type": "LineString",
        "coordinates": [
          [
            139.767186,
            35.6791933
          ],
          [
            139.7673013,
            35.6793618
          ],
          [
            139.7675576,
            35.6798052
          ],
          [
            139.7677111,
            35.6801517
          ],
          [
            139.7678413,
            35.6804804
          ],
          [
            139.7680001,
            35.6809116
          ],
          [
            139.7682885,
            35.6816714
          ],
          [
            139.7687011,
            35.6827669
          ],
          [
            139.768698,
            35.6828476
          ]
        ]
      }
    },
    {
      "type": "Feature",
      "properties": {
        "id": 1372444170,
        "highway": "footway",
        "name": null,
        "access": null,
        "surface": null
      },
      "geometry": {
        "type": "LineString",
        "coordinates": [
          [
            139.7688978,
            35.6827978
          ],
          [
            139.768911,
            35.682727
          ],
          [
            139.7684931,
            35.6816228
          ],
          [
            139.7682054,
            35.680863
          ],
          [
            139.7680427,
            35.6804307
          ],
          [
            139.7679616,
            35.6802159
          ],
          [
            139.7678673,
            35.6800119
          ],
          [
            139.7677432,
            35.6797498
          ],
          [
            139.7676992,
            35.6796698
          ],
          [
            139.7674719,
            35.6793335
          ],
          [
            139.7673429,
            35.6791509
          ]
        ]
      }
    },
    {
      "type": "Feature",
      "properties": {
        "id": 1372444171,
        "highway": "footway",
        "name": null,
        "access": null,
        "surface": null
      },
      "geometry": {
        "type": "LineString",
        "coordinates": [
          [
            139.7673131,
            35.6791627
          ],
          [
            139.7674606,
            35.679387
          ],
          [
            139.767684,
            35.6797652
          ],
          [
            139.7679682,
            35.6804464
          ],
          [
            139.7681344,
            35.6808785
          ],
          [
            139.76842,
            35.6816401
          ],
          [
            139.7688408,
            35.6827396
          ],
          [
            139.7688978,
            35.6827978
          ]
        ]
      }
    },
    {
      "type": "Feature",
      "properties": {
        "id": 1372444175,
        "highway": "footway",
        "name": null,
        "access": null,
        "surface": null
      },
      "geometry": {
        "type": "LineString",
        "coordinates": [
          [
            139.767684,
            35.6797652
          ],
          [
            139.767716,
            35.6797595
          ],
          [
            139.7677432,
            35.6797498
          ]
        ]
      }
    },
    {
      "type": "Feature",
      "properties": {
        "id": 1372444176,
        "highway": "footway",
        "name": "東京駅新幹線建設記念碑",
        "access": null,
        "surface": null
      },
      "geometry": {
        "type": "LineString",
        "coordinates": [
          [
            139.7673131,
            35.6791627
          ],
          [
            139.7673429,
            35.6791509
          ]
        ]
      }
    },
    {
      "type": "Feature",
      "properties": {
        "id": 1372444177,
        "highway": "footway",
        "name": null,
        "access": null,
        "surface": null
      },
      "geometry": {
        "type": "LineString",
        "coordinates": [
          [
            139.7675045,
            35.6798198
          ],
          [
            139.7675309,
            35.6798129
          ],
          [
            139.7675576,
            35.6798052
          ]
        ]
      }
    },
    {
      "type": "Feature",
      "properties": {
        "id": 1372444178,
        "highway": "footway",
        "name": null,
        "access": null,
        "surface": null
      },
      "geometry": {
        "type": "LineString",
        "coordinates": [
          [
            139.7677801,
            35.6804974
          ],
          [
            139.7678053,
            35.680476
          ],
          [
            139.7678413,
            35.6804804
          ]
        ]
      }
    },
    {
      "type": "Feature",
      "properties": {
        "id": 1372444182,
        "highway": "footway",
        "name": null,
        "access": null,
        "surface": null
      },
      "geometry": {
        "type": "LineString",
        "coordinates": [
          [
            139.7677207,
            35.680971
          ],
          [
            139.7677553,
            35.6809648
          ],
          [
            139.7677944,
            35.6809535
          ]
        ]
      }
    },
    {
      "type": "Feature",
      "properties": {
        "id": 1372444183,
        "highway": "footway",
        "name": null,
        "access": null,
        "surface": null
      },
      "geometry": {
        "type": "LineString",
        "coordinates": [
          [
            139.7675602,
            35.6805436
          ],
          [
            139.76759,
            35.6805216
          ],
          [
            139.7676329,
            35.6805274
          ]
        ]
      }
    },
    {
      "type": "Feature",
      "properties": {
        "id": 1372444184,
        "highway": "footway",
        "name": null,
        "access": null,
        "surface": null
      },
      "geometry": {
        "type": "LineString",
        "coordinates": [
          [
            139.7672967,
            35.6798695
          ],
          [
            139.7673273,
            35.679862
          ],
          [
            139.7673609,
            35.6798516
          ]
        ]
      }
    },
    {
      "type": "Feature",
      "properties": {
        "id": 1373040862,
        "highway": "footway",
        "name": null,
        "access": null,
        "surface": null
      },
      "geometry": {
        "type": "LineString",
        "coordinates": [
          [
            139.7677196,
            35.6809999
          ],
          [
            139.7678111,
            35.681237
          ],
          [
            139.7678619,
            35.6812637
          ]
        ]
      }
    },
    {
      "type": "Feature",
      "properties": {
        "id": 1374943900,
        "highway": "footway",
        "name": null,
        "access": null,
        "surface": null
      },
      "geometry": {
        "type": "LineString",
        "coordinates": [
          [
            139.7677672,
            35.681287
          ],
          [
            139.7678619,
            35.6812637
          ]
        ]
      }
    },
    {
      "type": "Feature",
      "properties": {
        "id": 1374943901,
        "highway": "footway",
        "name": null,
        "access": null,
        "surface": null
      },
      "geometry": {
        "type": "LineString",
        "coordinates": [
          [
            139.7677672,
            35.681287
          ],
          [
            139.7676826,
            35.6813073
          ],
          [
            139.7673175,
            35.6813949
          ]
        ]
      }
    },
    {
      "type": "Feature",
      "properties": {
        "id": 1374943902,
        "highway": "footway",
        "name": null,
        "access": null,
        "surface": null
      },
      "geometry": {
        "type": "LineString",
        "coordinates": [
          [
            139.7677196,
            35.6809999
          ],
          [
            139.7676973,
            35.6809431
          ]
        ]
      }
    },
    {
      "type": "Feature",
      "properties": {
        "id": 1376493176,
        "highway": "footway",
        "name": "東京駅丸の内地下北口",
        "access": null,
        "surface": null
      },
      "geometry": {
        "type": "LineString",
        "coordinates": [
          [
            139.7661585,
            35.6823592
          ],
          [
            139.7661657,
            35.6823218
          ]
        ]
      }
    },
    {
      "type": "Feature",
      "properties": {
        "id": 1376493177,
        "highway": "footway",
        "name": null,
        "access": null,
        "surface": null
      },
      "geometry": {
        "type": "LineString",
        "coordinates": [
          [
            139.7660421,
            35.6824437
          ],
          [
            139.7660684,
            35.6824248
          ]
        ]
      }
    },
    {
      "type": "Feature",
      "properties": {
        "id": 1376493178,
        "highway": "footway",
        "name": null,
        "access": null,
        "surface": null
      },
      "geometry": {
        "type": "LineString",
        "coordinates": [
          [
            139.7663875,
            35.6822284
          ],
          [
            139.7664721,
            35.6821004
          ]
        ]
      }
    },
    {
      "type": "Feature",
      "properties": {
        "id": 1376493179,
        "highway": "footway",
        "name": "東京駅丸の内北口",
        "access": null,
        "surface": null
      },
      "geometry": {
        "type": "LineString",
        "coordinates": [
          [
            139.7665129,
            35.6821951
          ],
          [
            139.7663875,
            35.6822284
          ]
        ]
      }
    },
    {
      "type": "Feature",
      "properties": {
        "id": 1376493180,
        "highway": "footway",
        "name": "東京駅丸の内北口",
        "access": null,
        "surface": null
      },
      "geometry": {
        "type": "LineString",
        "coordinates": [
          [
            139.7666085,
            35.6821716
          ],
          [
            139.7665129,
            35.6821951
          ]
        ]
      }
    },
    {
      "type": "Feature",
      "properties": {
        "id": 1376493181,
        "highway": "steps",
        "name": null,
        "access": null,
        "surface": null
      },
      "geometry": {
        "type": "LineString",
        "coordinates": [
          [
            139.7657541,
            35.6819004
          ],
          [
            139.765851,
            35.6820042
          ],
          [
            139.7658477,
            35.6820145
          ]
        ]
      }
    },
    {
      "type": "Feature",
      "properties": {
        "id": 1376934775,
        "highway": "service",
        "name": "丸の内鍛冶橋駐車場",
        "access": null,
        "surface": null
      },
      "geometry": {
        "type": "LineString",
        "coordinates": [
          [
            139.7666178,
            35.6766169
          ],
          [
            139.7665002,
            35.6766733
          ]
        ]
      }
    },
    {
      "type": "Feature",
      "properties": {
        "id": 1376934776,
        "highway": "service",
        "name": "丸の内鍛冶橋駐車場",
        "access": null,
        "surface": null
      },
      "geometry": {
        "type": "LineString",
        "coordinates": [
          [
            139.7661179,
            35.6766241
          ],
          [
            139.7661568,
            35.6766241
          ],
          [
            139.7662103,
            35.6766471
          ],
          [
            139.76631,
            35.6767298
          ],
          [
            139.7663545,
            35.6767335
          ],
          [
            139.7665002,
            35.6766733
          ]
        ]
      }
    },
    {
      "type": "Feature",
      "properties": {
        "id": 1377709382,
        "highway": "footway",
        "name": null,
        "access": null,
        "surface": null
      },
      "geometry": {
        "type": "LineString",
        "coordinates": [
          [
            139.7657466,
            35.6819116
          ],
          [
            139.7657208,
            35.6819509
          ]
        ]
      }
    },
    {
      "type": "Feature",
      "properties": {
        "id": 1377709383,
        "highway": "footway",
        "name": null,
        "access": null,
        "surface": null
      },
      "geometry": {
        "type": "LineString",
        "coordinates": [
          [
            139.7657208,
            35.6819509
          ],
          [
            139.7656451,
            35.6819676
          ]
        ]
      }
    },
    {
      "type": "Feature",
      "properties": {
        "id": 1377709384,
        "highway": "steps",
        "name": null,
        "access": null,
        "surface": null
      },
      "geometry": {
        "type": "LineString",
        "coordinates": [
          [
            139.7656451,
            35.6819676
          ],
          [
            139.7655676,
            35.6818808
          ]
        ]
      }
    },
    {
      "type": "Feature",
      "properties": {
        "id": 1377709385,
        "highway": "footway",
        "name": null,
        "access": null,
        "surface": null
      },
      "geometry": {
        "type": "LineString",
        "coordinates": [
          [
            139.7655993,
            35.6817876
          ],
          [
            139.7655957,
            35.6817896
          ]
        ]
      }
    },
    {
      "type": "Feature",
      "properties": {
        "id": 1377709386,
        "highway": "footway",
        "name": "NewDays KIOSK 東京駅総武地下4階",
        "access": null,
        "surface": null
      },
      "geometry": {
        "type": "LineString",
        "coordinates": [
          [
            139.7657208,
            35.6819509
          ],
          [
            139.7657285,
            35.6819593
          ]
        ]
      }
    },
    {
      "type": "Feature",
      "properties": {
        "id": 1378302778,
        "highway": "steps",
        "name": null,
        "access": null,
        "surface": null
      },
      "geometry": {
        "type": "LineString",
        "coordinates": [
          [
            139.7655509,
            35.6816264
          ],
          [
            139.7655101,
            35.6815794
          ],
          [
            139.765533,
            35.6815687
          ],
          [
            139.7655637,
            35.681609
          ]
        ]
      }
    },
    {
      "type": "Feature",
      "properties": {
        "id": 1378302779,
        "highway": "footway",
        "name": null,
        "access": null,
        "surface": "paving_stones"
      },
      "geometry": {
        "type": "LineString",
        "coordinates": [
          [
            139.765514,
            35.6817137
          ],
          [
            139.7655719,
            35.6816825
          ],
          [
            139.7656122,
            35.68166
          ],
          [
            139.7655887,
            35.6816344
          ],
          [
            139.765567,
            35.6816455
          ],
          [
            139.7655509,
            35.6816264
          ]
        ]
      }
    },
    {
      "type": "Feature",
      "properties": {
        "id": 1378302780,
        "highway": "steps",
        "name": null,
        "access": null,
        "surface": null
      },
      "geometry": {
        "type": "LineString",
        "coordinates": [
          [
            139.7655637,
            35.681609
          ],
          [
            139.7655415,
            35.6816214
          ],
          [
            139.7655043,
            35.6815786
          ],
          [
            139.7655271,
            35.6815675
          ],
          [
            139.7655577,
            35.6816068
          ]
        ]
      }
    },
    {
      "type": "Feature",
      "properties": {
        "id": 1378302781,
        "highway": "steps",
        "name": null,
        "access": null,
        "surface": null
      },
      "geometry": {
        "type": "LineString",
        "coordinates": [
          [
            139.7655577,
            35.6816068
          ],
          [
            139.7655355,
            35.6816194
          ],
          [
            139.7654996,
            35.6815774
          ],
          [
            139.7655217,
            35.6815668
          ],
          [
            139.7655517,
            35.6816052
          ]
        ]
      }
    },
    {
      "type": "Feature",
      "properties": {
        "id": 1378302782,
        "highway": "steps",
        "name": null,
        "access": null,
        "surface": null
      },
      "geometry": {
        "type": "LineString",
        "coordinates": [
          [
            139.7655517,
            35.6816052
          ],
          [
            139.7655299,
            35.6816181
          ],
          [
            139.7654948,
            35.6815772
          ],
          [
            139.7655162,
            35.6815661
          ],
          [
            139.7655471,
            35.6816046
          ]
        ]
      }
    },
    {
      "type": "Feature",
      "properties": {
        "id": 1378302783,
        "highway": "footway",
        "name": null,
        "access": null,
        "surface": null
      },
      "geometry": {
        "type": "LineString",
        "coordinates": [
          [
            139.7655471,
            35.6816046
          ],
          [
            139.7654886,
            35.6816363
          ]
        ]
      }
    },
    {
      "type": "Feature",
      "properties": {
        "id": 1378302784,
        "highway": "footway",
        "name": null,
        "access": null,
        "surface": null
      },
      "geometry": {
        "type": "LineString",
        "coordinates": [
          [
            139.7650324,
            35.6811918
          ],
          [
            139.765038,
            35.6811982
          ]
        ]
      }
    },
    {
      "type": "Feature",
      "properties": {
        "id": 1378302785,
        "highway": "footway",
        "name": "グランスタ東京;地下1階",
        "access": null,
        "surface": null
      },
      "geometry": {
        "type": "LineString",
        "coordinates": [
          [
            139.7673066,
            35.6813794
          ],
          [
            139.767181,
            35.6814096
          ],
          [
            139.7669886,
            35.681456
          ],
          [
            139.7666863,
            35.6815279
          ],
          [
            139.7665962,
            35.6815493
          ]
        ]
      }
    },
    {
      "type": "Feature",
      "properties": {
        "id": 1378302786,
        "highway": "footway",
        "name": "駅弁屋 祭",
        "access": null,
        "surface": null
      },
      "geometry": {
        "type": "LineString",
        "coordinates": [
          [
            139.7668481,
            35.6813898
          ],
          [
            139.7668365,
            35.6813547
          ],
          [
            139.7668574,
            35.6813491
          ],
          [
            139.7668686,
            35.6813851
          ]
        ]
      }
    },
    {
      "type": "Feature",
      "properties": {
        "id": 1379316050,
        "highway": "footway",
        "name": "エレベーター;1階",
        "access": null,
        "surface": null
      },
      "geometry": {
        "type": "LineString",
        "coordinates": [
          [
            139.7662031,
            35.680514
          ],
          [
            139.7661963,
            35.6804854
          ]
        ]
      }
    },
    {
      "type": "Feature",
      "properties": {
        "id": 1379316051,
        "highway": "footway",
        "name": "エレベーター;2階",
        "access": null,
        "surface": null
      },
      "geometry": {
        "type": "LineString",
        "coordinates": [
          [
            139.7662031,
            35.680514
          ],
          [
            139.7661964,
            35.6804974
          ],
          [
            139.76618,
            35.6805007
          ]
        ]
      }
    },
    {
      "type": "Feature",
      "properties": {
        "id": 1379316052,
        "highway": "footway",
        "name": "エレベーター;2階",
        "access": null,
        "surface": null
      },
      "geometry": {
        "type": "LineString",
        "coordinates": [
          [
            139.7661964,
            35.6804974
          ],
          [
            139.7662211,
            35.680492
          ]
        ]
      }
    },
    {
      "type": "Feature",
      "properties": {
        "id": 1379316053,
        "highway": "footway",
        "name": "エレベーター;2階",
        "access": null,
        "surface": null
      },
      "geometry": {
        "type": "LineString",
        "coordinates": [
          [
            139.766387,
            35.6804553
          ],
          [
            139.7663939,
            35.6804712
          ]
        ]
      }
    },
    {
      "type": "Feature",
      "properties": {
        "id": 1379316054,
        "highway": "footway",
        "name": "エレベーター;2階",
        "access": null,
        "surface": null
      },
      "geometry": {
        "type": "LineString",
        "coordinates": [
          [
            139.7663709,
            35.6804591
          ],
          [
            139.766387,
            35.6804553
          ],
          [
            139.7664127,
            35.6804494
          ]
        ]
      }
    },
    {
      "type": "Feature",
      "properties": {
        "id": 1379316055,
        "highway": "footway",
        "name": "エレベーター;1階",
        "access": null,
        "surface": null
      },
      "geometry": {
        "type": "LineString",
        "coordinates": [
          [
            139.7663939,
            35.6804712
          ],
          [
            139.7663854,
            35.6804405
          ]
        ]
      }
    },
    {
      "type": "Feature",
      "properties": {
        "id": 1379316056,
        "highway": "footway",
        "name": "エレベーター;1階",
        "access": null,
        "surface": null
      },
      "geometry": {
        "type": "LineString",
        "coordinates": [
          [
            139.7665963,
            35.6804268
          ],
          [
            139.7665879,
            35.6803915
          ]
        ]
      }
    },
    {
      "type": "Feature",
      "properties": {
        "id": 1379316057,
        "highway": "footway",
        "name": "エレベーター;2階",
        "access": null,
        "surface": null
      },
      "geometry": {
        "type": "LineString",
        "coordinates": [
          [
            139.766588,
            35.6804079
          ],
          [
            139.7665963,
            35.6804268
          ]
        ]
      }
    },
    {
      "type": "Feature",
      "properties": {
        "id": 1379316058,
        "highway": "footway",
        "name": "エレベーター;2階",
        "access": null,
        "surface": null
      },
      "geometry": {
        "type": "LineString",
        "coordinates": [
          [
            139.7665667,
            35.6804132
          ],
          [
            139.766588,
            35.6804079
          ],
          [
            139.7666235,
            35.6803998
          ]
        ]
      }
    },
    {
      "type": "Feature",
      "properties": {
        "id": 1379316059,
        "highway": "footway",
        "name": "中央通路",
        "access": null,
        "surface": null
      },
      "geometry": {
        "type": "LineString",
        "coordinates": [
          [
            139.7675532,
            35.680979
          ],
          [
            139.7676685,
            35.6812699
          ],
          [
            139.7671689,
            35.6813142
          ]
        ]
      }
    },
    {
      "type": "Feature",
      "properties": {
        "id": 1379316060,
        "highway": "steps",
        "name": null,
        "access": null,
        "surface": null
      },
      "geometry": {
        "type": "LineString",
        "coordinates": [
          [
            139.7678469,
            35.6812477
          ],
          [
            139.767828,
            35.6812299
          ],
          [
            139.7676685,
            35.6812699
          ]
        ]
      }
    },
    {
      "type": "Feature",
      "properties": {
        "id": 1379316061,
        "highway": "footway",
        "name": null,
        "access": null,
        "surface": null
      },
      "geometry": {
        "type": "LineString",
        "coordinates": [
          [
            139.7676685,
            35.6812699
          ],
          [
            139.7673024,
            35.6813567
          ],
          [
            139.7673073,
            35.6813691
          ],
          [
            139.7676604,
            35.6812828
          ],
          [
            139.7676653,
            35.6812986
          ],
          [
            139.767314,
            35.6813855
          ],
          [
            139.7673175,
            35.6813949
          ]
        ]
      }
    },
    {
      "type": "Feature",
      "properties": {
        "id": 1379316062,
        "highway": "steps",
        "name": null,
        "access": null,
        "surface": null
      },
      "geometry": {
        "type": "LineString",
        "coordinates": [
          [
            139.7673175,
            35.6813949
          ],
          [
            139.7672089,
            35.681421
          ]
        ]
      }
    },
    {
      "type": "Feature",
      "properties": {
        "id": 1379316063,
        "highway": "footway",
        "name": null,
        "access": null,
        "surface": null
      },
      "geometry": {
        "type": "LineString",
        "coordinates": [
          [
            139.7673175,
            35.6813949
          ],
          [
            139.7673543,
            35.6815024
          ]
        ]
      }
    },
    {
      "type": "Feature",
      "properties": {
        "id": 1379316064,
        "highway": "footway",
        "name": "銀の鈴広場",
        "access": null,
        "surface": null
      },
      "geometry": {
        "type": "LineString",
        "coordinates": [
          [
            139.7674316,
            35.6813496
          ],
          [
            139.7673942,
            35.6812488
          ]
        ]
      }
    },
    {
      "type": "Feature",
      "properties": {
        "id": 1379316065,
        "highway": "steps",
        "name": null,
        "access": null,
        "surface": null
      },
      "geometry": {
        "type": "LineString",
        "coordinates": [
          [
            139.7676685,
            35.6812699
          ],
          [
            139.7676826,
            35.6813073
          ]
        ]
      }
    },
    {
      "type": "Feature",
      "properties": {
        "id": 1381338050,
        "highway": "footway",
        "name": "東京駅丸の内南口",
        "access": null,
        "surface": null
      },
      "geometry": {
        "type": "LineString",
        "coordinates": [
          [
            139.7659479,
            35.6804679
          ],
          [
            139.7658995,
            35.6804798
          ]
        ]
      }
    },
    {
      "type": "Feature",
      "properties": {
        "id": 1381338051,
        "highway": "footway",
        "name": "東京駅丸の内南口",
        "access": null,
        "surface": null
      },
      "geometry": {
        "type": "LineString",
        "coordinates": [
          [
            139.7657367,
            35.6805187
          ],
          [
            139.7658995,
            35.6804798
          ]
        ]
      }
    },
    {
      "type": "Feature",
      "properties": {
        "id": 1381340616,
        "highway": "footway",
        "name": null,
        "access": null,
        "surface": null
      },
      "geometry": {
        "type": "LineString",
        "coordinates": [
          [
            139.7639937,
            35.6800616
          ],
          [
            139.7639201,
            35.6800782
          ]
        ]
      }
    },
    {
      "type": "Feature",
      "properties": {
        "id": 1381564310,
        "highway": "footway",
        "name": null,
        "access": null,
        "surface": null
      },
      "geometry": {
        "type": "LineString",
        "coordinates": [
          [
            139.7679649,
            35.6830003
          ],
          [
            139.7679817,
            35.6829632
          ],
          [
            139.7679063,
            35.6821431
          ],
          [
            139.7678608,
            35.6818842
          ],
          [
            139.7678338,
            35.6817686
          ],
          [
            139.7678111,
            35.6816715
          ],
          [
            139.7677364,
            35.6814277
          ],
          [
            139.7677314,
            35.6814138
          ],
          [
            139.7676047,
            35.6810607
          ],
          [
            139.7675358,
            35.6808773
          ],
          [
            139.7674568,
            35.6806671
          ],
          [
            139.7673684,
            35.680432
          ],
          [
            139.7673249,
            35.6803162
          ],
          [
            139.7671706,
            35.6799507
          ],
          [
            139.7669414,
            35.67952
          ]
        ]
      }
    },
    {
      "type": "Feature",
      "properties": {
        "id": 1381564311,
        "highway": "footway",
        "name": null,
        "access": null,
        "surface": null
      },
      "geometry": {
        "type": "LineString",
        "coordinates": [
          [
            139.76691,
            35.6795281
          ],
          [
            139.7671001,
            35.6799733
          ],
          [
            139.7672793,
            35.6804525
          ],
          [
            139.7673664,
            35.6806896
          ],
          [
            139.7674099,
            35.6808081
          ],
          [
            139.767445,
            35.6809008
          ],
          [
            139.7675134,
            35.6810817
          ],
          [
            139.7675827,
            35.6812604
          ],
          [
            139.7676493,
            35.6814344
          ],
          [
            139.767744,
            35.6816815
          ],
          [
            139.7677666,
            35.6817796
          ],
          [
            139.7678523,
            35.6821506
          ],
          [
            139.767916,
            35.6825935
          ],
          [
            139.767946,
            35.6829671
          ],
          [
            139.7679649,
            35.6830003
          ]
        ]
      }
    },
    {
      "type": "Feature",
      "properties": {
        "id": 1381564312,
        "highway": "footway",
        "name": null,
        "access": null,
        "surface": null
      },
      "geometry": {
        "type": "LineString",
        "coordinates": [
          [
            139.7678105,
            35.6830635
          ],
          [
            139.7678247,
            35.6830298
          ],
          [
            139.7677664,
            35.6825753
          ],
          [
            139.7677061,
            35.6821818
          ],
          [
            139.7676103,
            35.6818146
          ],
          [
            139.7675879,
            35.6817287
          ],
          [
            139.7674946,
            35.6814712
          ],
          [
            139.7673653,
            35.681114
          ],
          [
            139.7672947,
            35.6809329
          ],
          [
            139.767215,
            35.6807185
          ],
          [
            139.7671296,
            35.6804885
          ],
          [
            139.7669348,
            35.6799845
          ],
          [
            139.7667544,
            35.6795288
          ]
        ]
      }
    },
    {
      "type": "Feature",
      "properties": {
        "id": 1381564313,
        "highway": "footway",
        "name": null,
        "access": null,
        "surface": null
      },
      "geometry": {
        "type": "LineString",
        "coordinates": [
          [
            139.7667104,
            35.6795311
          ],
          [
            139.767061,
            35.6805062
          ],
          [
            139.7671474,
            35.6807358
          ],
          [
            139.7672278,
            35.6809492
          ],
          [
            139.7672935,
            35.6811303
          ],
          [
            139.7674276,
            35.6814886
          ],
          [
            139.7675259,
            35.6817513
          ],
          [
            139.7675448,
            35.6818287
          ],
          [
            139.7676336,
            35.6821928
          ],
          [
            139.7677139,
            35.6825868
          ],
          [
            139.7677863,
            35.6830373
          ],
          [
            139.7678105,
            35.6830635
          ]
        ]
      }
    },
    {
      "type": "Feature",
      "properties": {
        "id": 1381564314,
        "highway": "footway",
        "name": null,
        "access": null,
        "surface": null
      },
      "geometry": {
        "type": "LineString",
        "coordinates": [
          [
            139.7676103,
            35.6818146
          ],
          [
            139.7675758,
            35.6818125
          ],
          [
            139.7675448,
            35.6818287
          ]
        ]
      }
    },
    {
      "type": "Feature",
      "properties": {
        "id": 1381564315,
        "highway": "footway",
        "name": null,
        "access": null,
        "surface": null
      },
      "geometry": {
        "type": "LineString",
        "coordinates": [
          [
            139.7678338,
            35.6817686
          ],
          [
            139.7677969,
            35.6817624
          ],
          [
            139.7677666,
            35.6817796
          ]
        ]
      }
    },
    {
      "type": "Feature",
      "properties": {
        "id": 1381564316,
        "highway": "footway",
        "name": null,
        "access": null,
        "surface": null
      },
      "geometry": {
        "type": "LineString",
        "coordinates": [
          [
            139.7675134,
            35.6810817
          ],
          [
            139.7675652,
            35.6810849
          ],
          [
            139.7676047,
            35.6810607
          ]
        ]
      }
    },
    {
      "type": "Feature",
      "properties": {
        "id": 1381564317,
        "highway": "footway",
        "name": null,
        "access": null,
        "surface": null
      },
      "geometry": {
        "type": "LineString",
        "coordinates": [
          [
            139.7672935,
            35.6811303
          ],
          [
            139.7673365,
            35.6811364
          ],
          [
            139.7673653,
            35.681114
          ]
        ]
      }
    },
    {
      "type": "Feature",
      "properties": {
        "id": 1381564318,
        "highway": "footway",
        "name": null,
        "access": null,
        "surface": null
      },
      "geometry": {
        "type": "LineString",
        "coordinates": [
          [
            139.7666175,
            35.6799516
          ],
          [
            139.7668254,
            35.6805166
          ],
          [
            139.7670487,
            35.6811255
          ],
          [
            139.7671445,
            35.6813867
          ],
          [
            139.7672868,
            35.6817611
          ],
          [
            139.7673023,
            35.6818029
          ],
          [
            139.7673536,
            35.6819417
          ],
          [
            139.7674253,
            35.6821899
          ],
          [
            139.7674383,
            35.6822347
          ],
          [
            139.7675003,
            35.6824614
          ],
          [
            139.7675697,
            35.682741
          ]
        ]
      }
    },
    {
      "type": "Feature",
      "properties": {
        "id": 1381564319,
        "highway": "footway",
        "name": null,
        "access": null,
        "surface": null
      },
      "geometry": {
        "type": "LineString",
        "coordinates": [
          [
            139.7675882,
            35.6827381
          ],
          [
            139.767485,
            35.6822366
          ],
          [
            139.767469,
            35.6821813
          ],
          [
            139.7673674,
            35.6818313
          ],
          [
            139.7673532,
            35.681791
          ],
          [
            139.7672059,
            35.6813719
          ],
          [
            139.7671168,
            35.6811323
          ],
          [
            139.767109,
            35.6811105
          ],
          [
            139.7669861,
            35.6807694
          ],
          [
            139.7668895,
            35.6805016
          ],
          [
            139.7667733,
            35.680193
          ],
          [
            139.7666665,
            35.6799382
          ]
        ]
      }
    },
    {
      "type": "Feature",
      "properties": {
        "id": 1381564320,
        "highway": "footway",
        "name": null,
        "access": null,
        "surface": null
      },
      "geometry": {
        "type": "LineString",
        "coordinates": [
          [
            139.7664312,
            35.6799735
          ],
          [
            139.7664925,
            35.6801916
          ],
          [
            139.7665667,
            35.6804132
          ],
          [
            139.7666228,
            35.6805638
          ],
          [
            139.7669268,
            35.6813797
          ],
          [
            139.7669624,
            35.6814809
          ],
          [
            139.7670032,
            35.6815967
          ],
          [
            139.7671044,
            35.6818558
          ],
          [
            139.7671623,
            35.6820041
          ],
          [
            139.7672446,
            35.6822196
          ],
          [
            139.7672691,
            35.6822839
          ],
          [
            139.7674387,
            35.682777
          ]
        ]
      }
    },
    {
      "type": "Feature",
      "properties": {
        "id": 1381564321,
        "highway": "footway",
        "name": null,
        "access": null,
        "surface": null
      },
      "geometry": {
        "type": "LineString",
        "coordinates": [
          [
            139.7674568,
            35.6827735
          ],
          [
            139.7672799,
            35.6822128
          ],
          [
            139.7672012,
            35.6819634
          ],
          [
            139.7671585,
            35.6818427
          ],
          [
            139.7670657,
            35.6815808
          ],
          [
            139.7670231,
            35.6814651
          ],
          [
            139.7669593,
            35.6812919
          ],
          [
            139.7667636,
            35.6807843
          ],
          [
            139.7666778,
            35.6805489
          ],
          [
            139.7666235,
            35.6803998
          ],
          [
            139.7664595,
            35.6799663
          ]
        ]
      }
    },
    {
      "type": "Feature",
      "properties": {
        "id": 1381564322,
        "highway": "footway",
        "name": null,
        "access": null,
        "surface": null
      },
      "geometry": {
        "type": "LineString",
        "coordinates": [
          [
            139.7666228,
            35.6805638
          ],
          [
            139.7666452,
            35.6805447
          ],
          [
            139.7666778,
            35.6805489
          ]
        ]
      }
    },
    {
      "type": "Feature",
      "properties": {
        "id": 1381564323,
        "highway": "footway",
        "name": null,
        "access": null,
        "surface": null
      },
      "geometry": {
        "type": "LineString",
        "coordinates": [
          [
            139.7668254,
            35.6805166
          ],
          [
            139.7668521,
            35.6804971
          ],
          [
            139.7668895,
            35.6805016
          ]
        ]
      }
    },
    {
      "type": "Feature",
      "properties": {
        "id": 1382330761,
        "highway": "footway",
        "name": null,
        "access": null,
        "surface": null
      },
      "geometry": {
        "type": "LineString",
        "coordinates": [
          [
            139.7657367,
            35.6805187
          ],
          [
            139.7656082,
            35.6807564
          ],
          [
            139.7656429,
            35.6807698
          ],
          [
            139.7656334,
            35.6807855
          ],
          [
            139.7656112,
            35.6807775
          ],
          [
            139.765587,
            35.6808152
          ]
        ]
      }
    },
    {
      "type": "Feature",
      "properties": {
        "id": 1382793921,
        "highway": "footway",
        "name": "みどりの窓口",
        "access": null,
        "surface": null
      },
      "geometry": {
        "type": "LineString",
        "coordinates": [
          [
            139.7657367,
            35.6805187
          ],
          [
            139.7657914,
            35.6806677
          ]
        ]
      }
    },
    {
      "type": "Feature",
      "properties": {
        "id": 1382793922,
        "highway": "steps",
        "name": null,
        "access": null,
        "surface": null
      },
      "geometry": {
        "type": "LineString",
        "coordinates": [
          [
            139.7671888,
            35.6820232
          ],
          [
            139.7671285,
            35.681856
          ]
        ]
      }
    },
    {
      "type": "Feature",
      "properties": {
        "id": 1382793923,
        "highway": "footway",
        "name": null,
        "access": null,
        "surface": null
      },
      "geometry": {
        "type": "LineString",
        "coordinates": [
          [
            139.7671044,
            35.6818558
          ],
          [
            139.7671285,
            35.681856
          ],
          [
            139.7671585,
            35.6818427
          ]
        ]
      }
    },
    {
      "type": "Feature",
      "properties": {
        "id": 1382793924,
        "highway": "footway",
        "name": null,
        "access": null,
        "surface": null
      },
      "geometry": {
        "type": "LineString",
        "coordinates": [
          [
            139.7673023,
            35.6818029
          ],
          [
            139.7673302,
            35.6818077
          ],
          [
            139.7673532,
            35.681791
          ]
        ]
      }
    },
    {
      "type": "Feature",
      "properties": {
        "id": 1382793925,
        "highway": "steps",
        "name": null,
        "access": null,
        "surface": null
      },
      "geometry": {
        "type": "LineString",
        "coordinates": [
          [
            139.7673892,
            35.6819718
          ],
          [
            139.7673302,
            35.6818077
          ]
        ]
      }
    },
    {
      "type": "Feature",
      "properties": {
        "id": 1382793926,
        "highway": "footway",
        "name": null,
        "access": null,
        "surface": null
      },
      "geometry": {
        "type": "LineString",
        "coordinates": [
          [
            139.7673566,
            35.6822268
          ],
          [
            139.7672735,
            35.6822475
          ]
        ]
      }
    },
    {
      "type": "Feature",
      "properties": {
        "id": 1382793927,
        "highway": "steps",
        "name": null,
        "access": null,
        "surface": null
      },
      "geometry": {
        "type": "LineString",
        "coordinates": [
          [
            139.7671315,
            35.6815589
          ],
          [
            139.7672489,
            35.6815284
          ]
        ]
      }
    },
    {
      "type": "Feature",
      "properties": {
        "id": 1382793928,
        "highway": "footway",
        "name": null,
        "access": null,
        "surface": null
      },
      "geometry": {
        "type": "LineString",
        "coordinates": [
          [
            139.7670487,
            35.6811255
          ],
          [
            139.7670832,
            35.6811282
          ],
          [
            139.767109,
            35.6811105
          ]
        ]
      }
    },
    {
      "type": "Feature",
      "properties": {
        "id": 1382793929,
        "highway": "steps",
        "name": null,
        "access": null,
        "surface": null
      },
      "geometry": {
        "type": "LineString",
        "coordinates": [
          [
            139.7670832,
            35.6811282
          ],
          [
            139.7671528,
            35.6813181
          ]
        ]
      }
    },
    {
      "type": "Feature",
      "properties": {
        "id": 1382793930,
        "highway": "footway",
        "name": "東京駅;グランスタ地下北口",
        "access": null,
        "surface": null
      },
      "geometry": {
        "type": "LineString",
        "coordinates": [
          [
            139.7673184,
            35.6823783
          ],
          [
            139.7673043,
            35.6823377
          ],
          [
            139.7672735,
            35.6822475
          ]
        ]
      }
    },
    {
      "type": "Feature",
      "properties": {
        "id": 1382793931,
        "highway": "steps",
        "name": null,
        "access": null,
        "surface": null
      },
      "geometry": {
        "type": "LineString",
        "coordinates": [
          [
            139.7671888,
            35.6820232
          ],
          [
            139.7672584,
            35.6822168
          ]
        ]
      }
    },
    {
      "type": "Feature",
      "properties": {
        "id": 1382793932,
        "highway": "footway",
        "name": null,
        "access": null,
        "surface": null
      },
      "geometry": {
        "type": "LineString",
        "coordinates": [
          [
            139.7672446,
            35.6822196
          ],
          [
            139.7672584,
            35.6822168
          ],
          [
            139.7672799,
            35.6822128
          ]
        ]
      }
    },
    {
      "type": "Feature",
      "properties": {
        "id": 1382793933,
        "highway": "footway",
        "name": null,
        "access": null,
        "surface": null
      },
      "geometry": {
        "type": "LineString",
        "coordinates": [
          [
            139.7674253,
            35.6821899
          ],
          [
            139.7674437,
            35.6821755
          ],
          [
            139.767469,
            35.6821813
          ]
        ]
      }
    },
    {
      "type": "Feature",
      "properties": {
        "id": 1382793934,
        "highway": "steps",
        "name": null,
        "access": null,
        "surface": null
      },
      "geometry": {
        "type": "LineString",
        "coordinates": [
          [
            139.7673892,
            35.6819718
          ],
          [
            139.7674437,
            35.6821755
          ]
        ]
      }
    },
    {
      "type": "Feature",
      "properties": {
        "id": 1383919833,
        "highway": "steps",
        "name": null,
        "access": null,
        "surface": null
      },
      "geometry": {
        "type": "LineString",
        "coordinates": [
          [
            139.7674081,
            35.6806659
          ],
          [
            139.7674846,
            35.680876
          ]
        ]
      }
    },
    {
      "type": "Feature",
      "properties": {
        "id": 1383919834,
        "highway": "steps",
        "name": null,
        "access": null,
        "surface": null
      },
      "geometry": {
        "type": "LineString",
        "coordinates": [
          [
            139.7674081,
            35.6806659
          ],
          [
            139.7673317,
            35.680458
          ]
        ]
      }
    },
    {
      "type": "Feature",
      "properties": {
        "id": 1383919835,
        "highway": "footway",
        "name": null,
        "access": null,
        "surface": null
      },
      "geometry": {
        "type": "LineString",
        "coordinates": [
          [
            139.7674081,
            35.6806659
          ],
          [
            139.7674021,
            35.6806824
          ]
        ]
      }
    },
    {
      "type": "Feature",
      "properties": {
        "id": 1383919836,
        "highway": "footway",
        "name": null,
        "access": null,
        "surface": null
      },
      "geometry": {
        "type": "LineString",
        "coordinates": [
          [
            139.7675358,
            35.6808773
          ],
          [
            139.7674846,
            35.680876
          ],
          [
            139.767445,
            35.6809008
          ]
        ]
      }
    },
    {
      "type": "Feature",
      "properties": {
        "id": 1383919837,
        "highway": "footway",
        "name": null,
        "access": null,
        "surface": null
      },
      "geometry": {
        "type": "LineString",
        "coordinates": [
          [
            139.7673684,
            35.680432
          ],
          [
            139.7673317,
            35.680458
          ],
          [
            139.7672793,
            35.6804525
          ]
        ]
      }
    },
    {
      "type": "Feature",
      "properties": {
        "id": 1383919838,
        "highway": "steps",
        "name": null,
        "access": null,
        "surface": null
      },
      "geometry": {
        "type": "LineString",
        "coordinates": [
          [
            139.7672593,
            35.6809303
          ],
          [
            139.7671807,
            35.6807158
          ]
        ]
      }
    },
    {
      "type": "Feature",
      "properties": {
        "id": 1383919839,
        "highway": "steps",
        "name": null,
        "access": null,
        "surface": null
      },
      "geometry": {
        "type": "LineString",
        "coordinates": [
          [
            139.7671807,
            35.6807158
          ],
          [
            139.7671003,
            35.6805092
          ]
        ]
      }
    },
    {
      "type": "Feature",
      "properties": {
        "id": 1383919840,
        "highway": "footway",
        "name": null,
        "access": null,
        "surface": null
      },
      "geometry": {
        "type": "LineString",
        "coordinates": [
          [
            139.7672278,
            35.6809492
          ],
          [
            139.7672593,
            35.6809303
          ],
          [
            139.7672947,
            35.6809329
          ]
        ]
      }
    },
    {
      "type": "Feature",
      "properties": {
        "id": 1383919841,
        "highway": "footway",
        "name": null,
        "access": null,
        "surface": null
      },
      "geometry": {
        "type": "LineString",
        "coordinates": [
          [
            139.7671296,
            35.6804885
          ],
          [
            139.7671003,
            35.6805092
          ],
          [
            139.767061,
            35.6805062
          ]
        ]
      }
    },
    {
      "type": "Feature",
      "properties": {
        "id": 1383919842,
        "highway": "footway",
        "name": null,
        "access": null,
        "surface": null
      },
      "geometry": {
        "type": "LineString",
        "coordinates": [
          [
            139.7671807,
            35.6807158
          ],
          [
            139.7671772,
            35.6807291
          ]
        ]
      }
    },
    {
      "type": "Feature",
      "properties": {
        "id": 1387727925,
        "highway": "footway",
        "name": "東京駅丸の内中央口",
        "access": null,
        "surface": null
      },
      "geometry": {
        "type": "LineString",
        "coordinates": [
          [
            139.7662138,
            35.6815384
          ],
          [
            139.7661965,
            35.6815327
          ],
          [
            139.7661904,
            35.6815162
          ]
        ]
      }
    },
    {
      "type": "Feature",
      "properties": {
        "id": 1387727926,
        "highway": "footway",
        "name": "東京駅;丸の内中央口",
        "access": null,
        "surface": null
      },
      "geometry": {
        "type": "LineString",
        "coordinates": [
          [
            139.7662138,
            35.6815384
          ],
          [
            139.7662904,
            35.6815201
          ]
        ]
      }
    },
    {
      "type": "Feature",
      "properties": {
        "id": 1388814948,
        "highway": "footway",
        "name": "みどりの窓口",
        "access": null,
        "surface": null
      },
      "geometry": {
        "type": "LineString",
        "coordinates": [
          [
            139.7674781,
            35.6819491
          ],
          [
            139.7673635,
            35.6818411
          ]
        ]
      }
    },
    {
      "type": "Feature",
      "properties": {
        "id": 1393210020,
        "highway": "footway",
        "name": "東京ステーションギャラリー",
        "access": null,
        "surface": null
      },
      "geometry": {
        "type": "LineString",
        "coordinates": [
          [
            139.7663966,
            35.6823786
          ],
          [
            139.7663875,
            35.6822284
          ],
          [
            139.7664872,
            35.6823559
          ]
        ]
      }
    },
    {
      "type": "Feature",
      "properties": {
        "id": 1412408966,
        "highway": "steps",
        "name": null,
        "access": null,
        "surface": null
      },
      "geometry": {
        "type": "LineString",
        "coordinates": [
          [
            139.7667542,
            35.6821345
          ],
          [
            139.766682,
            35.6819663
          ],
          [
            139.7668352,
            35.6819285
          ]
        ]
      }
    },
    {
      "type": "Feature",
      "properties": {
        "id": 1412408967,
        "highway": "footway",
        "name": "エレベーター;地下1階",
        "access": null,
        "surface": null
      },
      "geometry": {
        "type": "LineString",
        "coordinates": [
          [
            139.7666559,
            35.6817132
          ],
          [
            139.7666411,
            35.6816832
          ]
        ]
      }
    },
    {
      "type": "Feature",
      "properties": {
        "id": 1412408968,
        "highway": "footway",
        "name": "グランスタ東京;地下1階",
        "access": null,
        "surface": null
      },
      "geometry": {
        "type": "LineString",
        "coordinates": [
          [
            139.7666863,
            35.6815279
          ],
          [
            139.7667335,
            35.6816587
          ],
          [
            139.7668352,
            35.6819285
          ],
          [
            139.7669617,
            35.6822513
          ],
          [
            139.76725,
            35.6821818
          ]
        ]
      }
    },
    {
      "type": "Feature",
      "properties": {
        "id": 1412408969,
        "highway": "footway",
        "name": null,
        "access": null,
        "surface": null
      },
      "geometry": {
        "type": "LineString",
        "coordinates": [
          [
            139.7669865,
            35.6823024
          ],
          [
            139.7669799,
            35.6822863
          ],
          [
            139.7669065,
            35.6820955
          ]
        ]
      }
    },
    {
      "type": "Feature",
      "properties": {
        "id": 1412408970,
        "highway": "steps",
        "name": null,
        "access": null,
        "surface": null
      },
      "geometry": {
        "type": "LineString",
        "coordinates": [
          [
            139.7672631,
            35.6822182
          ],
          [
            139.7672426,
            35.682229
          ],
          [
            139.7669985,
            35.6822876
          ],
          [
            139.7669799,
            35.6822863
          ],
          [
            139.7669948,
            35.6822764
          ],
          [
            139.7672376,
            35.6822179
          ],
          [
            139.7672631,
            35.6822182
          ]
        ]
      }
    },
    {
      "type": "Feature",
      "properties": {
        "id": 1412408971,
        "highway": "footway",
        "name": null,
        "access": null,
        "surface": null
      },
      "geometry": {
        "type": "LineString",
        "coordinates": [
          [
            139.7666481,
            35.6816694
          ],
          [
            139.7666411,
            35.6816832
          ]
        ]
      }
    },
    {
      "type": "Feature",
      "properties": {
        "id": 1412408972,
        "highway": "footway",
        "name": null,
        "access": null,
        "surface": null
      },
      "geometry": {
        "type": "LineString",
        "coordinates": [
          [
            139.7666364,
            35.681672
          ],
          [
            139.7666411,
            35.6816832
          ]
        ]
      }
    },
    {
      "type": "Feature",
      "properties": {
        "id": 1412408973,
        "highway": "footway",
        "name": null,
        "access": null,
        "surface": null
      },
      "geometry": {
        "type": "LineString",
        "coordinates": [
          [
            139.7666241,
            35.6816754
          ],
          [
            139.7666411,
            35.6816832
          ]
        ]
      }
    },
    {
      "type": "Feature",
      "properties": {
        "id": 1412408974,
        "highway": "footway",
        "name": "エレベーター;1階",
        "access": null,
        "surface": null
      },
      "geometry": {
        "type": "LineString",
        "coordinates": [
          [
            139.7668599,
            35.6816847
          ],
          [
            139.7668407,
            35.681635
          ]
        ]
      }
    },
    {
      "type": "Feature",
      "properties": {
        "id": 1412408975,
        "highway": "footway",
        "name": "グランスタ東京;地下1階",
        "access": null,
        "surface": null
      },
      "geometry": {
        "type": "LineString",
        "coordinates": [
          [
            139.7666411,
            35.6816832
          ],
          [
            139.7667335,
            35.6816587
          ],
          [
            139.766834,
            35.6816315
          ],
          [
            139.766848,
            35.6816277
          ],
          [
            139.7670343,
            35.6815796
          ],
          [
            139.7670782,
            35.6815685
          ]
        ]
      }
    },
    {
      "type": "Feature",
      "properties": {
        "id": 1412408976,
        "highway": "steps",
        "name": null,
        "access": null,
        "surface": null
      },
      "geometry": {
        "type": "LineString",
        "coordinates": [
          [
            139.7658042,
            35.6817652
          ],
          [
            139.7658352,
            35.6817698
          ],
          [
            139.7658689,
            35.6817749
          ],
          [
            139.7663101,
            35.6816753
          ],
          [
            139.7663254,
            35.681659
          ],
          [
            139.7663402,
            35.6816434
          ]
        ]
      }
    },
    {
      "type": "Feature",
      "properties": {
        "id": 1412408977,
        "highway": "steps",
        "name": null,
        "access": null,
        "surface": null
      },
      "geometry": {
        "type": "LineString",
        "coordinates": [
          [
            139.7658352,
            35.6817698
          ],
          [
            139.7663254,
            35.681659
          ]
        ]
      }
    },
    {
      "type": "Feature",
      "properties": {
        "id": 1412408978,
        "highway": "steps",
        "name": null,
        "access": null,
        "surface": null
      },
      "geometry": {
        "type": "LineString",
        "coordinates": [
          [
            139.7663402,
            35.6816434
          ],
          [
            139.766316,
            35.6816343
          ],
          [
            139.7662955,
            35.6816271
          ],
          [
            139.7658477,
            35.6817296
          ],
          [
            139.7658272,
            35.6817473
          ],
          [
            139.7658042,
            35.6817652
          ]
        ]
      }
    },
    {
      "type": "Feature",
      "properties": {
        "id": 1412408979,
        "highway": "steps",
        "name": null,
        "access": null,
        "surface": null
      },
      "geometry": {
        "type": "LineString",
        "coordinates": [
          [
            139.766316,
            35.6816343
          ],
          [
            139.7658272,
            35.6817473
          ]
        ]
      }
    },
    {
      "type": "Feature",
      "properties": {
        "id": 1412408980,
        "highway": "footway",
        "name": null,
        "access": null,
        "surface": null
      },
      "geometry": {
        "type": "LineString",
        "coordinates": [
          [
            139.7654226,
            35.681563
          ],
          [
            139.7654324,
            35.6815573
          ]
        ]
      }
    },
    {
      "type": "Feature",
      "properties": {
        "id": 1412408981,
        "highway": "service",
        "name": null,
        "access": null,
        "surface": null
      },
      "geometry": {
        "type": "LineString",
        "coordinates": [
          [
            139.764865,
            35.6807425
          ],
          [
            139.7649252,
            35.6809367
          ],
          [
            139.7648387,
            35.6810965
          ],
          [
            139.764877,
            35.6812079
          ]
        ]
      }
    },
    {
      "type": "Feature",
      "properties": {
        "id": 1412408982,
        "highway": "footway",
        "name": "東京駅",
        "access": null,
        "surface": null
      },
      "geometry": {
        "type": "LineString",
        "coordinates": [
          [
            139.7655513,
            35.6818603
          ],
          [
            139.7655565,
            35.6818574
          ]
        ]
      }
    },
    {
      "type": "Feature",
      "properties": {
        "id": 1412408983,
        "highway": "footway",
        "name": null,
        "access": null,
        "surface": null
      },
      "geometry": {
        "type": "LineString",
        "coordinates": [
          [
            139.7653828,
            35.681585
          ],
          [
            139.76532,
            35.6815151
          ],
          [
            139.7650132,
            35.6811737
          ]
        ]
      }
    },
    {
      "type": "Feature",
      "properties": {
        "id": 1412408984,
        "highway": "steps",
        "name": null,
        "access": null,
        "surface": null
      },
      "geometry": {
        "type": "LineString",
        "coordinates": [
          [
            139.7650544,
            35.6811563
          ],
          [
            139.7649432,
            35.6810298
          ]
        ]
      }
    },
    {
      "type": "Feature",
      "properties": {
        "id": 1412408985,
        "highway": "footway",
        "name": null,
        "access": null,
        "surface": null
      },
      "geometry": {
        "type": "LineString",
        "coordinates": [
          [
            139.7649674,
            35.6811933
          ],
          [
            139.7650132,
            35.6811737
          ],
          [
            139.7650544,
            35.6811563
          ]
        ]
      }
    },
    {
      "type": "Feature",
      "properties": {
        "id": 1412408986,
        "highway": "steps",
        "name": null,
        "access": null,
        "surface": null
      },
      "geometry": {
        "type": "LineString",
        "coordinates": [
          [
            139.7649674,
            35.6811933
          ],
          [
            139.7648651,
            35.6810842
          ]
        ]
      }
    },
    {
      "type": "Feature",
      "properties": {
        "id": 1412408987,
        "highway": "footway",
        "name": null,
        "access": null,
        "surface": null
      },
      "geometry": {
        "type": "LineString",
        "coordinates": [
          [
            139.7649472,
            35.6810166
          ],
          [
            139.7649432,
            35.6810298
          ],
          [
            139.7649246,
            35.6810296
          ]
        ]
      }
    },
    {
      "type": "Feature",
      "properties": {
        "id": 1412408988,
        "highway": "footway",
        "name": null,
        "access": null,
        "surface": null
      },
      "geometry": {
        "type": "LineString",
        "coordinates": [
          [
            139.7648689,
            35.681066
          ],
          [
            139.7648651,
            35.6810842
          ],
          [
            139.7648388,
            35.6810831
          ]
        ]
      }
    },
    {
      "type": "Feature",
      "properties": {
        "id": 1412408989,
        "highway": "steps",
        "name": null,
        "access": null,
        "surface": null
      },
      "geometry": {
        "type": "LineString",
        "coordinates": [
          [
            139.765514,
            35.6817137
          ],
          [
            139.7653391,
            35.6815152
          ],
          [
            139.76532,
            35.6815151
          ]
        ]
      }
    },
    {
      "type": "Feature",
      "properties": {
        "id": 1412487465,
        "highway": "footway",
        "name": null,
        "access": null,
        "surface": null
      },
      "geometry": {
        "type": "LineString",
        "coordinates": [
          [
            139.7658995,
            35.6804798
          ],
          [
            139.7659139,
            35.6804887
          ],
          [
            139.7659446,
            35.6804808
          ],
          [
            139.7659479,
            35.6804679
          ]
        ]
      }
    },
    {
      "type": "Feature",
      "properties": {
        "id": 1412487466,
        "highway": "footway",
        "name": "東京駅丸の内南口",
        "access": null,
        "surface": null
      },
      "geometry": {
        "type": "LineString",
        "coordinates": [
          [
            139.7659479,
            35.6804679
          ],
          [
            139.766001,
            35.6804556
          ]
        ]
      }
    },
    {
      "type": "Feature",
      "properties": {
        "id": 1412487467,
        "highway": "footway",
        "name": null,
        "access": null,
        "surface": null
      },
      "geometry": {
        "type": "LineString",
        "coordinates": [
          [
            139.7658995,
            35.6804798
          ],
          [
            139.7659178,
            35.680498
          ],
          [
            139.7659465,
            35.6804908
          ],
          [
            139.7659479,
            35.6804679
          ]
        ]
      }
    },
    {
      "type": "Feature",
      "properties": {
        "id": 1412487468,
        "highway": "footway",
        "name": null,
        "access": null,
        "surface": null
      },
      "geometry": {
        "type": "LineString",
        "coordinates": [
          [
            139.7659479,
            35.6804679
          ],
          [
            139.7659348,
            35.6804527
          ],
          [
            139.7659029,
            35.6804601
          ],
          [
            139.7658995,
            35.6804798
          ]
        ]
      }
    },
    {
      "type": "Feature",
      "properties": {
        "id": 1412487469,
        "highway": "footway",
        "name": null,
        "access": null,
        "surface": null
      },
      "geometry": {
        "type": "LineString",
        "coordinates": [
          [
            139.7659479,
            35.6804679
          ],
          [
            139.7659314,
            35.6804415
          ],
          [
            139.7658982,
            35.6804498
          ],
          [
            139.7658995,
            35.6804798
          ]
        ]
      }
    },
    {
      "type": "Feature",
      "properties": {
        "id": 1412487470,
        "highway": "footway",
        "name": null,
        "access": null,
        "surface": null
      },
      "geometry": {
        "type": "LineString",
        "coordinates": [
          [
            139.7658995,
            35.6804798
          ],
          [
            139.7659218,
            35.6805083
          ],
          [
            139.7659509,
            35.6805015
          ],
          [
            139.7659479,
            35.6804679
          ]
        ]
      }
    },
    {
      "type": "Feature",
      "properties": {
        "id": 1413247588,
        "highway": "footway",
        "name": "有人改札",
        "access": null,
        "surface": null
      },
      "geometry": {
        "type": "LineString",
        "coordinates": [
          [
            139.7658995,
            35.6804798
          ],
          [
            139.7659266,
            35.6805208
          ],
          [
            139.765955,
            35.6805141
          ],
          [
            139.7659479,
            35.6804679
          ]
        ]
      }
    },
    {
      "type": "Feature",
      "properties": {
        "id": 1413247589,
        "highway": "footway",
        "name": null,
        "access": null,
        "surface": null
      },
      "geometry": {
        "type": "LineString",
        "coordinates": [
          [
            139.766001,
            35.6804556
          ],
          [
            139.766051,
            35.680445
          ]
        ]
      }
    },
    {
      "type": "Feature",
      "properties": {
        "id": 1413247590,
        "highway": "footway",
        "name": "日本生命丸の内ビル;ファミリーマート丸の内オアゾ店",
        "access": null,
        "surface": null
      },
      "geometry": {
        "type": "LineString",
        "coordinates": [
          [
            139.7658793,
            35.6828931
          ],
          [
            139.7658881,
            35.6829176
          ]
        ]
      }
    },
    {
      "type": "Feature",
      "properties": {
        "id": 1413467843,
        "highway": "steps",
        "name": null,
        "access": null,
        "surface": null
      },
      "geometry": {
        "type": "LineString",
        "coordinates": [
          [
            139.7670298,
            35.6815853
          ],
          [
            139.7669891,
            35.681474
          ]
        ]
      }
    },
    {
      "type": "Feature",
      "properties": {
        "id": 1413467844,
        "highway": "footway",
        "name": null,
        "access": null,
        "surface": null
      },
      "geometry": {
        "type": "LineString",
        "coordinates": [
          [
            139.7670231,
            35.6814651
          ],
          [
            139.7669891,
            35.681474
          ],
          [
            139.7669624,
            35.6814809
          ]
        ]
      }
    },
    {
      "type": "Feature",
      "properties": {
        "id": 1413479398,
        "highway": "footway",
        "name": null,
        "access": null,
        "surface": "paving_stones"
      },
      "geometry": {
        "type": "LineString",
        "coordinates": [
          [
            139.7658042,
            35.6817652
          ],
          [
            139.7657915,
            35.6817312
          ],
          [
            139.765598,
            35.6817105
          ]
        ]
      }
    },
    {
      "type": "Feature",
      "properties": {
        "id": 1415696713,
        "highway": "footway",
        "name": null,
        "access": null,
        "surface": null
      },
      "geometry": {
        "type": "LineString",
        "coordinates": [
          [
            139.7678343,
            35.6788505
          ],
          [
            139.7676262,
            35.678939
          ]
        ]
      }
    },
    {
      "type": "Feature",
      "properties": {
        "id": 1415696714,
        "highway": "steps",
        "name": null,
        "access": null,
        "surface": null
      },
      "geometry": {
        "type": "LineString",
        "coordinates": [
          [
            139.7676262,
            35.678939
          ],
          [
            139.7674704,
            35.6789988
          ],
          [
            139.7674879,
            35.6790426
          ],
          [
            139.7676767,
            35.6789882
          ]
        ]
      }
    },
    {
      "type": "Feature",
      "properties": {
        "id": 1415696715,
        "highway": "footway",
        "name": null,
        "access": null,
        "surface": null
      },
      "geometry": {
        "type": "LineString",
        "coordinates": [
          [
            139.7676409,
            35.6789056
          ],
          [
            139.7676767,
            35.6789882
          ],
          [
            139.7679595,
            35.6796564
          ],
          [
            139.7682682,
            35.6803857
          ],
          [
            139.76842,
            35.6807442
          ]
        ]
      }
    },
    {
      "type": "Feature",
      "properties": {
        "id": 1415696724,
        "highway": "footway",
        "name": null,
        "access": null,
        "surface": null
      },
      "geometry": {
        "type": "LineString",
        "coordinates": [
          [
            139.7677137,
            35.67996
          ],
          [
            139.7676889,
            35.679928
          ]
        ]
      }
    },
    {
      "type": "Feature",
      "properties": {
        "id": 1415817686,
        "highway": "footway",
        "name": "東京ビルディング",
        "access": null,
        "surface": null
      },
      "geometry": {
        "type": "LineString",
        "coordinates": [
          [
            139.7651106,
            35.6788375
          ],
          [
            139.7650399,
            35.6788514
          ]
        ]
      }
    },
    {
      "type": "Feature",
      "properties": {
        "id": 1415817687,
        "highway": "steps",
        "name": null,
        "access": null,
        "surface": null
      },
      "geometry": {
        "type": "LineString",
        "coordinates": [
          [
            139.7650399,
            35.6788514
          ],
          [
            139.7650451,
            35.6788361
          ],
          [
            139.7650081,
            35.6787268
          ]
        ]
      }
    },
    {
      "type": "Feature",
      "properties": {
        "id": 1415817688,
        "highway": "steps",
        "name": null,
        "access": null,
        "surface": null
      },
      "geometry": {
        "type": "LineString",
        "coordinates": [
          [
            139.7650399,
            35.6788514
          ],
          [
            139.7650242,
            35.6788408
          ],
          [
            139.7649888,
            35.6787325
          ]
        ]
      }
    },
    {
      "type": "Feature",
      "properties": {
        "id": 1415817689,
        "highway": "footway",
        "name": "東京ビルディング",
        "access": null,
        "surface": null
      },
      "geometry": {
        "type": "LineString",
        "coordinates": [
          [
            139.7648637,
            35.6781045
          ],
          [
            139.7647922,
            35.6781195
          ]
        ]
      }
    },
    {
      "type": "Feature",
      "properties": {
        "id": 1415817690,
        "highway": "steps",
        "name": null,
        "access": null,
        "surface": null
      },
      "geometry": {
        "type": "LineString",
        "coordinates": [
          [
            139.7647922,
            35.6781195
          ],
          [
            139.7647863,
            35.6781428
          ],
          [
            139.7648306,
            35.6782667
          ]
        ]
      }
    },
    {
      "type": "Feature",
      "properties": {
        "id": 1415817691,
        "highway": "steps",
        "name": null,
        "access": null,
        "surface": null
      },
      "geometry": {
        "type": "LineString",
        "coordinates": [
          [
            139.7648515,
            35.6782622
          ],
          [
            139.7648078,
            35.6781392
          ],
          [
            139.7647922,
            35.6781195
          ]
        ]
      }
    },
    {
      "type": "Feature",
      "properties": {
        "id": 1415817692,
        "highway": "steps",
        "name": "東京ビルディング",
        "access": null,
        "surface": null
      },
      "geometry": {
        "type": "LineString",
        "coordinates": [
          [
            139.7644918,
            35.6778633
          ],
          [
            139.7644863,
            35.6778912
          ],
          [
            139.7645373,
            35.6780471
          ],
          [
            139.7645593,
            35.6780639
          ]
        ]
      }
    },
    {
      "type": "Feature",
      "properties": {
        "id": 1415817693,
        "highway": "steps",
        "name": "東京ビルディング",
        "access": null,
        "surface": null
      },
      "geometry": {
        "type": "LineString",
        "coordinates": [
          [
            139.7645593,
            35.6780639
          ],
          [
            139.7645697,
            35.6780378
          ],
          [
            139.7645137,
            35.6778823
          ],
          [
            139.7644918,
            35.6778633
          ]
        ]
      }
    },
    {
      "type": "Feature",
      "properties": {
        "id": 1418964483,
        "highway": "footway",
        "name": null,
        "access": null,
        "surface": null
      },
      "geometry": {
        "type": "LineString",
        "coordinates": [
          [
            139.7665129,
            35.6821951
          ],
          [
            139.7665382,
            35.6822025
          ],
          [
            139.7665991,
            35.6821869
          ],
          [
            139.7666085,
            35.6821716
          ]
        ]
      }
    },
    {
      "type": "Feature",
      "properties": {
        "id": 1418964484,
        "highway": "footway",
        "name": null,
        "access": null,
        "surface": null
      },
      "geometry": {
        "type": "LineString",
        "coordinates": [
          [
            139.7665129,
            35.6821951
          ],
          [
            139.7665435,
            35.6822155
          ],
          [
            139.7666036,
            35.6821997
          ],
          [
            139.7666085,
            35.6821716
          ]
        ]
      }
    },
    {
      "type": "Feature",
      "properties": {
        "id": 1418964485,
        "highway": "footway",
        "name": null,
        "access": null,
        "surface": null
      },
      "geometry": {
        "type": "LineString",
        "coordinates": [
          [
            139.7665129,
            35.6821951
          ],
          [
            139.766549,
            35.6822284
          ],
          [
            139.7666107,
            35.6822126
          ],
          [
            139.7666085,
            35.6821716
          ]
        ]
      }
    },
    {
      "type": "Feature",
      "properties": {
        "id": 1418964486,
        "highway": "footway",
        "name": null,
        "access": null,
        "surface": null
      },
      "geometry": {
        "type": "LineString",
        "coordinates": [
          [
            139.7666085,
            35.6821716
          ],
          [
            139.7665881,
            35.6821613
          ],
          [
            139.7665269,
            35.6821773
          ],
          [
            139.7665129,
            35.6821951
          ]
        ]
      }
    },
    {
      "type": "Feature",
      "properties": {
        "id": 1418964487,
        "highway": "footway",
        "name": null,
        "access": null,
        "surface": null
      },
      "geometry": {
        "type": "LineString",
        "coordinates": [
          [
            139.7666085,
            35.6821716
          ],
          [
            139.7665808,
            35.6821478
          ],
          [
            139.7665218,
            35.6821638
          ],
          [
            139.7665129,
            35.6821951
          ]
        ]
      }
    },
    {
      "type": "Feature",
      "properties": {
        "id": 1418964488,
        "highway": "footway",
        "name": null,
        "access": null,
        "surface": null
      },
      "geometry": {
        "type": "LineString",
        "coordinates": [
          [
            139.7665129,
            35.6821951
          ],
          [
            139.766516,
            35.6821495
          ],
          [
            139.7665733,
            35.6821341
          ],
          [
            139.7666085,
            35.6821716
          ]
        ]
      }
    },
    {
      "type": "Feature",
      "properties": {
        "id": 1418964489,
        "highway": "footway",
        "name": null,
        "access": null,
        "surface": null
      },
      "geometry": {
        "type": "LineString",
        "coordinates": [
          [
            139.7665129,
            35.6821951
          ],
          [
            139.7665111,
            35.6821379
          ],
          [
            139.766568,
            35.6821221
          ],
          [
            139.7666085,
            35.6821716
          ]
        ]
      }
    },
    {
      "type": "Feature",
      "properties": {
        "id": 1418964490,
        "highway": "footway",
        "name": "有人改札",
        "access": "permit",
        "surface": null
      },
      "geometry": {
        "type": "LineString",
        "coordinates": [
          [
            139.7665129,
            35.6821951
          ],
          [
            139.7665064,
            35.6821262
          ],
          [
            139.7665633,
            35.6821103
          ],
          [
            139.7666085,
            35.6821716
          ]
        ]
      }
    },
    {
      "type": "Feature",
      "properties": {
        "id": 1418964491,
        "highway": "footway",
        "name": null,
        "access": null,
        "surface": null
      },
      "geometry": {
        "type": "LineString",
        "coordinates": [
          [
            139.7664872,
            35.6823559
          ],
          [
            139.7665323,
            35.6824601
          ],
          [
            139.7664353,
            35.6824838
          ],
          [
            139.7663966,
            35.6823786
          ]
        ]
      }
    },
    {
      "type": "Feature",
      "properties": {
        "id": 1419637060,
        "highway": "footway",
        "name": null,
        "access": null,
        "surface": "asphalt"
      },
      "geometry": {
        "type": "LineString",
        "coordinates": [
          [
            139.7636369,
            35.6821596
          ],
          [
            139.763623,
            35.6821149
          ],
          [
            139.7636017,
            35.6820563
          ]
        ]
      }
    },
    {
      "type": "Feature",
      "properties": {
        "id": 1419637061,
        "highway": "footway",
        "name": null,
        "access": null,
        "surface": "paving_stones"
      },
      "geometry": {
        "type": "LineString",
        "coordinates": [
          [
            139.7636017,
            35.6820563
          ],
          [
            139.7635602,
            35.6819244
          ],
          [
            139.7635106,
            35.6817738
          ]
        ]
      }
    },
    {
      "type": "Feature",
      "properties": {
        "id": 1419637062,
        "highway": "footway",
        "name": null,
        "access": null,
        "surface": "asphalt"
      },
      "geometry": {
        "type": "LineString",
        "coordinates": [
          [
            139.7635106,
            35.6817738
          ],
          [
            139.763497,
            35.6817324
          ],
          [
            139.7634824,
            35.6816827
          ]
        ]
      }
    },
    {
      "type": "Feature",
      "properties": {
        "id": 1419637063,
        "highway": "footway",
        "name": null,
        "access": null,
        "surface": "paving_stones"
      },
      "geometry": {
        "type": "LineString",
        "coordinates": [
          [
            139.7634824,
            35.6816827
          ],
          [
            139.763475,
            35.6816576
          ],
          [
            139.763473,
            35.6816151
          ]
        ]
      }
    },
    {
      "type": "Feature",
      "properties": {
        "id": 1419637074,
        "highway": "footway",
        "name": null,
        "access": null,
        "surface": "paving_stones"
      },
      "geometry": {
        "type": "LineString",
        "coordinates": [
          [
            139.7632764,
            35.6816596
          ],
          [
            139.7632977,
            35.6817161
          ]
        ]
      }
    },
    {
      "type": "Feature",
      "properties": {
        "id": 1419637075,
        "highway": "footway",
        "name": null,
        "access": null,
        "surface": "paving_stones"
      },
      "geometry": {
        "type": "LineString",
        "coordinates": [
          [
            139.7633371,
            35.6818279
          ],
          [
            139.7633816,
            35.6819632
          ],
          [
            139.7634226,
            35.6820932
          ]
        ]
      }
    },
    {
      "type": "Feature",
      "properties": {
        "id": 1419637076,
        "highway": "footway",
        "name": null,
        "access": null,
        "surface": "asphalt"
      },
      "geometry": {
        "type": "LineString",
        "coordinates": [
          [
            139.7634226,
            35.6820932
          ],
          [
            139.763442,
            35.6821539
          ],
          [
            139.7634604,
            35.6822126
          ]
        ]
      }
    },
    {
      "type": "Feature",
      "properties": {
        "id": 1419637077,
        "highway": "footway",
        "name": null,
        "access": null,
        "surface": "paving_stones"
      },
      "geometry": {
        "type": "LineString",
        "coordinates": [
          [
            139.7634604,
            35.6822126
          ],
          [
            139.7634745,
            35.6822576
          ]
        ]
      }
    },
    {
      "type": "Feature",
      "properties": {
        "id": 1419637183,
        "highway": "footway",
        "name": null,
        "access": null,
        "surface": "asphalt"
      },
      "geometry": {
        "type": "LineString",
        "coordinates": [
          [
            139.7619443,
            35.6807947
          ],
          [
            139.7622911,
            35.6807167
          ],
          [
            139.7625023,
            35.6806692
          ],
          [
            139.7628521,
            35.6805834
          ]
        ]
      }
    },
    {
      "type": "Feature",
      "properties": {
        "id": 1419637485,
        "highway": "footway",
        "name": null,
        "access": null,
        "surface": "concrete:plates"
      },
      "geometry": {
        "type": "LineString",
        "coordinates": [
          [
            139.7615804,
            35.6797259
          ],
          [
            139.7624325,
            35.6795368
          ]
        ]
      }
    },
    {
      "type": "Feature",
      "properties": {
        "id": 1419638196,
        "highway": "residential",
        "name": "丸の内仲通り",
        "access": null,
        "surface": "paving_stones"
      },
      "geometry": {
        "type": "LineString",
        "coordinates": [
          [
            139.7615479,
            35.6760893
          ],
          [
            139.7615802,
            35.6761871
          ],
          [
            139.7618404,
            35.676975
          ],
          [
            139.7618722,
            35.6770704
          ],
          [
            139.7618915,
            35.67713
          ],
          [
            139.7618933,
            35.6771353
          ]
        ]
      }
    },
    {
      "type": "Feature",
      "properties": {
        "id": 1420875286,
        "highway": "footway",
        "name": "C階段",
        "access": null,
        "surface": null
      },
      "geometry": {
        "type": "LineString",
        "coordinates": [
          [
            139.7677733,
            35.6806773
          ],
          [
            139.767967,
            35.6806317
          ]
        ]
      }
    },
    {
      "type": "Feature",
      "properties": {
        "id": 1420917185,
        "highway": "footway",
        "name": "東京駅;八重洲中央口",
        "access": null,
        "surface": null
      },
      "geometry": {
        "type": "LineString",
        "coordinates": [
          [
            139.7676973,
            35.6809431
          ],
          [
            139.7677297,
            35.6809351
          ],
          [
            139.7677559,
            35.6809287
          ]
        ]
      }
    },
    {
      "type": "Feature",
      "properties": {
        "id": 1421531679,
        "highway": "footway",
        "name": null,
        "access": null,
        "surface": "paving_stones"
      },
      "geometry": {
        "type": "LineString",
        "coordinates": [
          [
            139.7621537,
            35.6809279
          ],
          [
            139.7621432,
            35.6808929
          ]
        ]
      }
    },
    {
      "type": "Feature",
      "properties": {
        "id": 1421531680,
        "highway": "footway",
        "name": null,
        "access": null,
        "surface": "paving_stones"
      },
      "geometry": {
        "type": "LineString",
        "coordinates": [
          [
            139.7620695,
            35.6810928
          ],
          [
            139.7620954,
            35.6810875
          ]
        ]
      }
    },
    {
      "type": "Feature",
      "properties": {
        "id": 1421531681,
        "highway": "steps",
        "name": null,
        "access": null,
        "surface": "paving_stones"
      },
      "geometry": {
        "type": "LineString",
        "coordinates": [
          [
            139.7620954,
            35.6810875
          ],
          [
            139.7621307,
            35.6810802
          ]
        ]
      }
    },
    {
      "type": "Feature",
      "properties": {
        "id": 1421531682,
        "highway": "footway",
        "name": null,
        "access": null,
        "surface": "paving_stones"
      },
      "geometry": {
        "type": "LineString",
        "coordinates": [
          [
            139.7619097,
            35.680814
          ],
          [
            139.7619868,
            35.6807969
          ]
        ]
      }
    },
    {
      "type": "Feature",
      "properties": {
        "id": 1421531683,
        "highway": "steps",
        "name": null,
        "access": null,
        "surface": "paving_stones"
      },
      "geometry": {
        "type": "LineString",
        "coordinates": [
          [
            139.7620399,
            35.6807852
          ],
          [
            139.76209,
            35.6807742
          ]
        ]
      }
    },
    {
      "type": "Feature",
      "properties": {
        "id": 1421531684,
        "highway": "steps",
        "name": null,
        "access": null,
        "surface": "paving_stones"
      },
      "geometry": {
        "type": "LineString",
        "coordinates": [
          [
            139.76209,
            35.6807742
          ],
          [
            139.7621332,
            35.6807646
          ]
        ]
      }
    },
    {
      "type": "Feature",
      "properties": {
        "id": 1421531685,
        "highway": "steps",
        "name": null,
        "access": null,
        "surface": "paving_stones"
      },
      "geometry": {
        "type": "LineString",
        "coordinates": [
          [
            139.7619868,
            35.6807969
          ],
          [
            139.7620399,
            35.6807852
          ]
        ]
      }
    },
    {
      "type": "Feature",
      "properties": {
        "id": 1423601697,
        "highway": "footway",
        "name": "業務用通路",
        "access": null,
        "surface": null
      },
      "geometry": {
        "type": "LineString",
        "coordinates": [
          [
            139.766001,
            35.6804556
          ],
          [
            139.7659931,
            35.6804196
          ]
        ]
      }
    },
    {
      "type": "Feature",
      "properties": {
        "id": 1429658452,
        "highway": "footway",
        "name": "丹波屋",
        "access": null,
        "surface": null
      },
      "geometry": {
        "type": "LineString",
        "coordinates": [
          [
            139.7657367,
            35.6805187
          ],
          [
            139.765736,
            35.6803411
          ]
        ]
      }
    },
    {
      "type": "Feature",
      "properties": {
        "id": 1429658453,
        "highway": "footway",
        "name": "東京ステーションホテル;レストラン",
        "access": null,
        "surface": null
      },
      "geometry": {
        "type": "LineString",
        "coordinates": [
          [
            139.7657367,
            35.6805187
          ],
          [
            139.7656341,
            35.6803723
          ],
          [
            139.765661,
            35.6803664
          ],
          [
            139.7656486,
            35.6803346
          ]
        ]
      }
    },
    {
      "type": "Feature",
      "properties": {
        "id": 1429658454,
        "highway": "footway",
        "name": "東京駅前交番",
        "access": null,
        "surface": null
      },
      "geometry": {
        "type": "LineString",
        "coordinates": [
          [
            139.7654756,
            35.6806381
          ],
          [
            139.7654313,
            35.6806491
          ]
        ]
      }
    },
    {
      "type": "Feature",
      "properties": {
        "id": 1429658455,
        "highway": "steps",
        "name": "東京駅前交番",
        "access": null,
        "surface": null
      },
      "geometry": {
        "type": "LineString",
        "coordinates": [
          [
            139.7654972,
            35.6806327
          ],
          [
            139.7654756,
            35.6806381
          ]
        ]
      }
    },
    {
      "type": "Feature",
      "properties": {
        "id": 1443231389,
        "highway": "footway",
        "name": null,
        "access": null,
        "surface": "paving_stones"
      },
      "geometry": {
        "type": "LineString",
        "coordinates": [
          [
            139.7642269,
            35.6796693
          ],
          [
            139.7640511,
            35.6797077
          ],
          [
            139.7639775,
            35.6797235
          ]
        ]
      }
    },
    {
      "type": "Feature",
      "properties": {
        "id": 1443231390,
        "highway": "footway",
        "name": null,
        "access": null,
        "surface": "paving_stones"
      },
      "geometry": {
        "type": "LineString",
        "coordinates": [
          [
            139.7639682,
            35.6796951
          ],
          [
            139.763892,
            35.6797119
          ]
        ]
      }
    },
    {
      "type": "Feature",
      "properties": {
        "id": 1443231391,
        "highway": "steps",
        "name": null,
        "access": null,
        "surface": "paving_stones"
      },
      "geometry": {
        "type": "LineString",
        "coordinates": [
          [
            139.7641365,
            35.6802229
          ],
          [
            139.764123,
            35.6801791
          ]
        ]
      }
    },
    {
      "type": "Feature",
      "properties": {
        "id": 1443231392,
        "highway": "steps",
        "name": null,
        "access": null,
        "surface": "concrete"
      },
      "geometry": {
        "type": "LineString",
        "coordinates": [
          [
            139.7639951,
            35.6777509
          ],
          [
            139.7639266,
            35.6777651
          ]
        ]
      }
    },
    {
      "type": "Feature",
      "properties": {
        "id": 1443231393,
        "highway": "steps",
        "name": null,
        "access": null,
        "surface": "concrete"
      },
      "geometry": {
        "type": "LineString",
        "coordinates": [
          [
            139.7639266,
            35.6777651
          ],
          [
            139.7638572,
            35.6777794
          ]
        ]
      }
    },
    {
      "type": "Feature",
      "properties": {
        "id": 1443231394,
        "highway": "footway",
        "name": null,
        "access": null,
        "surface": "paving_stones"
      },
      "geometry": {
        "type": "LineString",
        "coordinates": [
          [
            139.7637879,
            35.6777938
          ],
          [
            139.763753,
            35.6777723
          ]
        ]
      }
    },
    {
      "type": "Feature",
      "properties": {
        "id": 1443231395,
        "highway": "steps",
        "name": null,
        "access": null,
        "surface": null
      },
      "geometry": {
        "type": "LineString",
        "coordinates": [
          [
            139.764113,
            35.6777075
          ],
          [
            139.7639209,
            35.6777479
          ]
        ]
      }
    },
    {
      "type": "Feature",
      "properties": {
        "id": 1443231396,
        "highway": "footway",
        "name": null,
        "access": null,
        "surface": "paving_stones"
      },
      "geometry": {
        "type": "LineString",
        "coordinates": [
          [
            139.7639209,
            35.6777479
          ],
          [
            139.7639266,
            35.6777651
          ]
        ]
      }
    },
    {
      "type": "Feature",
      "properties": {
        "id": 1443231397,
        "highway": "steps",
        "name": null,
        "access": null,
        "surface": "concrete"
      },
      "geometry": {
        "type": "LineString",
        "coordinates": [
          [
            139.7641184,
            35.6777254
          ],
          [
            139.7640555,
            35.6777384
          ]
        ]
      }
    },
    {
      "type": "Feature",
      "properties": {
        "id": 1443231398,
        "highway": "steps",
        "name": null,
        "access": null,
        "surface": "concrete"
      },
      "geometry": {
        "type": "LineString",
        "coordinates": [
          [
            139.7640555,
            35.6777384
          ],
          [
            139.7639951,
            35.6777509
          ]
        ]
      }
    },
    {
      "type": "Feature",
      "properties": {
        "id": 1443231399,
        "highway": "steps",
        "name": null,
        "access": null,
        "surface": "concrete"
      },
      "geometry": {
        "type": "LineString",
        "coordinates": [
          [
            139.7638572,
            35.6777794
          ],
          [
            139.7637879,
            35.6777938
          ]
        ]
      }
    },
    {
      "type": "Feature",
      "properties": {
        "id": 1444510293,
        "highway": "footway",
        "name": null,
        "access": null,
        "surface": "paving_stones"
      },
      "geometry": {
        "type": "LineString",
        "coordinates": [
          [
            139.7607704,
            35.6788826
          ],
          [
            139.7609,
            35.6788529
          ]
        ]
      }
    },
    {
      "type": "Feature",
      "properties": {
        "id": 1444510294,
        "highway": "steps",
        "name": null,
        "access": null,
        "surface": "paving_stones"
      },
      "geometry": {
        "type": "LineString",
        "coordinates": [
          [
            139.760946,
            35.6788741
          ],
          [
            139.7609,
            35.6788529
          ]
        ]
      }
    },
    {
      "type": "Feature",
      "properties": {
        "id": 1444510295,
        "highway": "steps",
        "name": null,
        "access": null,
        "surface": "paving_stones"
      },
      "geometry": {
        "type": "LineString",
        "coordinates": [
          [
            139.7609869,
            35.678893
          ],
          [
            139.760946,
            35.6788741
          ]
        ]
      }
    },
    {
      "type": "Feature",
      "properties": {
        "id": 1444510296,
        "highway": "steps",
        "name": null,
        "access": null,
        "surface": "paving_stones"
      },
      "geometry": {
        "type": "LineString",
        "coordinates": [
          [
            139.7607704,
            35.6788826
          ],
          [
            139.7607345,
            35.6788908
          ]
        ]
      }
    },
    {
      "type": "Feature",
      "properties": {
        "id": 1444510297,
        "highway": "steps",
        "name": "日比谷",
        "access": null,
        "surface": "paving_stones"
      },
      "geometry": {
        "type": "LineString",
        "coordinates": [
          [
            139.7605499,
            35.6782915
          ],
          [
            139.7604719,
            35.6783093
          ]
        ]
      }
    },
    {
      "type": "Feature",
      "properties": {
        "id": 1444510298,
        "highway": "footway",
        "name": "日比谷",
        "access": null,
        "surface": "paving_stones"
      },
      "geometry": {
        "type": "LineString",
        "coordinates": [
          [
            139.7606188,
            35.6782585
          ],
          [
            139.7606048,
            35.678279
          ],
          [
            139.7605785,
            35.6782849
          ]
        ]
      }
    },
    {
      "type": "Feature",
      "properties": {
        "id": 1444510299,
        "highway": "steps",
        "name": "日比谷",
        "access": null,
        "surface": "paving_stones"
      },
      "geometry": {
        "type": "LineString",
        "coordinates": [
          [
            139.7605785,
            35.6782849
          ],
          [
            139.7605499,
            35.6782915
          ]
        ]
      }
    },
    {
      "type": "Feature",
      "properties": {
        "id": 1444510300,
        "highway": "steps",
        "name": "日比谷",
        "access": null,
        "surface": "paving_stones"
      },
      "geometry": {
        "type": "LineString",
        "coordinates": [
          [
            139.7606798,
            35.6781693
          ],
          [
            139.7606392,
            35.6782286
          ]
        ]
      }
    },
    {
      "type": "Feature",
      "properties": {
        "id": 1444510301,
        "highway": "steps",
        "name": "日比谷",
        "access": null,
        "surface": "paving_stones"
      },
      "geometry": {
        "type": "LineString",
        "coordinates": [
          [
            139.7606392,
            35.6782286
          ],
          [
            139.7606188,
            35.6782585
          ]
        ]
      }
    },
    {
      "type": "Feature",
      "properties": {
        "id": 1444510302,
        "highway": "footway",
        "name": "日比谷",
        "access": null,
        "surface": "paving_stones"
      },
      "geometry": {
        "type": "LineString",
        "coordinates": [
          [
            139.7611332,
            35.6783718
          ],
          [
            139.7610878,
            35.6783824
          ]
        ]
      }
    },
    {
      "type": "Feature",
      "properties": {
        "id": 1444510303,
        "highway": "steps",
        "name": "日比谷",
        "access": null,
        "surface": "paving_stones"
      },
      "geometry": {
        "type": "LineString",
        "coordinates": [
          [
            139.7611332,
            35.6783718
          ],
          [
            139.7611756,
            35.6783618
          ]
        ]
      }
    },
    {
      "type": "Feature",
      "properties": {
        "id": 1444510304,
        "highway": "steps",
        "name": "日比谷",
        "access": null,
        "surface": "paving_stones"
      },
      "geometry": {
        "type": "LineString",
        "coordinates": [
          [
            139.7611756,
            35.6783618
          ],
          [
            139.7612104,
            35.6783536
          ]
        ]
      }
    },
    {
      "type": "Feature",
      "properties": {
        "id": 1444510305,
        "highway": "steps",
        "name": "日比谷",
        "access": null,
        "surface": "paving_stones"
      },
      "geometry": {
        "type": "LineString",
        "coordinates": [
          [
            139.7612104,
            35.6783536
          ],
          [
            139.7612446,
            35.6783456
          ]
        ]
      }
    },
    {
      "type": "Feature",
      "properties": {
        "id": 1444510306,
        "highway": "steps",
        "name": "二重橋前駅;7番出入口",
        "access": null,
        "surface": "paving_stones"
      },
      "geometry": {
        "type": "LineString",
        "coordinates": [
          [
            139.762382,
            35.6818797
          ],
          [
            139.7623398,
            35.6818803
          ],
          [
            139.7622959,
            35.6818663
          ]
        ]
      }
    },
    {
      "type": "Feature",
      "properties": {
        "id": 1444510307,
        "highway": "footway",
        "name": "二重橋前駅;7番出入口",
        "access": null,
        "surface": "paving_stones"
      },
      "geometry": {
        "type": "LineString",
        "coordinates": [
          [
            139.7623996,
            35.6818758
          ],
          [
            139.762382,
            35.6818797
          ]
        ]
      }
    },
    {
      "type": "Feature",
      "properties": {
        "id": 1444510308,
        "highway": "footway",
        "name": "二重橋前駅;7番出入口",
        "access": null,
        "surface": "paving_stones"
      },
      "geometry": {
        "type": "LineString",
        "coordinates": [
          [
            139.7622959,
            35.6818663
          ],
          [
            139.762292,
            35.6818285
          ]
        ]
      }
    },
    {
      "type": "Feature",
      "properties": {
        "id": 1444510309,
        "highway": "steps",
        "name": null,
        "access": null,
        "surface": null
      },
      "geometry": {
        "type": "LineString",
        "coordinates": [
          [
            139.7623144,
            35.681973
          ],
          [
            139.7623501,
            35.6820244
          ],
          [
            139.7623492,
            35.6820835
          ]
        ]
      }
    },
    {
      "type": "Feature",
      "properties": {
        "id": 1444524662,
        "highway": "steps",
        "name": null,
        "access": null,
        "surface": null
      },
      "geometry": {
        "type": "LineString",
        "coordinates": [
          [
            139.7648011,
            35.6827966
          ],
          [
            139.7648209,
            35.6828557
          ]
        ]
      }
    },
    {
      "type": "Feature",
      "properties": {
        "id": 1444524663,
        "highway": "footway",
        "name": null,
        "access": null,
        "surface": "paving_stones"
      },
      "geometry": {
        "type": "LineString",
        "coordinates": [
          [
            139.7647505,
            35.6826452
          ],
          [
            139.7648011,
            35.6827966
          ]
        ]
      }
    },
    {
      "type": "Feature",
      "properties": {
        "id": 1444524664,
        "highway": "footway",
        "name": null,
        "access": null,
        "surface": "paving_stones"
      },
      "geometry": {
        "type": "LineString",
        "coordinates": [
          [
            139.7648406,
            35.6829147
          ],
          [
            139.7649349,
            35.682961
          ]
        ]
      }
    },
    {
      "type": "Feature",
      "properties": {
        "id": 1444524665,
        "highway": "steps",
        "name": null,
        "access": null,
        "surface": null
      },
      "geometry": {
        "type": "LineString",
        "coordinates": [
          [
            139.7648209,
            35.6828557
          ],
          [
            139.7648406,
            35.6829147
          ]
        ]
      }
    },
    {
      "type": "Feature",
      "properties": {
        "id": 1444524666,
        "highway": "steps",
        "name": "東京",
        "access": null,
        "surface": "paving_stones"
      },
      "geometry": {
        "type": "LineString",
        "coordinates": [
          [
            139.7643037,
            35.6817449
          ],
          [
            139.7642768,
            35.6817508
          ]
        ]
      }
    },
    {
      "type": "Feature",
      "properties": {
        "id": 1444524667,
        "highway": "steps",
        "name": "東京駅",
        "access": null,
        "surface": "paving_stones"
      },
      "geometry": {
        "type": "LineString",
        "coordinates": [
          [
            139.7641858,
            35.6814872
          ],
          [
            139.7642614,
            35.6814704
          ]
        ]
      }
    },
    {
      "type": "Feature",
      "properties": {
        "id": 1444524668,
        "highway": "footway",
        "name": "東京駅",
        "access": null,
        "surface": "paving_stones"
      },
      "geometry": {
        "type": "LineString",
        "coordinates": [
          [
            139.7641786,
            35.6814674
          ],
          [
            139.7641858,
            35.6814872
          ]
        ]
      }
    },
    {
      "type": "Feature",
      "properties": {
        "id": 1444524669,
        "highway": "footway",
        "name": "東京駅",
        "access": null,
        "surface": "paving_stones"
      },
      "geometry": {
        "type": "LineString",
        "coordinates": [
          [
            139.7642468,
            35.6814524
          ],
          [
            139.7642813,
            35.6814448
          ]
        ]
      }
    },
    {
      "type": "Feature",
      "properties": {
        "id": 1444524670,
        "highway": "steps",
        "name": "東京駅",
        "access": null,
        "surface": "paving_stones"
      },
      "geometry": {
        "type": "LineString",
        "coordinates": [
          [
            139.764453,
            35.6820527
          ],
          [
            139.7643926,
            35.6820655
          ]
        ]
      }
    },
    {
      "type": "Feature",
      "properties": {
        "id": 1444524671,
        "highway": "footway",
        "name": "東京駅",
        "access": null,
        "surface": "paving_stones"
      },
      "geometry": {
        "type": "LineString",
        "coordinates": [
          [
            139.7643926,
            35.6820655
          ],
          [
            139.7643848,
            35.6820423
          ]
        ]
      }
    },
    {
      "type": "Feature",
      "properties": {
        "id": 1444524672,
        "highway": "footway",
        "name": "東京駅",
        "access": null,
        "surface": "paving_stones"
      },
      "geometry": {
        "type": "LineString",
        "coordinates": [
          [
            139.7644876,
            35.6820453
          ],
          [
            139.764453,
            35.6820527
          ]
        ]
      }
    },
    {
      "type": "Feature",
      "properties": {
        "id": 1444524673,
        "highway": "steps",
        "name": "東京駅;M10出入口",
        "access": null,
        "surface": "paving_stones"
      },
      "geometry": {
        "type": "LineString",
        "coordinates": [
          [
            139.7652833,
            35.6829578
          ],
          [
            139.7652616,
            35.6829891
          ]
        ]
      }
    },
    {
      "type": "Feature",
      "properties": {
        "id": 1444528374,
        "highway": "steps",
        "name": null,
        "access": null,
        "surface": null
      },
      "geometry": {
        "type": "LineString",
        "coordinates": [
          [
            139.7656082,
            35.6807564
          ],
          [
            139.7655683,
            35.6807649
          ]
        ]
      }
    },
    {
      "type": "Feature",
      "properties": {
        "id": 1446204159,
        "highway": "footway",
        "name": "二重橋前駅;2番線",
        "access": null,
        "surface": "asphalt"
      },
      "geometry": {
        "type": "LineString",
        "coordinates": [
          [
            139.7620288,
            35.6812772
          ],
          [
            139.7614387,
            35.6794954
          ]
        ]
      }
    },
    {
      "type": "Feature",
      "properties": {
        "id": 1446204160,
        "highway": "footway",
        "name": "二重橋前駅;1番線",
        "access": null,
        "surface": "asphalt"
      },
      "geometry": {
        "type": "LineString",
        "coordinates": [
          [
            139.7613878,
            35.6795054
          ],
          [
            139.7619779,
            35.681287
          ]
        ]
      }
    },
    {
      "type": "Feature",
      "properties": {
        "id": 1446204161,
        "highway": "footway",
        "name": "大手町駅;D1出入口",
        "access": null,
        "surface": "paving_stones"
      },
      "geometry": {
        "type": "LineString",
        "coordinates": [
          [
            139.7625598,
            35.6824428
          ],
          [
            139.7625797,
            35.6824386
          ]
        ]
      }
    },
    {
      "type": "Feature",
      "properties": {
        "id": 1446204162,
        "highway": "footway",
        "name": null,
        "access": null,
        "surface": null
      },
      "geometry": {
        "type": "LineString",
        "coordinates": [
          [
            139.7619176,
            35.6821323
          ],
          [
            139.761899,
            35.6820754
          ],
          [
            139.7618825,
            35.6820253
          ],
          [
            139.761868,
            35.6819812
          ]
        ]
      }
    },
    {
      "type": "Feature",
      "properties": {
        "id": 1446204163,
        "highway": "footway",
        "name": null,
        "access": null,
        "surface": null
      },
      "geometry": {
        "type": "LineString",
        "coordinates": [
          [
            139.7620627,
            35.6825734
          ],
          [
            139.7620446,
            35.6825184
          ],
          [
            139.7620273,
            35.6824657
          ],
          [
            139.7620038,
            35.6823948
          ]
        ]
      }
    },
    {
      "type": "Feature",
      "properties": {
        "id": 1450867342,
        "highway": "steps",
        "name": null,
        "access": null,
        "surface": "paving_stones"
      },
      "geometry": {
        "type": "LineString",
        "coordinates": [
          [
            139.7655846,
            35.6773635
          ],
          [
            139.7655121,
            35.6773804
          ]
        ]
      }
    },
    {
      "type": "Feature",
      "properties": {
        "id": 1450867343,
        "highway": "footway",
        "name": null,
        "access": null,
        "surface": null
      },
      "geometry": {
        "type": "LineString",
        "coordinates": [
          [
            139.7656271,
            35.6773153
          ],
          [
            139.7655954,
            35.6773226
          ],
          [
            139.7656112,
            35.6773664
          ]
        ]
      }
    },
    {
      "type": "Feature",
      "properties": {
        "id": 1450867344,
        "highway": "footway",
        "name": null,
        "access": null,
        "surface": "paving_stones"
      },
      "geometry": {
        "type": "LineString",
        "coordinates": [
          [
            139.7656215,
            35.677418
          ],
          [
            139.7655987,
            35.6773601
          ],
          [
            139.7655846,
            35.6773635
          ]
        ]
      }
    },
    {
      "type": "Feature",
      "properties": {
        "id": 1450867345,
        "highway": "steps",
        "name": null,
        "access": null,
        "surface": "paving_stones"
      },
      "geometry": {
        "type": "LineString",
        "coordinates": [
          [
            139.7656994,
            35.6772988
          ],
          [
            139.7656271,
            35.6773153
          ]
        ]
      }
    },
    {
      "type": "Feature",
      "properties": {
        "id": 1450867346,
        "highway": "footway",
        "name": null,
        "access": null,
        "surface": "paving_stones"
      },
      "geometry": {
        "type": "LineString",
        "coordinates": [
          [
            139.7657071,
            35.6773215
          ],
          [
            139.7656994,
            35.6772988
          ]
        ]
      }
    },
    {
      "type": "Feature",
      "properties": {
        "id": 1450867347,
        "highway": "steps",
        "name": null,
        "access": null,
        "surface": "paving_stones"
      },
      "geometry": {
        "type": "LineString",
        "coordinates": [
          [
            139.7656507,
            35.6773338
          ],
          [
            139.7657071,
            35.6773215
          ]
        ]
      }
    },
    {
      "type": "Feature",
      "properties": {
        "id": 1450867348,
        "highway": "footway",
        "name": null,
        "access": null,
        "surface": "paving_stones"
      },
      "geometry": {
        "type": "LineString",
        "coordinates": [
          [
            139.7655959,
            35.677384
          ],
          [
            139.765584,
            35.6773483
          ]
        ]
      }
    },
    {
      "type": "Feature",
      "properties": {
        "id": 1450867349,
        "highway": "steps",
        "name": null,
        "access": null,
        "surface": "paving_stones"
      },
      "geometry": {
        "type": "LineString",
        "coordinates": [
          [
            139.76552,
            35.6774021
          ],
          [
            139.7655959,
            35.677384
          ]
        ]
      }
    },
    {
      "type": "Feature",
      "properties": {
        "id": 1450867350,
        "highway": "footway",
        "name": null,
        "access": null,
        "surface": "paving_stones"
      },
      "geometry": {
        "type": "LineString",
        "coordinates": [
          [
            139.7655121,
            35.6773804
          ],
          [
            139.76552,
            35.6774021
          ]
        ]
      }
    },
    {
      "type": "Feature",
      "properties": {
        "id": 1450867351,
        "highway": "steps",
        "name": null,
        "access": null,
        "surface": "paving_stones"
      },
      "geometry": {
        "type": "LineString",
        "coordinates": [
          [
            139.765584,
            35.6773483
          ],
          [
            139.7656507,
            35.6773338
          ]
        ]
      }
    },
    {
      "type": "Feature",
      "properties": {
        "id": 1450867352,
        "highway": "footway",
        "name": null,
        "access": null,
        "surface": "asphalt"
      },
      "geometry": {
        "type": "LineString",
        "coordinates": [
          [
            139.7642612,
            35.6760722
          ],
          [
            139.7645186,
            35.6763456
          ],
          [
            139.7646823,
            35.6765363
          ],
          [
            139.7648338,
            35.6767552
          ],
          [
            139.7650363,
            35.6771191
          ],
          [
            139.7651114,
            35.6772923
          ],
          [
            139.7651557,
            35.6774252
          ],
          [
            139.7651528,
            35.6774607
          ],
          [
            139.7651812,
            35.6774786
          ],
          [
            139.765503,
            35.6773969
          ],
          [
            139.7656112,
            35.6773664
          ],
          [
            139.7657483,
            35.6773318
          ],
          [
            139.7658933,
            35.677301
          ],
          [
            139.7659262,
            35.6772941
          ],
          [
            139.7659697,
            35.6772847
          ],
          [
            139.7666135,
            35.6771539
          ],
          [
            139.766702,
            35.6771027
          ]
        ]
      }
    },
    {
      "type": "Feature",
      "properties": {
        "id": 1450867353,
        "highway": "footway",
        "name": null,
        "access": null,
        "surface": "paving_stones"
      },
      "geometry": {
        "type": "LineString",
        "coordinates": [
          [
            139.7636397,
            35.6779731
          ],
          [
            139.7638379,
            35.6779304
          ],
          [
            139.7639832,
            35.6779006
          ]
        ]
      }
    },
    {
      "type": "Feature",
      "properties": {
        "id": 1450867354,
        "highway": "footway",
        "name": null,
        "access": null,
        "surface": "paving_stones"
      },
      "geometry": {
        "type": "LineString",
        "coordinates": [
          [
            139.7639832,
            35.6779006
          ],
          [
            139.7642818,
            35.6778393
          ]
        ]
      }
    },
    {
      "type": "Feature",
      "properties": {
        "id": 1450867355,
        "highway": "footway",
        "name": null,
        "access": null,
        "surface": "paving_stones"
      },
      "geometry": {
        "type": "LineString",
        "coordinates": [
          [
            139.7630104,
            35.6778433
          ],
          [
            139.7623432,
            35.677981
          ]
        ]
      }
    },
    {
      "type": "Feature",
      "properties": {
        "id": 1450867356,
        "highway": "steps",
        "name": null,
        "access": null,
        "surface": "paving_stones"
      },
      "geometry": {
        "type": "LineString",
        "coordinates": [
          [
            139.7623341,
            35.6781701
          ],
          [
            139.762316,
            35.6781134
          ]
        ]
      }
    },
    {
      "type": "Feature",
      "properties": {
        "id": 1450867357,
        "highway": "footway",
        "name": null,
        "access": null,
        "surface": "paving_stones"
      },
      "geometry": {
        "type": "LineString",
        "coordinates": [
          [
            139.762278,
            35.6779945
          ],
          [
            139.762316,
            35.6781134
          ]
        ]
      }
    },
    {
      "type": "Feature",
      "properties": {
        "id": 1450867358,
        "highway": "steps",
        "name": null,
        "access": null,
        "surface": "paving_stones"
      },
      "geometry": {
        "type": "LineString",
        "coordinates": [
          [
            139.762278,
            35.6779945
          ],
          [
            139.7623432,
            35.677981
          ]
        ]
      }
    },
    {
      "type": "Feature",
      "properties": {
        "id": 1450883205,
        "highway": "steps",
        "name": "日比谷",
        "access": null,
        "surface": "paving_stones"
      },
      "geometry": {
        "type": "LineString",
        "coordinates": [
          [
            139.7608137,
            35.677645
          ],
          [
            139.7608198,
            35.6776618
          ]
        ]
      }
    },
    {
      "type": "Feature",
      "properties": {
        "id": 1450883206,
        "highway": "footway",
        "name": "日比谷",
        "access": null,
        "surface": "paving_stones"
      },
      "geometry": {
        "type": "LineString",
        "coordinates": [
          [
            139.7606836,
            35.6774901
          ],
          [
            139.7607689,
            35.6775193
          ],
          [
            139.7608137,
            35.677645
          ]
        ]
      }
    },
    {
      "type": "Feature",
      "properties": {
        "id": 1450883207,
        "highway": "steps",
        "name": null,
        "access": null,
        "surface": "paving_stones"
      },
      "geometry": {
        "type": "LineString",
        "coordinates": [
          [
            139.7603205,
            35.6761062
          ],
          [
            139.7603451,
            35.6761754
          ]
        ]
      }
    },
    {
      "type": "Feature",
      "properties": {
        "id": 1450883208,
        "highway": "footway",
        "name": null,
        "access": null,
        "surface": "paving_stones"
      },
      "geometry": {
        "type": "LineString",
        "coordinates": [
          [
            139.7602661,
            35.6761365
          ],
          [
            139.7603295,
            35.6760436
          ]
        ]
      }
    },
    {
      "type": "Feature",
      "properties": {
        "id": 1450883209,
        "highway": "steps",
        "name": null,
        "access": null,
        "surface": "paving_stones"
      },
      "geometry": {
        "type": "LineString",
        "coordinates": [
          [
            139.7603167,
            35.6760052
          ],
          [
            139.7603039,
            35.6759669
          ]
        ]
      }
    },
    {
      "type": "Feature",
      "properties": {
        "id": 1450883210,
        "highway": "footway",
        "name": null,
        "access": null,
        "surface": "paving_stones"
      },
      "geometry": {
        "type": "LineString",
        "coordinates": [
          [
            139.7603039,
            35.6759669
          ],
          [
            139.7602733,
            35.6759736
          ],
          [
            139.7603058,
            35.6760649
          ]
        ]
      }
    },
    {
      "type": "Feature",
      "properties": {
        "id": 1450883211,
        "highway": "footway",
        "name": null,
        "access": null,
        "surface": "paving_stones"
      },
      "geometry": {
        "type": "LineString",
        "coordinates": [
          [
            139.7603451,
            35.6761754
          ],
          [
            139.7603645,
            35.6761893
          ]
        ]
      }
    },
    {
      "type": "Feature",
      "properties": {
        "id": 1450883212,
        "highway": "footway",
        "name": null,
        "access": null,
        "surface": "asphalt"
      },
      "geometry": {
        "type": "LineString",
        "coordinates": [
          [
            139.7614751,
            35.6761876
          ],
          [
            139.7613897,
            35.6762097
          ],
          [
            139.7604436,
            35.6764114
          ]
        ]
      }
    },
    {
      "type": "Feature",
      "properties": {
        "id": 1450883213,
        "highway": "steps",
        "name": null,
        "access": null,
        "surface": "paving_stones"
      },
      "geometry": {
        "type": "LineString",
        "coordinates": [
          [
            139.7603058,
            35.6760649
          ],
          [
            139.7603205,
            35.6761062
          ]
        ]
      }
    },
    {
      "type": "Feature",
      "properties": {
        "id": 1450883214,
        "highway": "steps",
        "name": null,
        "access": null,
        "surface": "paving_stones"
      },
      "geometry": {
        "type": "LineString",
        "coordinates": [
          [
            139.7603295,
            35.6760436
          ],
          [
            139.7603167,
            35.6760052
          ]
        ]
      }
    },
    {
      "type": "Feature",
      "properties": {
        "id": 1450883218,
        "highway": "footway",
        "name": "有楽町",
        "access": null,
        "surface": "paving_stones"
      },
      "geometry": {
        "type": "LineString",
        "coordinates": [
          [
            139.7616938,
            35.6760667
          ],
          [
            139.7618127,
            35.6760407
          ]
        ]
      }
    },
    {
      "type": "Feature",
      "properties": {
        "id": 1450883219,
        "highway": "footway",
        "name": "有楽町",
        "access": null,
        "surface": "paving_stones"
      },
      "geometry": {
        "type": "LineString",
        "coordinates": [
          [
            139.7617014,
            35.6760896
          ],
          [
            139.7616938,
            35.6760667
          ]
        ]
      }
    },
    {
      "type": "Feature",
      "properties": {
        "id": 1452810124,
        "highway": "footway",
        "name": null,
        "access": null,
        "surface": "paving_stones"
      },
      "geometry": {
        "type": "LineString",
        "coordinates": [
          [
            139.7633954,
            35.6788144
          ],
          [
            139.7633545,
            35.6788234
          ],
          [
            139.7630997,
            35.6786905
          ],
          [
            139.7626508,
            35.6787939
          ]
        ]
      }
    },
    {
      "type": "Feature",
      "properties": {
        "id": 1452810125,
        "highway": "footway",
        "name": null,
        "access": null,
        "surface": "paving_stones"
      },
      "geometry": {
        "type": "LineString",
        "coordinates": [
          [
            139.7627879,
            35.6791982
          ],
          [
            139.7628195,
            35.6792914
          ],
          [
            139.7627186,
            35.6793141
          ],
          [
            139.76254,
            35.6793545
          ],
          [
            139.7620783,
            35.6794587
          ],
          [
            139.7620599,
            35.6794517
          ],
          [
            139.7619512,
            35.6794768
          ],
          [
            139.7619379,
            35.6794904
          ],
          [
            139.7616491,
            35.6795566
          ]
        ]
      }
    },
    {
      "type": "Feature",
      "properties": {
        "id": 1452810126,
        "highway": "steps",
        "name": null,
        "access": null,
        "surface": "paving_stones"
      },
      "geometry": {
        "type": "LineString",
        "coordinates": [
          [
            139.7624759,
            35.6783131
          ],
          [
            139.7624672,
            35.6783523
          ]
        ]
      }
    },
    {
      "type": "Feature",
      "properties": {
        "id": 1452810127,
        "highway": "footway",
        "name": null,
        "access": null,
        "surface": "paving_stones"
      },
      "geometry": {
        "type": "LineString",
        "coordinates": [
          [
            139.7624368,
            35.6781963
          ],
          [
            139.7624759,
            35.6783131
          ]
        ]
      }
    },
    {
      "type": "Feature",
      "properties": {
        "id": 1452810128,
        "highway": "steps",
        "name": null,
        "access": null,
        "surface": null
      },
      "geometry": {
        "type": "LineString",
        "coordinates": [
          [
            139.7625903,
            35.678655
          ],
          [
            139.7625457,
            35.6785219
          ]
        ]
      }
    },
    {
      "type": "Feature",
      "properties": {
        "id": 1452810129,
        "highway": "footway",
        "name": null,
        "access": null,
        "surface": "paving_stones"
      },
      "geometry": {
        "type": "LineString",
        "coordinates": [
          [
            139.762571,
            35.6785159
          ],
          [
            139.7625457,
            35.6785219
          ],
          [
            139.7625105,
            35.6784277
          ]
        ]
      }
    },
    {
      "type": "Feature",
      "properties": {
        "id": 1452810130,
        "highway": "footway",
        "name": null,
        "access": null,
        "surface": "paving_stones"
      },
      "geometry": {
        "type": "LineString",
        "coordinates": [
          [
            139.7624979,
            35.6783788
          ],
          [
            139.7624856,
            35.6784683
          ],
          [
            139.7625498,
            35.6786644
          ],
          [
            139.7625903,
            35.678655
          ],
          [
            139.7626027,
            35.6786521
          ],
          [
            139.7626508,
            35.6787939
          ],
          [
            139.762757,
            35.6791069
          ]
        ]
      }
    },
    {
      "type": "Feature",
      "properties": {
        "id": 1452810131,
        "highway": "steps",
        "name": null,
        "access": null,
        "surface": null
      },
      "geometry": {
        "type": "LineString",
        "coordinates": [
          [
            139.7627879,
            35.6791982
          ],
          [
            139.762757,
            35.6791069
          ]
        ]
      }
    },
    {
      "type": "Feature",
      "properties": {
        "id": 1452810132,
        "highway": "footway",
        "name": null,
        "access": null,
        "surface": "paving_stones"
      },
      "geometry": {
        "type": "LineString",
        "coordinates": [
          [
            139.7636594,
            35.6787557
          ],
          [
            139.7634714,
            35.6787971
          ]
        ]
      }
    },
    {
      "type": "Feature",
      "properties": {
        "id": 1452810133,
        "highway": "steps",
        "name": null,
        "access": null,
        "surface": null
      },
      "geometry": {
        "type": "LineString",
        "coordinates": [
          [
            139.7634714,
            35.6787971
          ],
          [
            139.7633954,
            35.6788144
          ]
        ]
      }
    },
    {
      "type": "Feature",
      "properties": {
        "id": 1452810134,
        "highway": "footway",
        "name": null,
        "access": null,
        "surface": "paving_stones"
      },
      "geometry": {
        "type": "LineString",
        "coordinates": [
          [
            139.7649024,
            35.6800373
          ],
          [
            139.7646453,
            35.6799961
          ],
          [
            139.7642785,
            35.6798293
          ],
          [
            139.764259,
            35.6797673
          ]
        ]
      }
    },
    {
      "type": "Feature",
      "properties": {
        "id": 1452810135,
        "highway": "steps",
        "name": null,
        "access": null,
        "surface": "paving_stones"
      },
      "geometry": {
        "type": "LineString",
        "coordinates": [
          [
            139.7642269,
            35.6796693
          ],
          [
            139.7642439,
            35.6797211
          ]
        ]
      }
    },
    {
      "type": "Feature",
      "properties": {
        "id": 1452810136,
        "highway": "steps",
        "name": null,
        "access": null,
        "surface": "paving_stones"
      },
      "geometry": {
        "type": "LineString",
        "coordinates": [
          [
            139.7642439,
            35.6797211
          ],
          [
            139.764259,
            35.6797673
          ]
        ]
      }
    },
    {
      "type": "Feature",
      "properties": {
        "id": 1452810137,
        "highway": "footway",
        "name": null,
        "access": null,
        "surface": "paving_stones"
      },
      "geometry": {
        "type": "LineString",
        "coordinates": [
          [
            139.7627591,
            35.6808885
          ],
          [
            139.7627299,
            35.6807989
          ],
          [
            139.7627608,
            35.6807921
          ]
        ]
      }
    },
    {
      "type": "Feature",
      "properties": {
        "id": 1452810138,
        "highway": "footway",
        "name": null,
        "access": null,
        "surface": "paving_stones"
      },
      "geometry": {
        "type": "LineString",
        "coordinates": [
          [
            139.7642971,
            35.6834968
          ],
          [
            139.7644228,
            35.683881
          ],
          [
            139.7644664,
            35.6840143
          ],
          [
            139.764535,
            35.6841344
          ],
          [
            139.7646902,
            35.6846252
          ],
          [
            139.7648386,
            35.6846525
          ],
          [
            139.765198,
            35.6845724
          ],
          [
            139.7651441,
            35.6844095
          ],
          [
            139.7652712,
            35.6843814
          ]
        ]
      }
    },
    {
      "type": "Feature",
      "properties": {
        "id": 1452810142,
        "highway": "steps",
        "name": null,
        "access": null,
        "surface": "paving_stones"
      },
      "geometry": {
        "type": "LineString",
        "coordinates": [
          [
            139.764201,
            35.6833404
          ],
          [
            139.7641331,
            35.6833553
          ]
        ]
      }
    },
    {
      "type": "Feature",
      "properties": {
        "id": 1452810143,
        "highway": "footway",
        "name": null,
        "access": null,
        "surface": "paving_stones"
      },
      "geometry": {
        "type": "LineString",
        "coordinates": [
          [
            139.7641905,
            35.6809112
          ],
          [
            139.7641325,
            35.6809239
          ]
        ]
      }
    },
    {
      "type": "Feature",
      "properties": {
        "id": 1452810144,
        "highway": "footway",
        "name": null,
        "access": null,
        "surface": "paving_stones"
      },
      "geometry": {
        "type": "LineString",
        "coordinates": [
          [
            139.7629654,
            35.6808942
          ],
          [
            139.7629948,
            35.6809816
          ]
        ]
      }
    },
    {
      "type": "Feature",
      "properties": {
        "id": 1452810145,
        "highway": "steps",
        "name": null,
        "access": null,
        "surface": "paving_stones"
      },
      "geometry": {
        "type": "LineString",
        "coordinates": [
          [
            139.7638519,
            35.6825108
          ],
          [
            139.76387,
            35.6825675
          ]
        ]
      }
    },
    {
      "type": "Feature",
      "properties": {
        "id": 1452810146,
        "highway": "footway",
        "name": null,
        "access": null,
        "surface": "paving_stones"
      },
      "geometry": {
        "type": "LineString",
        "coordinates": [
          [
            139.7638181,
            35.6825188
          ],
          [
            139.7637259,
            35.6824956
          ]
        ]
      }
    },
    {
      "type": "Feature",
      "properties": {
        "id": 1452810147,
        "highway": "steps",
        "name": null,
        "access": null,
        "surface": "paving_stones"
      },
      "geometry": {
        "type": "LineString",
        "coordinates": [
          [
            139.7638373,
            35.6825748
          ],
          [
            139.7638181,
            35.6825188
          ]
        ]
      }
    },
    {
      "type": "Feature",
      "properties": {
        "id": 1452810148,
        "highway": "footway",
        "name": null,
        "access": null,
        "surface": "paving_stones"
      },
      "geometry": {
        "type": "LineString",
        "coordinates": [
          [
            139.76387,
            35.6825675
          ],
          [
            139.7638373,
            35.6825748
          ]
        ]
      }
    },
    {
      "type": "Feature",
      "properties": {
        "id": 1452810149,
        "highway": "footway",
        "name": null,
        "access": null,
        "surface": "paving_stones"
      },
      "geometry": {
        "type": "LineString",
        "coordinates": [
          [
            139.7643592,
            35.6833732
          ],
          [
            139.7642615,
            35.6833943
          ]
        ]
      }
    },
    {
      "type": "Feature",
      "properties": {
        "id": 1452810150,
        "highway": "footway",
        "name": null,
        "access": null,
        "surface": "paving_stones"
      },
      "geometry": {
        "type": "LineString",
        "coordinates": [
          [
            139.7642309,
            35.6832998
          ],
          [
            139.7642615,
            35.6833943
          ],
          [
            139.7642971,
            35.6834968
          ]
        ]
      }
    },
    {
      "type": "Feature",
      "properties": {
        "id": 1452810151,
        "highway": "steps",
        "name": null,
        "access": null,
        "surface": null
      },
      "geometry": {
        "type": "LineString",
        "coordinates": [
          [
            139.7641521,
            35.6833935
          ],
          [
            139.7641445,
            35.6833708
          ]
        ]
      }
    },
    {
      "type": "Feature",
      "properties": {
        "id": 1452810152,
        "highway": "footway",
        "name": null,
        "access": null,
        "surface": "paving_stones"
      },
      "geometry": {
        "type": "LineString",
        "coordinates": [
          [
            139.7641331,
            35.6833553
          ],
          [
            139.7640199,
            35.6833361
          ]
        ]
      }
    },
    {
      "type": "Feature",
      "properties": {
        "id": 1452810153,
        "highway": "footway",
        "name": null,
        "access": null,
        "surface": "paving_stones"
      },
      "geometry": {
        "type": "LineString",
        "coordinates": [
          [
            139.7639186,
            35.6824558
          ],
          [
            139.7641331,
            35.6831053
          ],
          [
            139.7642309,
            35.6832998
          ]
        ]
      }
    },
    {
      "type": "Feature",
      "properties": {
        "id": 1452810154,
        "highway": "footway",
        "name": null,
        "access": null,
        "surface": "paving_stones"
      },
      "geometry": {
        "type": "LineString",
        "coordinates": [
          [
            139.7638403,
            35.6824743
          ],
          [
            139.7639186,
            35.6824558
          ],
          [
            139.7644607,
            35.6823133
          ]
        ]
      }
    },
    {
      "type": "Feature",
      "properties": {
        "id": 1452810162,
        "highway": "footway",
        "name": "丸ビル",
        "access": null,
        "surface": "paving_stones"
      },
      "geometry": {
        "type": "LineString",
        "coordinates": [
          [
            139.7635277,
            35.6810179
          ],
          [
            139.7641215,
            35.6808896
          ],
          [
            139.7641325,
            35.6809239
          ],
          [
            139.7642513,
            35.6812947
          ],
          [
            139.7642539,
            35.6813649
          ]
        ]
      }
    },
    {
      "type": "Feature",
      "properties": {
        "id": 1452810163,
        "highway": "steps",
        "name": null,
        "access": null,
        "surface": "paving_stones"
      },
      "geometry": {
        "type": "LineString",
        "coordinates": [
          [
            139.7636384,
            35.6813714
          ],
          [
            139.7635415,
            35.6813927
          ]
        ]
      }
    },
    {
      "type": "Feature",
      "properties": {
        "id": 1452810164,
        "highway": "steps",
        "name": null,
        "access": null,
        "surface": "paving_stones"
      },
      "geometry": {
        "type": "LineString",
        "coordinates": [
          [
            139.7635415,
            35.6813927
          ],
          [
            139.7635767,
            35.6814958
          ]
        ]
      }
    },
    {
      "type": "Feature",
      "properties": {
        "id": 1452810165,
        "highway": "footway",
        "name": null,
        "access": null,
        "surface": "paving_stones"
      },
      "geometry": {
        "type": "LineString",
        "coordinates": [
          [
            139.7635767,
            35.6814958
          ],
          [
            139.7636054,
            35.681586
          ]
        ]
      }
    },
    {
      "type": "Feature",
      "properties": {
        "id": 1452810166,
        "highway": "footway",
        "name": null,
        "access": null,
        "surface": "paving_stones"
      },
      "geometry": {
        "type": "LineString",
        "coordinates": [
          [
            139.7636595,
            35.68161
          ],
          [
            139.7636728,
            35.6816515
          ],
          [
            139.7635641,
            35.6816758
          ],
          [
            139.7634239,
            35.6817422
          ],
          [
            139.7634821,
            35.6819215
          ],
          [
            139.7635653,
            35.6821733
          ],
          [
            139.763744,
            35.6821726
          ],
          [
            139.7637532,
            35.6822012
          ]
        ]
      }
    },
    {
      "type": "Feature",
      "properties": {
        "id": 1452810167,
        "highway": "steps",
        "name": null,
        "access": null,
        "surface": "paving_stones"
      },
      "geometry": {
        "type": "LineString",
        "coordinates": [
          [
            139.7636513,
            35.6815847
          ],
          [
            139.7636595,
            35.68161
          ]
        ]
      }
    },
    {
      "type": "Feature",
      "properties": {
        "id": 1452810168,
        "highway": "steps",
        "name": null,
        "access": null,
        "surface": "paving_stones"
      },
      "geometry": {
        "type": "LineString",
        "coordinates": [
          [
            139.7643271,
            35.6812781
          ],
          [
            139.7643153,
            35.6812431
          ]
        ]
      }
    },
    {
      "type": "Feature",
      "properties": {
        "id": 1452810169,
        "highway": "footway",
        "name": null,
        "access": null,
        "surface": "paving_stones"
      },
      "geometry": {
        "type": "LineString",
        "coordinates": [
          [
            139.7642513,
            35.6812947
          ],
          [
            139.7643271,
            35.6812781
          ]
        ]
      }
    },
    {
      "type": "Feature",
      "properties": {
        "id": 1452810170,
        "highway": "footway",
        "name": null,
        "access": null,
        "surface": "paving_stones"
      },
      "geometry": {
        "type": "LineString",
        "coordinates": [
          [
            139.7642939,
            35.6811795
          ],
          [
            139.764327,
            35.6811403
          ]
        ]
      }
    },
    {
      "type": "Feature",
      "properties": {
        "id": 1452810171,
        "highway": "steps",
        "name": null,
        "access": null,
        "surface": "paving_stones"
      },
      "geometry": {
        "type": "LineString",
        "coordinates": [
          [
            139.764307,
            35.6812184
          ],
          [
            139.7642939,
            35.6811795
          ]
        ]
      }
    },
    {
      "type": "Feature",
      "properties": {
        "id": 1452810172,
        "highway": "steps",
        "name": null,
        "access": null,
        "surface": "paving_stones"
      },
      "geometry": {
        "type": "LineString",
        "coordinates": [
          [
            139.7643153,
            35.6812431
          ],
          [
            139.764307,
            35.6812184
          ]
        ]
      }
    },
    {
      "type": "Feature",
      "properties": {
        "id": 1452810173,
        "highway": "steps",
        "name": null,
        "access": null,
        "surface": "paving_stones"
      },
      "geometry": {
        "type": "LineString",
        "coordinates": [
          [
            139.7634714,
            35.6787971
          ],
          [
            139.763428,
            35.67879
          ]
        ]
      }
    },
    {
      "type": "Feature",
      "properties": {
        "id": 1452810174,
        "highway": "steps",
        "name": null,
        "access": null,
        "surface": "paving_stones"
      },
      "geometry": {
        "type": "LineString",
        "coordinates": [
          [
            139.763428,
            35.67879
          ],
          [
            139.7633954,
            35.6788144
          ]
        ]
      }
    },
    {
      "type": "Feature",
      "properties": {
        "id": 1452810175,
        "highway": "steps",
        "name": null,
        "access": null,
        "surface": "paving_stones"
      },
      "geometry": {
        "type": "LineString",
        "coordinates": [
          [
            139.7641445,
            35.6833708
          ],
          [
            139.764206,
            35.6833576
          ]
        ]
      }
    },
    {
      "type": "Feature",
      "properties": {
        "id": 1452810176,
        "highway": "footway",
        "name": null,
        "access": null,
        "surface": "paving_stones"
      },
      "geometry": {
        "type": "LineString",
        "coordinates": [
          [
            139.764206,
            35.6833576
          ],
          [
            139.764201,
            35.6833404
          ]
        ]
      }
    },
    {
      "type": "Feature",
      "properties": {
        "id": 1452810177,
        "highway": "footway",
        "name": null,
        "access": null,
        "surface": "paving_stones"
      },
      "geometry": {
        "type": "LineString",
        "coordinates": [
          [
            139.7642615,
            35.6833943
          ],
          [
            139.7641948,
            35.6834086
          ]
        ]
      }
    },
    {
      "type": "Feature",
      "properties": {
        "id": 1452810178,
        "highway": "steps",
        "name": null,
        "access": null,
        "surface": null
      },
      "geometry": {
        "type": "LineString",
        "coordinates": [
          [
            139.7641948,
            35.6834086
          ],
          [
            139.7641596,
            35.6834161
          ]
        ]
      }
    },
    {
      "type": "Feature",
      "properties": {
        "id": 1452810179,
        "highway": "steps",
        "name": null,
        "access": null,
        "surface": null
      },
      "geometry": {
        "type": "LineString",
        "coordinates": [
          [
            139.7641596,
            35.6834161
          ],
          [
            139.7641521,
            35.6833935
          ]
        ]
      }
    },
    {
      "type": "Feature",
      "properties": {
        "id": 1452810200,
        "highway": "footway",
        "name": null,
        "access": null,
        "surface": "paving_stones"
      },
      "geometry": {
        "type": "LineString",
        "coordinates": [
          [
            139.7637719,
            35.6822598
          ],
          [
            139.7638403,
            35.6824743
          ],
          [
            139.7638519,
            35.6825108
          ]
        ]
      }
    },
    {
      "type": "Feature",
      "properties": {
        "id": 1452810201,
        "highway": "steps",
        "name": null,
        "access": null,
        "surface": "paving_stones"
      },
      "geometry": {
        "type": "LineString",
        "coordinates": [
          [
            139.7637719,
            35.6822598
          ],
          [
            139.7637532,
            35.6822012
          ]
        ]
      }
    },
    {
      "type": "Feature",
      "properties": {
        "id": 1452810202,
        "highway": "steps",
        "name": null,
        "access": null,
        "surface": "paving_stones"
      },
      "geometry": {
        "type": "LineString",
        "coordinates": [
          [
            139.7626154,
            35.6786492
          ],
          [
            139.7625921,
            35.6785795
          ]
        ]
      }
    },
    {
      "type": "Feature",
      "properties": {
        "id": 1452810203,
        "highway": "footway",
        "name": null,
        "access": null,
        "surface": "paving_stones"
      },
      "geometry": {
        "type": "LineString",
        "coordinates": [
          [
            139.7626027,
            35.6786521
          ],
          [
            139.7626154,
            35.6786492
          ]
        ]
      }
    },
    {
      "type": "Feature",
      "properties": {
        "id": 1452810204,
        "highway": "steps",
        "name": null,
        "access": null,
        "surface": "paving_stones"
      },
      "geometry": {
        "type": "LineString",
        "coordinates": [
          [
            139.7625921,
            35.6785795
          ],
          [
            139.762571,
            35.6785159
          ]
        ]
      }
    },
    {
      "type": "Feature",
      "properties": {
        "id": 1452810205,
        "highway": "footway",
        "name": null,
        "access": null,
        "surface": null
      },
      "geometry": {
        "type": "LineString",
        "coordinates": [
          [
            139.7616778,
            35.6794654
          ],
          [
            139.7616686,
            35.6794379
          ]
        ]
      }
    },
    {
      "type": "Feature",
      "properties": {
        "id": 1452810206,
        "highway": "steps",
        "name": null,
        "access": null,
        "surface": "paving_stones"
      },
      "geometry": {
        "type": "LineString",
        "coordinates": [
          [
            139.7624672,
            35.6783523
          ],
          [
            139.7624979,
            35.6783788
          ]
        ]
      }
    },
    {
      "type": "Feature",
      "properties": {
        "id": 1452810207,
        "highway": "steps",
        "name": null,
        "access": null,
        "surface": null
      },
      "geometry": {
        "type": "LineString",
        "coordinates": [
          [
            139.7624759,
            35.6783131
          ],
          [
            139.7624979,
            35.6783788
          ]
        ]
      }
    },
    {
      "type": "Feature",
      "properties": {
        "id": 1452848295,
        "highway": "steps",
        "name": null,
        "access": null,
        "surface": "paving_stones"
      },
      "geometry": {
        "type": "LineString",
        "coordinates": [
          [
            139.7661595,
            35.6776326
          ],
          [
            139.7662661,
            35.6777578
          ]
        ]
      }
    },
    {
      "type": "Feature",
      "properties": {
        "id": 1452848296,
        "highway": "steps",
        "name": null,
        "access": null,
        "surface": "paving_stones"
      },
      "geometry": {
        "type": "LineString",
        "coordinates": [
          [
            139.7663192,
            35.677744
          ],
          [
            139.7664368,
            35.6778724
          ]
        ]
      }
    },
    {
      "type": "Feature",
      "properties": {
        "id": 1452848297,
        "highway": "footway",
        "name": null,
        "access": null,
        "surface": "paving_stones"
      },
      "geometry": {
        "type": "LineString",
        "coordinates": [
          [
            139.7663636,
            35.6777327
          ],
          [
            139.7663192,
            35.677744
          ],
          [
            139.7662661,
            35.6777578
          ]
        ]
      }
    },
    {
      "type": "Feature",
      "properties": {
        "id": 1452848298,
        "highway": "footway",
        "name": null,
        "access": null,
        "surface": "paving_stones"
      },
      "geometry": {
        "type": "LineString",
        "coordinates": [
          [
            139.7663636,
            35.6777327
          ],
          [
            139.7663305,
            35.6776956
          ],
          [
            139.7663584,
            35.6776816
          ]
        ]
      }
    },
    {
      "type": "Feature",
      "properties": {
        "id": 1452848299,
        "highway": "steps",
        "name": null,
        "access": null,
        "surface": null
      },
      "geometry": {
        "type": "LineString",
        "coordinates": [
          [
            139.7663584,
            35.6776816
          ],
          [
            139.7664307,
            35.6777565
          ]
        ]
      }
    },
    {
      "type": "Feature",
      "properties": {
        "id": 1452848300,
        "highway": "footway",
        "name": null,
        "access": null,
        "surface": "paving_stones"
      },
      "geometry": {
        "type": "LineString",
        "coordinates": [
          [
            139.7670722,
            35.6776108
          ],
          [
            139.7666157,
            35.6777955
          ],
          [
            139.7664368,
            35.6778724
          ]
        ]
      }
    },
    {
      "type": "Feature",
      "properties": {
        "id": 1452848301,
        "highway": "footway",
        "name": null,
        "access": null,
        "surface": "paving_stones"
      },
      "geometry": {
        "type": "LineString",
        "coordinates": [
          [
            139.7653625,
            35.6779902
          ],
          [
            139.7653884,
            35.677984
          ]
        ]
      }
    },
    {
      "type": "Feature",
      "properties": {
        "id": 1452848302,
        "highway": "steps",
        "name": null,
        "access": null,
        "surface": "concrete"
      },
      "geometry": {
        "type": "LineString",
        "coordinates": [
          [
            139.765248,
            35.6778225
          ],
          [
            139.7653207,
            35.6778052
          ]
        ]
      }
    },
    {
      "type": "Feature",
      "properties": {
        "id": 1452848303,
        "highway": "footway",
        "name": null,
        "access": null,
        "surface": "paving_stones"
      },
      "geometry": {
        "type": "LineString",
        "coordinates": [
          [
            139.7651299,
            35.6777286
          ],
          [
            139.7644918,
            35.6778633
          ]
        ]
      }
    },
    {
      "type": "Feature",
      "properties": {
        "id": 1452848304,
        "highway": "steps",
        "name": null,
        "access": null,
        "surface": "concrete"
      },
      "geometry": {
        "type": "LineString",
        "coordinates": [
          [
            139.7653584,
            35.6778638
          ],
          [
            139.7653776,
            35.6779149
          ]
        ]
      }
    },
    {
      "type": "Feature",
      "properties": {
        "id": 1452848305,
        "highway": "footway",
        "name": null,
        "access": null,
        "surface": "concrete"
      },
      "geometry": {
        "type": "LineString",
        "coordinates": [
          [
            139.7653584,
            35.6778638
          ],
          [
            139.765336,
            35.6778039
          ]
        ]
      }
    },
    {
      "type": "Feature",
      "properties": {
        "id": 1452848306,
        "highway": "steps",
        "name": null,
        "access": null,
        "surface": "concrete"
      },
      "geometry": {
        "type": "LineString",
        "coordinates": [
          [
            139.765263,
            35.6778218
          ],
          [
            139.765336,
            35.6778039
          ]
        ]
      }
    },
    {
      "type": "Feature",
      "properties": {
        "id": 1452848307,
        "highway": "footway",
        "name": null,
        "access": null,
        "surface": "concrete"
      },
      "geometry": {
        "type": "LineString",
        "coordinates": [
          [
            139.765263,
            35.6778218
          ],
          [
            139.7652557,
            35.6778008
          ]
        ]
      }
    },
    {
      "type": "Feature",
      "properties": {
        "id": 1452848308,
        "highway": "steps",
        "name": null,
        "access": null,
        "surface": "concrete"
      },
      "geometry": {
        "type": "LineString",
        "coordinates": [
          [
            139.7653142,
            35.6777864
          ],
          [
            139.7652557,
            35.6778008
          ]
        ]
      }
    },
    {
      "type": "Feature",
      "properties": {
        "id": 1452848309,
        "highway": "footway",
        "name": null,
        "access": null,
        "surface": "concrete"
      },
      "geometry": {
        "type": "LineString",
        "coordinates": [
          [
            139.7653142,
            35.6777864
          ],
          [
            139.7653207,
            35.6778052
          ]
        ]
      }
    },
    {
      "type": "Feature",
      "properties": {
        "id": 1452848310,
        "highway": "footway",
        "name": null,
        "access": null,
        "surface": "paving_stones"
      },
      "geometry": {
        "type": "LineString",
        "coordinates": [
          [
            139.7654019,
            35.6779809
          ],
          [
            139.7653884,
            35.677984
          ]
        ]
      }
    },
    {
      "type": "Feature",
      "properties": {
        "id": 1452848311,
        "highway": "steps",
        "name": null,
        "access": null,
        "surface": "concrete"
      },
      "geometry": {
        "type": "LineString",
        "coordinates": [
          [
            139.7653776,
            35.6779149
          ],
          [
            139.7654019,
            35.6779809
          ]
        ]
      }
    },
    {
      "type": "Feature",
      "properties": {
        "id": 1452857668,
        "highway": "steps",
        "name": null,
        "access": null,
        "surface": "paving_stones"
      },
      "geometry": {
        "type": "LineString",
        "coordinates": [
          [
            139.7637648,
            35.6795399
          ],
          [
            139.76379,
            35.6796166
          ]
        ]
      }
    },
    {
      "type": "Feature",
      "properties": {
        "id": 1452857669,
        "highway": "footway",
        "name": null,
        "access": null,
        "surface": "paving_stones"
      },
      "geometry": {
        "type": "LineString",
        "coordinates": [
          [
            139.7638558,
            35.6796391
          ],
          [
            139.7638014,
            35.6796515
          ],
          [
            139.76379,
            35.6796166
          ]
        ]
      }
    },
    {
      "type": "Feature",
      "properties": {
        "id": 1452857670,
        "highway": "footway",
        "name": null,
        "access": null,
        "surface": "asphalt"
      },
      "geometry": {
        "type": "LineString",
        "coordinates": [
          [
            139.763999,
            35.6793855
          ],
          [
            139.7639015,
            35.6794098
          ],
          [
            139.7637889,
            35.679434
          ]
        ]
      }
    },
    {
      "type": "Feature",
      "properties": {
        "id": 1452857671,
        "highway": "steps",
        "name": null,
        "access": null,
        "surface": "paving_stones"
      },
      "geometry": {
        "type": "LineString",
        "coordinates": [
          [
            139.763892,
            35.6797119
          ],
          [
            139.7639301,
            35.6798288
          ],
          [
            139.763852,
            35.6798455
          ]
        ]
      }
    },
    {
      "type": "Feature",
      "properties": {
        "id": 1452857672,
        "highway": "steps",
        "name": null,
        "access": null,
        "surface": "paving_stones"
      },
      "geometry": {
        "type": "LineString",
        "coordinates": [
          [
            139.7638703,
            35.6796452
          ],
          [
            139.763851,
            35.6795859
          ]
        ]
      }
    },
    {
      "type": "Feature",
      "properties": {
        "id": 1452857673,
        "highway": "steps",
        "name": null,
        "access": null,
        "surface": "paving_stones"
      },
      "geometry": {
        "type": "LineString",
        "coordinates": [
          [
            139.763851,
            35.6795859
          ],
          [
            139.7638311,
            35.6795249
          ]
        ]
      }
    },
    {
      "type": "Feature",
      "properties": {
        "id": 1452857674,
        "highway": "steps",
        "name": null,
        "access": null,
        "surface": "paving_stones"
      },
      "geometry": {
        "type": "LineString",
        "coordinates": [
          [
            139.7638018,
            35.6795315
          ],
          [
            139.7637648,
            35.6795399
          ]
        ]
      }
    },
    {
      "type": "Feature",
      "properties": {
        "id": 1452857675,
        "highway": "steps",
        "name": null,
        "access": null,
        "surface": "paving_stones"
      },
      "geometry": {
        "type": "LineString",
        "coordinates": [
          [
            139.763892,
            35.6797119
          ],
          [
            139.7638703,
            35.6796452
          ]
        ]
      }
    },
    {
      "type": "Feature",
      "properties": {
        "id": 1452857676,
        "highway": "steps",
        "name": null,
        "access": null,
        "surface": "paving_stones"
      },
      "geometry": {
        "type": "LineString",
        "coordinates": [
          [
            139.7638311,
            35.6795249
          ],
          [
            139.7638018,
            35.6795315
          ]
        ]
      }
    },
    {
      "type": "Feature",
      "properties": {
        "id": 1453363290,
        "highway": "steps",
        "name": null,
        "access": null,
        "surface": null
      },
      "geometry": {
        "type": "LineString",
        "coordinates": [
          [
            139.7658735,
            35.6777341
          ],
          [
            139.7657983,
            35.6776115
          ]
        ]
      }
    },
    {
      "type": "Feature",
      "properties": {
        "id": 1453363291,
        "highway": "footway",
        "name": null,
        "access": null,
        "surface": "paving_stones"
      },
      "geometry": {
        "type": "LineString",
        "coordinates": [
          [
            139.7657983,
            35.6776115
          ],
          [
            139.765755,
            35.6775392
          ]
        ]
      }
    },
    {
      "type": "Feature",
      "properties": {
        "id": 1453363292,
        "highway": "footway",
        "name": null,
        "access": null,
        "surface": "paving_stones"
      },
      "geometry": {
        "type": "LineString",
        "coordinates": [
          [
            139.7657983,
            35.6776115
          ],
          [
            139.7658424,
            35.6776006
          ],
          [
            139.7658916,
            35.6776842
          ],
          [
            139.765911,
            35.6777179
          ],
          [
            139.7658735,
            35.6777341
          ]
        ]
      }
    },
    {
      "type": "Feature",
      "properties": {
        "id": 1458199420,
        "highway": "footway",
        "name": null,
        "access": null,
        "surface": "paving_stones"
      },
      "geometry": {
        "type": "LineString",
        "coordinates": [
          [
            139.7631352,
            35.6767814
          ],
          [
            139.7631408,
            35.6767984
          ],
          [
            139.7631643,
            35.6768741
          ],
          [
            139.7631828,
            35.6769303
          ],
          [
            139.763472,
            35.6778077
          ],
          [
            139.7634798,
            35.6778294
          ]
        ]
      }
    },
    {
      "type": "Feature",
      "properties": {
        "id": 1458199421,
        "highway": "footway",
        "name": null,
        "access": null,
        "surface": null
      },
      "geometry": {
        "type": "LineString",
        "coordinates": [
          [
            139.76541,
            35.6790038
          ],
          [
            139.7654457,
            35.6791056
          ],
          [
            139.7655771,
            35.6794807
          ],
          [
            139.7655648,
            35.6795193
          ],
          [
            139.7651744,
            35.6800978
          ],
          [
            139.7651669,
            35.6801089
          ],
          [
            139.7651262,
            35.6801368
          ]
        ]
      }
    },
    {
      "type": "Feature",
      "properties": {
        "id": 1458303019,
        "highway": "footway",
        "name": null,
        "access": null,
        "surface": null
      },
      "geometry": {
        "type": "LineString",
        "coordinates": [
          [
            139.767481,
            35.6806493
          ],
          [
            139.7675174,
            35.6806419
          ],
          [
            139.7676122,
            35.6806226
          ]
        ]
      }
    },
    {
      "type": "Feature",
      "properties": {
        "id": 1458303020,
        "highway": "footway",
        "name": null,
        "access": null,
        "surface": null
      },
      "geometry": {
        "type": "LineString",
        "coordinates": [
          [
            139.7674533,
            35.6807154
          ],
          [
            139.767432,
            35.6806606
          ],
          [
            139.7674026,
            35.680583
          ]
        ]
      }
    },
    {
      "type": "Feature",
      "properties": {
        "id": 1458303021,
        "highway": "steps",
        "name": null,
        "access": null,
        "surface": null
      },
      "geometry": {
        "type": "LineString",
        "coordinates": [
          [
            139.7676122,
            35.6806226
          ],
          [
            139.7676542,
            35.680614
          ]
        ]
      }
    },
    {
      "type": "Feature",
      "properties": {
        "id": 1458303022,
        "highway": "footway",
        "name": null,
        "access": null,
        "surface": null
      },
      "geometry": {
        "type": "LineString",
        "coordinates": [
          [
            139.7674568,
            35.6806671
          ],
          [
            139.7674021,
            35.6806824
          ],
          [
            139.7673664,
            35.6806896
          ]
        ]
      }
    },
    {
      "type": "Feature",
      "properties": {
        "id": 1458303023,
        "highway": "footway",
        "name": null,
        "access": null,
        "surface": null
      },
      "geometry": {
        "type": "LineString",
        "coordinates": [
          [
            139.767215,
            35.6807185
          ],
          [
            139.7671772,
            35.6807291
          ],
          [
            139.7671474,
            35.6807358
          ]
        ]
      }
    },
    {
      "type": "Feature",
      "properties": {
        "id": 1461815546,
        "highway": "service",
        "name": null,
        "access": null,
        "surface": null
      },
      "geometry": {
        "type": "LineString",
        "coordinates": [
          [
            139.7647445,
            35.6809212
          ],
          [
            139.7647284,
            35.6809539
          ],
          [
            139.764719,
            35.6809825
          ],
          [
            139.7647199,
            35.6810116
          ],
          [
            139.7647629,
            35.6811529
          ]
        ]
      }
    },
    {
      "type": "Feature",
      "properties": {
        "id": 1463632295,
        "highway": "residential",
        "name": "有楽町高架下センター商店街",
        "access": null,
        "surface": null
      },
      "geometry": {
        "type": "LineString",
        "coordinates": [
          [
            139.7655559,
            35.6772666
          ],
          [
            139.7652035,
            35.6767014
          ],
          [
            139.7651789,
            35.6766619
          ],
          [
            139.7650443,
            35.6764898
          ],
          [
            139.7650264,
            35.6764634
          ],
          [
            139.7649513,
            35.6763528
          ],
          [
            139.7648011,
            35.6761882
          ],
          [
            139.764614,
            35.6759726
          ],
          [
            139.7644617,
            35.6758231
          ],
          [
            139.7641989,
            35.675568
          ]
        ]
      }
    },
    {
      "type": "Feature",
      "properties": {
        "id": 1463632296,
        "highway": "footway",
        "name": null,
        "access": null,
        "surface": null
      },
      "geometry": {
        "type": "LineString",
        "coordinates": [
          [
            139.7650264,
            35.6764634
          ],
          [
            139.7648826,
            35.6765274
          ]
        ]
      }
    },
    {
      "type": "Feature",
      "properties": {
        "id": 1466650632,
        "highway": "steps",
        "name": "東京ステーションホテル;レストラン",
        "access": null,
        "surface": null
      },
      "geometry": {
        "type": "LineString",
        "coordinates": [
          [
            139.7653721,
            35.6805041
          ],
          [
            139.765359,
            35.6804678
          ],
          [
            139.7653408,
            35.6804723
          ],
          [
            139.7653523,
            35.6805044
          ],
          [
            139.7653672,
            35.6805007
          ]
        ]
      }
    },
    {
      "type": "Feature",
      "properties": {
        "id": 1466650633,
        "highway": "footway",
        "name": "東京ステーションホテル;レストラン",
        "access": null,
        "surface": null
      },
      "geometry": {
        "type": "LineString",
        "coordinates": [
          [
            139.7653672,
            35.6805007
          ],
          [
            139.7653709,
            35.6805116
          ]
        ]
      }
    },
    {
      "type": "Feature",
      "properties": {
        "id": 1466650635,
        "highway": "footway",
        "name": "STATION DESK 東京丸の内",
        "access": null,
        "surface": null
      },
      "geometry": {
        "type": "LineString",
        "coordinates": [
          [
            139.7645207,
            35.680772
          ],
          [
            139.7645261,
            35.6807687
          ],
          [
            139.7645469,
            35.6807915
          ]
        ]
      }
    },
    {
      "type": "Feature",
      "properties": {
        "id": 1466650637,
        "highway": "footway",
        "name": "丸ビル;トイレ",
        "access": null,
        "surface": "paving_stones"
      },
      "geometry": {
        "type": "LineString",
        "coordinates": [
          [
            139.7636262,
            35.6813324
          ],
          [
            139.7635606,
            35.6813462
          ]
        ]
      }
    },
    {
      "type": "Feature",
      "properties": {
        "id": 1466650638,
        "highway": "footway",
        "name": null,
        "access": null,
        "surface": "paving_stones"
      },
      "geometry": {
        "type": "LineString",
        "coordinates": [
          [
            139.7621377,
            35.6810242
          ],
          [
            139.7627591,
            35.6808885
          ],
          [
            139.762949,
            35.6808452
          ],
          [
            139.7629654,
            35.6808942
          ],
          [
            139.7631477,
            35.6808536
          ]
        ]
      }
    },
    {
      "type": "Feature",
      "properties": {
        "id": 1473341757,
        "highway": "steps",
        "name": null,
        "access": null,
        "surface": null
      },
      "geometry": {
        "type": "LineString",
        "coordinates": [
          [
            139.7668494,
            35.6807885
          ],
          [
            139.7669651,
            35.6807631
          ]
        ]
      }
    },
    {
      "type": "Feature",
      "properties": {
        "id": 1473341758,
        "highway": "footway",
        "name": "東北新幹線南のりかえ口",
        "access": null,
        "surface": null
      },
      "geometry": {
        "type": "LineString",
        "coordinates": [
          [
            139.7670777,
            35.6807384
          ],
          [
            139.7671807,
            35.6807158
          ]
        ]
      }
    },
    {
      "type": "Feature",
      "properties": {
        "id": 1473341759,
        "highway": "steps",
        "name": null,
        "access": null,
        "surface": null
      },
      "geometry": {
        "type": "LineString",
        "coordinates": [
          [
            139.7668521,
            35.6804971
          ],
          [
            139.7668671,
            35.6804921
          ],
          [
            139.7668155,
            35.6803522
          ],
          [
            139.7667909,
            35.6803418
          ]
        ]
      }
    },
    {
      "type": "Feature",
      "properties": {
        "id": 1473341760,
        "highway": "steps",
        "name": null,
        "access": null,
        "surface": null
      },
      "geometry": {
        "type": "LineString",
        "coordinates": [
          [
            139.7665879,
            35.6803915
          ],
          [
            139.7666113,
            35.6804097
          ],
          [
            139.7666586,
            35.6805402
          ],
          [
            139.7666452,
            35.6805447
          ]
        ]
      }
    },
    {
      "type": "Feature",
      "properties": {
        "id": 1473341761,
        "highway": "steps",
        "name": null,
        "access": null,
        "surface": null
      },
      "geometry": {
        "type": "LineString",
        "coordinates": [
          [
            139.7663854,
            35.6804405
          ],
          [
            139.7664046,
            35.6804602
          ],
          [
            139.7664516,
            35.6805847
          ],
          [
            139.7664407,
            35.6805877
          ]
        ]
      }
    },
    {
      "type": "Feature",
      "properties": {
        "id": 1473341762,
        "highway": "steps",
        "name": null,
        "access": "private",
        "surface": null
      },
      "geometry": {
        "type": "LineString",
        "coordinates": [
          [
            139.766034,
            35.6803807
          ],
          [
            139.7660306,
            35.6803664
          ]
        ]
      }
    },
    {
      "type": "Feature",
      "properties": {
        "id": 1473341763,
        "highway": "steps",
        "name": null,
        "access": null,
        "surface": null
      },
      "geometry": {
        "type": "LineString",
        "coordinates": [
          [
            139.7654582,
            35.6805921
          ],
          [
            139.7654914,
            35.6805832
          ]
        ]
      }
    },
    {
      "type": "Feature",
      "properties": {
        "id": 1473642535,
        "highway": "footway",
        "name": null,
        "access": null,
        "surface": null
      },
      "geometry": {
        "type": "LineString",
        "coordinates": [
          [
            139.7663957,
            35.681755
          ],
          [
            139.7663402,
            35.6816434
          ],
          [
            139.7662904,
            35.6815201
          ]
        ]
      }
    },
    {
      "type": "Feature",
      "properties": {
        "id": 1473642536,
        "highway": "footway",
        "name": "東京駅;2階",
        "access": null,
        "surface": null
      },
      "geometry": {
        "type": "LineString",
        "coordinates": [
          [
            139.7666758,
            35.6816829
          ],
          [
            139.7666508,
            35.6816897
          ]
        ]
      }
    },
    {
      "type": "Feature",
      "properties": {
        "id": 1473642537,
        "highway": "footway",
        "name": "東京駅",
        "access": null,
        "surface": null
      },
      "geometry": {
        "type": "LineString",
        "coordinates": [
          [
            139.7669111,
            35.6794467
          ],
          [
            139.766971,
            35.6794274
          ],
          [
            139.7669553,
            35.6793943
          ]
        ]
      }
    },
    {
      "type": "Feature",
      "properties": {
        "id": 1473642538,
        "highway": "footway",
        "name": "東京駅",
        "access": null,
        "surface": null
      },
      "geometry": {
        "type": "LineString",
        "coordinates": [
          [
            139.7669553,
            35.6793943
          ],
          [
            139.7668664,
            35.6792146
          ],
          [
            139.7667948,
            35.6792392
          ],
          [
            139.7667765,
            35.6792438
          ]
        ]
      }
    },
    {
      "type": "Feature",
      "properties": {
        "id": 1473642539,
        "highway": "steps",
        "name": null,
        "access": null,
        "surface": null
      },
      "geometry": {
        "type": "LineString",
        "coordinates": [
          [
            139.7667948,
            35.6792392
          ],
          [
            139.7668953,
            35.6794131
          ]
        ]
      }
    },
    {
      "type": "Feature",
      "properties": {
        "id": 1473642540,
        "highway": "steps",
        "name": null,
        "access": null,
        "surface": null
      },
      "geometry": {
        "type": "LineString",
        "coordinates": [
          [
            139.7667765,
            35.6792438
          ],
          [
            139.7668591,
            35.6793988
          ],
          [
            139.7668953,
            35.6794131
          ]
        ]
      }
    },
    {
      "type": "Feature",
      "properties": {
        "id": 1473642541,
        "highway": "steps",
        "name": null,
        "access": null,
        "surface": null
      },
      "geometry": {
        "type": "LineString",
        "coordinates": [
          [
            139.7668953,
            35.6794131
          ],
          [
            139.7669039,
            35.6793836
          ],
          [
            139.7668287,
            35.6792502
          ],
          [
            139.7667948,
            35.6792392
          ]
        ]
      }
    },
    {
      "type": "Feature",
      "properties": {
        "id": 1473642542,
        "highway": "footway",
        "name": null,
        "access": null,
        "surface": null
      },
      "geometry": {
        "type": "LineString",
        "coordinates": [
          [
            139.766557,
            35.6820737
          ],
          [
            139.7665175,
            35.6820856
          ]
        ]
      }
    },
    {
      "type": "Feature",
      "properties": {
        "id": 1473642543,
        "highway": "footway",
        "name": "東北新幹線北乗換口",
        "access": null,
        "surface": null
      },
      "geometry": {
        "type": "LineString",
        "coordinates": [
          [
            139.7674549,
            35.6814773
          ],
          [
            139.7673543,
            35.6815024
          ]
        ]
      }
    },
    {
      "type": "Feature",
      "properties": {
        "id": 1473642544,
        "highway": "footway",
        "name": null,
        "access": null,
        "surface": null
      },
      "geometry": {
        "type": "LineString",
        "coordinates": [
          [
            139.7674276,
            35.6814886
          ],
          [
            139.7674518,
            35.6814823
          ],
          [
            139.7674946,
            35.6814712
          ]
        ]
      }
    },
    {
      "type": "Feature",
      "properties": {
        "id": 1473642545,
        "highway": "footway",
        "name": null,
        "access": null,
        "surface": null
      },
      "geometry": {
        "type": "LineString",
        "coordinates": [
          [
            139.7674389,
            35.6814538
          ],
          [
            139.7674518,
            35.6814823
          ]
        ]
      }
    },
    {
      "type": "Feature",
      "properties": {
        "id": 1473642546,
        "highway": "footway",
        "name": null,
        "access": null,
        "surface": null
      },
      "geometry": {
        "type": "LineString",
        "coordinates": [
          [
            139.7676493,
            35.6814344
          ],
          [
            139.7676782,
            35.6814271
          ],
          [
            139.7677314,
            35.6814138
          ]
        ]
      }
    },
    {
      "type": "Feature",
      "properties": {
        "id": 1473642547,
        "highway": "footway",
        "name": null,
        "access": null,
        "surface": null
      },
      "geometry": {
        "type": "LineString",
        "coordinates": [
          [
            139.7676657,
            35.6814013
          ],
          [
            139.7676782,
            35.6814271
          ]
        ]
      }
    },
    {
      "type": "Feature",
      "properties": {
        "id": 1473642548,
        "highway": "footway",
        "name": "東京ステーションホテル;メインエントランス",
        "access": null,
        "surface": null
      },
      "geometry": {
        "type": "LineString",
        "coordinates": [
          [
            139.7657766,
            35.6810228
          ],
          [
            139.765681,
            35.6810473
          ],
          [
            139.7656742,
            35.681049
          ]
        ]
      }
    },
    {
      "type": "Feature",
      "properties": {
        "id": 1474781517,
        "highway": "footway",
        "name": "東京駅;総武地下1番線",
        "access": null,
        "surface": null
      },
      "geometry": {
        "type": "LineString",
        "coordinates": [
          [
            139.7667666,
            35.6829427
          ],
          [
            139.7656809,
            35.6818071
          ],
          [
            139.7656146,
            35.6817366
          ],
          [
            139.7649472,
            35.6810166
          ],
          [
            139.7647821,
            35.6808352
          ]
        ]
      }
    },
    {
      "type": "Feature",
      "properties": {
        "id": 1474781518,
        "highway": "footway",
        "name": "東京駅;総武地下2番線",
        "access": null,
        "surface": null
      },
      "geometry": {
        "type": "LineString",
        "coordinates": [
          [
            139.7667403,
            35.6829604
          ],
          [
            139.7658929,
            35.6820974
          ],
          [
            139.7658232,
            35.6820258
          ],
          [
            139.7656358,
            35.681834
          ],
          [
            139.7655957,
            35.6817896
          ],
          [
            139.7655691,
            35.6817602
          ],
          [
            139.7649246,
            35.6810296
          ],
          [
            139.7647649,
            35.680847
          ]
        ]
      }
    },
    {
      "type": "Feature",
      "properties": {
        "id": 1474781519,
        "highway": "footway",
        "name": "東京駅;総武地下3番線",
        "access": null,
        "surface": null
      },
      "geometry": {
        "type": "LineString",
        "coordinates": [
          [
            139.7647095,
            35.6808915
          ],
          [
            139.7648689,
            35.681066
          ],
          [
            139.765514,
            35.6817855
          ],
          [
            139.7655802,
            35.6818602
          ],
          [
            139.7656871,
            35.6819665
          ],
          [
            139.7666951,
            35.682994
          ]
        ]
      }
    },
    {
      "type": "Feature",
      "properties": {
        "id": 1474781520,
        "highway": "footway",
        "name": "東京駅;総武地下4番線",
        "access": null,
        "surface": null
      },
      "geometry": {
        "type": "LineString",
        "coordinates": [
          [
            139.7646871,
            35.6809066
          ],
          [
            139.7647414,
            35.6809687
          ],
          [
            139.7648388,
            35.6810831
          ],
          [
            139.7649457,
            35.6811999
          ],
          [
            139.7654726,
            35.68181
          ],
          [
            139.7655404,
            35.6818809
          ],
          [
            139.7662804,
            35.6826184
          ],
          [
            139.7666725,
            35.6830051
          ]
        ]
      }
    },
    {
      "type": "Feature",
      "properties": {
        "id": 1475304124,
        "highway": "steps",
        "name": "グランスタ東京",
        "access": null,
        "surface": null
      },
      "geometry": {
        "type": "LineString",
        "coordinates": [
          [
            139.7668415,
            35.6816118
          ],
          [
            139.7667351,
            35.6816404
          ]
        ]
      }
    },
    {
      "type": "Feature",
      "properties": {
        "id": 1475304125,
        "highway": "steps",
        "name": "グランスタ東京",
        "access": null,
        "surface": null
      },
      "geometry": {
        "type": "LineString",
        "coordinates": [
          [
            139.7667321,
            35.6816324
          ],
          [
            139.7668387,
            35.6816049
          ]
        ]
      }
    },
    {
      "type": "Feature",
      "properties": {
        "id": 1475304126,
        "highway": "footway",
        "name": "グランスタ東京;地下1階",
        "access": null,
        "surface": null
      },
      "geometry": {
        "type": "LineString",
        "coordinates": [
          [
            139.766848,
            35.6816277
          ],
          [
            139.7668415,
            35.6816118
          ],
          [
            139.7668387,
            35.6816049
          ]
        ]
      }
    },
    {
      "type": "Feature",
      "properties": {
        "id": 1475304128,
        "highway": "footway",
        "name": "スクエア ゼロ",
        "access": null,
        "surface": null
      },
      "geometry": {
        "type": "LineString",
        "coordinates": [
          [
            139.7668387,
            35.6816049
          ],
          [
            139.7668229,
            35.6815628
          ],
          [
            139.7670107,
            35.6815157
          ]
        ]
      }
    },
    {
      "type": "Feature",
      "properties": {
        "id": 1475635434,
        "highway": "footway",
        "name": "南通路",
        "access": null,
        "surface": null
      },
      "geometry": {
        "type": "LineString",
        "coordinates": [
          [
            139.7677175,
            35.6799985
          ],
          [
            139.7676887,
            35.6799913
          ],
          [
            139.7674865,
            35.6800443
          ],
          [
            139.7674707,
            35.6800632
          ]
        ]
      }
    },
    {
      "type": "Feature",
      "properties": {
        "id": 1475635435,
        "highway": "footway",
        "name": "南通路",
        "access": null,
        "surface": null
      },
      "geometry": {
        "type": "LineString",
        "coordinates": [
          [
            139.7675651,
            35.6800385
          ],
          [
            139.7677175,
            35.6799985
          ]
        ]
      }
    },
    {
      "type": "Feature",
      "properties": {
        "id": 1475635436,
        "highway": "steps",
        "name": "南通路",
        "access": null,
        "surface": null
      },
      "geometry": {
        "type": "LineString",
        "coordinates": [
          [
            139.7674707,
            35.6800632
          ],
          [
            139.7675651,
            35.6800385
          ]
        ]
      }
    },
    {
      "type": "Feature",
      "properties": {
        "id": 1475635437,
        "highway": "footway",
        "name": "南通路",
        "access": null,
        "surface": null
      },
      "geometry": {
        "type": "LineString",
        "coordinates": [
          [
            139.7674707,
            35.6800632
          ],
          [
            139.7674962,
            35.6800706
          ],
          [
            139.7677017,
            35.6800164
          ],
          [
            139.7677175,
            35.6799985
          ]
        ]
      }
    },
    {
      "type": "Feature",
      "properties": {
        "id": 1475635438,
        "highway": "footway",
        "name": null,
        "access": null,
        "surface": null
      },
      "geometry": {
        "type": "LineString",
        "coordinates": [
          [
            139.7674707,
            35.6800632
          ],
          [
            139.7674603,
            35.6800357
          ],
          [
            139.7675086,
            35.6800226
          ]
        ]
      }
    },
    {
      "type": "Feature",
      "properties": {
        "id": 1475635439,
        "highway": "steps",
        "name": null,
        "access": null,
        "surface": null
      },
      "geometry": {
        "type": "LineString",
        "coordinates": [
          [
            139.7668936,
            35.681195
          ],
          [
            139.7669272,
            35.6811486
          ],
          [
            139.766841,
            35.6809145
          ]
        ]
      }
    },
    {
      "type": "Feature",
      "properties": {
        "id": 1475635440,
        "highway": "footway",
        "name": null,
        "access": null,
        "surface": "concrete"
      },
      "geometry": {
        "type": "LineString",
        "coordinates": [
          [
            139.7668909,
            35.6809021
          ],
          [
            139.766841,
            35.6809145
          ]
        ]
      }
    },
    {
      "type": "Feature",
      "properties": {
        "id": 1475635441,
        "highway": "steps",
        "name": null,
        "access": null,
        "surface": null
      },
      "geometry": {
        "type": "LineString",
        "coordinates": [
          [
            139.7668909,
            35.6809021
          ],
          [
            139.7670059,
            35.6808734
          ]
        ]
      }
    },
    {
      "type": "Feature",
      "properties": {
        "id": 1476322573,
        "highway": "footway",
        "name": "東京メトロ東京駅;1番線",
        "access": null,
        "surface": "asphalt"
      },
      "geometry": {
        "type": "LineString",
        "coordinates": [
          [
            139.7650039,
            35.6823784
          ],
          [
            139.7650292,
            35.6823672
          ],
          [
            139.7649968,
            35.6821173
          ],
          [
            139.7649683,
            35.6819192
          ],
          [
            139.7649487,
            35.6817575
          ],
          [
            139.7649202,
            35.6814528
          ]
        ]
      }
    },
    {
      "type": "Feature",
      "properties": {
        "id": 1476322574,
        "highway": "footway",
        "name": "東京メトロ東京駅;2番線",
        "access": null,
        "surface": "asphalt"
      },
      "geometry": {
        "type": "LineString",
        "coordinates": [
          [
            139.7648631,
            35.6814526
          ],
          [
            139.7648978,
            35.6817606
          ],
          [
            139.7649171,
            35.6819223
          ],
          [
            139.7649425,
            35.6821204
          ],
          [
            139.7649762,
            35.6823695
          ],
          [
            139.7650039,
            35.6823784
          ]
        ]
      }
    },
    {
      "type": "Feature",
      "properties": {
        "id": 1477848548,
        "highway": "footway",
        "name": null,
        "access": null,
        "surface": "concrete"
      },
      "geometry": {
        "type": "LineString",
        "coordinates": [
          [
            139.7685638,
            35.6803861
          ],
          [
            139.7678429,
            35.6791139
          ],
          [
            139.7677326,
            35.6789364
          ]
        ]
      }
    },
    {
      "type": "Feature",
      "properties": {
        "id": 1478764813,
        "highway": "footway",
        "name": "車椅子待合所",
        "access": null,
        "surface": null
      },
      "geometry": {
        "type": "LineString",
        "coordinates": [
          [
            139.7657367,
            35.6805187
          ],
          [
            139.76558,
            35.6804093
          ]
        ]
      }
    },
    {
      "type": "Feature",
      "properties": {
        "id": 1478764814,
        "highway": "footway",
        "name": "男子トイレ",
        "access": null,
        "surface": null
      },
      "geometry": {
        "type": "LineString",
        "coordinates": [
          [
            139.765851,
            35.6803598
          ],
          [
            139.76584,
            35.6803264
          ]
        ]
      }
    },
    {
      "type": "Feature",
      "properties": {
        "id": 1478764815,
        "highway": "footway",
        "name": "女子トイレ",
        "access": null,
        "surface": null
      },
      "geometry": {
        "type": "LineString",
        "coordinates": [
          [
            139.765851,
            35.6803598
          ],
          [
            139.7658968,
            35.6803518
          ]
        ]
      }
    },
    {
      "type": "Feature",
      "properties": {
        "id": 1478764816,
        "highway": "footway",
        "name": "多機能トイレ",
        "access": null,
        "surface": null
      },
      "geometry": {
        "type": "LineString",
        "coordinates": [
          [
            139.765851,
            35.6803598
          ],
          [
            139.7658694,
            35.6803367
          ]
        ]
      }
    },
    {
      "type": "Feature",
      "properties": {
        "id": 1481868810,
        "highway": "footway",
        "name": null,
        "access": null,
        "surface": null
      },
      "geometry": {
        "type": "LineString",
        "coordinates": [
          [
            139.7660366,
            35.6803906
          ],
          [
            139.766034,
            35.6803807
          ]
        ]
      }
    },
    {
      "type": "Feature",
      "properties": {
        "id": 1481868811,
        "highway": "steps",
        "name": null,
        "access": null,
        "surface": null
      },
      "geometry": {
        "type": "LineString",
        "coordinates": [
          [
            139.7662807,
            35.6812207
          ],
          [
            139.7662812,
            35.6812107
          ],
          [
            139.7661855,
            35.6809355
          ],
          [
            139.766177,
            35.6809276
          ]
        ]
      }
    },
    {
      "type": "Feature",
      "properties": {
        "id": 1481868812,
        "highway": "footway",
        "name": "東京駅;段差解消エレベーター",
        "access": null,
        "surface": null
      },
      "geometry": {
        "type": "LineString",
        "coordinates": [
          [
            139.7668256,
            35.6824849
          ],
          [
            139.7668143,
            35.682489
          ],
          [
            139.7668187,
            35.6825001
          ]
        ]
      }
    },
    {
      "type": "Feature",
      "properties": {
        "id": 1483682748,
        "highway": "steps",
        "name": null,
        "access": null,
        "surface": null
      },
      "geometry": {
        "type": "LineString",
        "coordinates": [
          [
            139.7658735,
            35.6777341
          ],
          [
            139.765844,
            35.6777228
          ],
          [
            139.7657925,
            35.67764
          ],
          [
            139.7657983,
            35.6776115
          ]
        ]
      }
    },
    {
      "type": "Feature",
      "properties": {
        "id": 1483682749,
        "highway": "steps",
        "name": null,
        "access": null,
        "surface": null
      },
      "geometry": {
        "type": "LineString",
        "coordinates": [
          [
            139.7657983,
            35.6776115
          ],
          [
            139.7657783,
            35.6776448
          ],
          [
            139.7658317,
            35.6777296
          ],
          [
            139.7658735,
            35.6777341
          ]
        ]
      }
    },
    {
      "type": "Feature",
      "properties": {
        "id": 1484425933,
        "highway": "footway",
        "name": "東京駅;八重洲南口",
        "access": null,
        "surface": null
      },
      "geometry": {
        "type": "LineString",
        "coordinates": [
          [
            139.7677175,
            35.6799985
          ],
          [
            139.7677872,
            35.6799802
          ],
          [
            139.7678622,
            35.67996
          ]
        ]
      }
    },
    {
      "type": "Feature",
      "properties": {
        "id": 1485371593,
        "highway": "footway",
        "name": "東京駅;京葉地下ホーム1番線",
        "access": null,
        "surface": null
      },
      "geometry": {
        "type": "LineString",
        "coordinates": [
          [
            139.7641849,
            35.6779114
          ],
          [
            139.7642524,
            35.6778975
          ],
          [
            139.7647334,
            35.6777949
          ],
          [
            139.7650116,
            35.6777357
          ],
          [
            139.7654079,
            35.6776586
          ],
          [
            139.7657963,
            35.6775767
          ],
          [
            139.7660086,
            35.6775316
          ],
          [
            139.7662804,
            35.6774753
          ],
          [
            139.7663333,
            35.6774644
          ]
        ]
      }
    },
    {
      "type": "Feature",
      "properties": {
        "id": 1485371594,
        "highway": "footway",
        "name": "東京駅;京葉地下ホーム2番線",
        "access": null,
        "surface": null
      },
      "geometry": {
        "type": "LineString",
        "coordinates": [
          [
            139.7663296,
            35.6774552
          ],
          [
            139.7662775,
            35.677466
          ],
          [
            139.7660049,
            35.6775212
          ],
          [
            139.7657927,
            35.6775638
          ],
          [
            139.765403,
            35.6776458
          ],
          [
            139.7650079,
            35.6777246
          ],
          [
            139.7647297,
            35.6777841
          ],
          [
            139.7642483,
            35.6778855
          ],
          [
            139.7641812,
            35.6778996
          ]
        ]
      }
    },
    {
      "type": "Feature",
      "properties": {
        "id": 1485371595,
        "highway": "footway",
        "name": "東京駅;京葉地下ホーム3番線",
        "access": null,
        "surface": null
      },
      "geometry": {
        "type": "LineString",
        "coordinates": [
          [
            139.7641631,
            35.677827
          ],
          [
            139.7642334,
            35.6778113
          ],
          [
            139.7647069,
            35.6777124
          ],
          [
            139.7649846,
            35.6776558
          ],
          [
            139.7653763,
            35.6775723
          ],
          [
            139.7657695,
            35.6774916
          ],
          [
            139.7659728,
            35.6774497
          ],
          [
            139.7662547,
            35.6773902
          ],
          [
            139.766301,
            35.6773797
          ]
        ]
      }
    },
    {
      "type": "Feature",
      "properties": {
        "id": 1485371596,
        "highway": "footway",
        "name": "東京駅;京葉地下ホーム4番線",
        "access": null,
        "surface": null
      },
      "geometry": {
        "type": "LineString",
        "coordinates": [
          [
            139.7662951,
            35.6773643
          ],
          [
            139.7662498,
            35.6773734
          ],
          [
            139.7659676,
            35.6774331
          ],
          [
            139.7657631,
            35.677475
          ],
          [
            139.7653715,
            35.6775586
          ],
          [
            139.7649796,
            35.6776409
          ],
          [
            139.7647027,
            35.6777003
          ],
          [
            139.7642305,
            35.6778007
          ],
          [
            139.7641595,
            35.6778157
          ]
        ]
      }
    },
    {
      "type": "Feature",
      "properties": {
        "id": 1485371597,
        "highway": "footway",
        "name": "東京駅",
        "access": null,
        "surface": null
      },
      "geometry": {
        "type": "LineString",
        "coordinates": [
          [
            139.7647419,
            35.680762
          ],
          [
            139.7647464,
            35.6807674
          ],
          [
            139.764736,
            35.6807703
          ],
          [
            139.7647385,
            35.6807771
          ]
        ]
      }
    },
    {
      "type": "Feature",
      "properties": {
        "id": 1485371598,
        "highway": "footway",
        "name": null,
        "access": null,
        "surface": "paving_stones"
      },
      "geometry": {
        "type": "LineString",
        "coordinates": [
          [
            139.7661595,
            35.6776326
          ],
          [
            139.7659214,
            35.6773522
          ],
          [
            139.7656787,
            35.6774054
          ],
          [
            139.7656549,
            35.6774107
          ],
          [
            139.7656215,
            35.677418
          ]
        ]
      }
    }
  ]
}
