{
  "type": "FeatureCollection",
  "metadata": {
    "source": "PLATEAU CityGML v4",
    "generatedAt": "2026-03-09T04:12:37.905Z",
    "bbox": {
      "south": 35.676,
      "west": 139.757,
      "north": 35.6838,
      "east": 139.7678
    },
    "count": 227,
    "meshFiles": [
      "udx/bldg/53394610_bldg_6697_op.gml",
      "udx/bldg/53394611_bldg_6697_op.gml",
      "udx/bldg/53394620_bldg_6697_op.gml",
      "udx/bldg/53394621_bldg_6697_op.gml"
    ],
    "archivePath": "/home/kbushi/workspace/katsuobushiFPGA.github.io/shade-route/data-cache/chiyoda-citygml-v4.zip"
  },
  "features": [
    {
      "type": "Feature",
      "properties": {
        "id": "bldg_dd8c13be-547e-4d34-a795-83eb3a8b8ebc",
        "measuredHeight": 6.4,
        "storeysAboveGround": 1,
        "meshCode": "53394610",
        "centroid": [
          139.75974438327006,
          35.68324245161416
        ]
      },
      "geometry": {
        "type": "Polygon",
        "coordinates": [
          [
            [
              139.75980567219105,
              35.68324251160795
            ],
            [
              139.75969130249283,
              35.68326704914192
            ],
            [
              139.75968359065743,
              35.68324333835978
            ],
            [
              139.7597969677389,
              35.68321690734702
            ],
            [
              139.75980567219105,
              35.68324251160795
            ]
          ]
        ]
      }
    },
    {
      "type": "Feature",
      "properties": {
        "id": "bldg_1a3f5ef0-7f96-4a76-829c-9a93d9468e65",
        "measuredHeight": 11.9,
        "storeysAboveGround": 1,
        "meshCode": "53394610",
        "centroid": [
          139.76126487238537,
          35.6830795409639
        ]
      },
      "geometry": {
        "type": "Polygon",
        "coordinates": [
          [
            [
              139.76140624910022,
              35.683188765234114
            ],
            [
              139.7612656933933,
              35.683216353279626
            ],
            [
              139.7612245876054,
              35.683224260734434
            ],
            [
              139.76119242822867,
              35.68311220101516
            ],
            [
              139.7611253551941,
              35.68312505041613
            ],
            [
              139.76105729203573,
              35.68288821932664
            ],
            [
              139.76126513881084,
              35.682850215913774
            ],
            [
              139.76129158175226,
              35.68293054392683
            ],
            [
              139.76131086282868,
              35.68298941501113
            ],
            [
              139.7613727833912,
              35.68317783864341
            ],
            [
              139.76140162389902,
              35.68317208710161
            ],
            [
              139.76140624910022,
              35.683188765234114
            ]
          ]
        ]
      }
    },
    {
      "type": "Feature",
      "properties": {
        "id": "bldg_d74ca478-2451-410c-b4a0-65e93fa43018",
        "measuredHeight": -9999,
        "storeysAboveGround": 9999,
        "meshCode": "53394610",
        "centroid": [
          139.76235945090053,
          35.68041284524331
        ]
      },
      "geometry": {
        "type": "Polygon",
        "coordinates": [
          [
            [
              139.76238474619646,
              35.68042338817559
            ],
            [
              139.76234338726474,
              35.680431962882864
            ],
            [
              139.7623341556118,
              35.68040230230945
            ],
            [
              139.7623755145292,
              35.680393727605335
            ],
            [
              139.76238474619646,
              35.68042338817559
            ]
          ]
        ]
      }
    },
    {
      "type": "Feature",
      "properties": {
        "id": "bldg_d2099cac-28c7-4471-a144-ba6a53a0198d",
        "measuredHeight": 9.1,
        "storeysAboveGround": 1,
        "meshCode": "53394610",
        "centroid": [
          139.7585650917189,
          35.67681429069056
        ]
      },
      "geometry": {
        "type": "Polygon",
        "coordinates": [
          [
            [
              139.75878673209948,
              35.67680690184689
            ],
            [
              139.75836564440363,
              35.676893442546366
            ],
            [
              139.7583433962793,
              35.676821679461824
            ],
            [
              139.75876459409324,
              35.67673513890716
            ],
            [
              139.75878673209948,
              35.67680690184689
            ]
          ]
        ]
      }
    },
    {
      "type": "Feature",
      "properties": {
        "id": "bldg_5448beba-2eae-42b0-b161-bdffe8bf244f",
        "measuredHeight": 148.4,
        "storeysAboveGround": 30,
        "meshCode": "53394610",
        "centroid": [
          139.7620950670171,
          35.6791044465907
        ]
      },
      "geometry": {
        "type": "Polygon",
        "coordinates": [
          [
            [
              139.76204599719085,
              35.67938688993307
            ],
            [
              139.76177903348375,
              35.67858342889941
            ],
            [
              139.76215029905737,
              35.678500993155666
            ],
            [
              139.76216737695086,
              35.678552291318546
            ],
            [
              139.76220848128918,
              35.678543211749805
            ],
            [
              139.7624918654769,
              35.679396978052864
            ],
            [
              139.76244810885433,
              35.67940659697845
            ],
            [
              139.762477637744,
              35.67949530935222
            ],
            [
              139.76162250122158,
              35.679684361566835
            ],
            [
              139.7615593689023,
              35.679494404900126
            ],
            [
              139.76204599719085,
              35.67938688993307
            ]
          ]
        ]
      }
    },
    {
      "type": "Feature",
      "properties": {
        "id": "bldg_940ab637-3ddd-4fc6-9d61-890e2e34238d",
        "measuredHeight": 32.9,
        "storeysAboveGround": 8,
        "meshCode": "53394610",
        "centroid": [
          139.76155146610134,
          35.67907977791792
        ]
      },
      "geometry": {
        "type": "Polygon",
        "coordinates": [
          [
            [
              139.7617368709556,
              35.67854031825324
            ],
            [
              139.76197130418905,
              35.679276157217394
            ],
            [
              139.76170069892729,
              35.679334675834475
            ],
            [
              139.7617209704973,
              35.679397152964796
            ],
            [
              139.76153412097068,
              35.679437603418926
            ],
            [
              139.76151462068015,
              35.679377560421784
            ],
            [
              139.76150158213147,
              35.679380346896416
            ],
            [
              139.76128234281,
              35.67870626010688
            ],
            [
              139.7612863206042,
              35.67870545125244
            ],
            [
              139.76126582924758,
              35.67864225281289
            ],
            [
              139.7617368709556,
              35.67854031825324
            ]
          ]
        ]
      }
    },
    {
      "type": "Feature",
      "properties": {
        "id": "bldg_40fc5911-114d-4e0a-9ac5-b3466c417c07",
        "measuredHeight": 5.5,
        "storeysAboveGround": 9999,
        "meshCode": "53394610",
        "centroid": [
          139.75881821417326,
          35.67674995460665
        ]
      },
      "geometry": {
        "type": "Polygon",
        "coordinates": [
          [
            [
              139.75884420336294,
              35.67677881460156
            ],
            [
              139.75881304415336,
              35.67678555561247
            ],
            [
              139.75879222499526,
              35.67672109460909
            ],
            [
              139.7588233841815,
              35.676714353603465
            ],
            [
              139.75884420336294,
              35.67677881460156
            ]
          ]
        ]
      }
    },
    {
      "type": "Feature",
      "properties": {
        "id": "bldg_fb375c04-254e-4c23-ad92-17f377a5d4f3",
        "measuredHeight": 48.8,
        "storeysAboveGround": 11,
        "meshCode": "53394610",
        "centroid": [
          139.7621336216465,
          35.68054208105946
        ]
      },
      "geometry": {
        "type": "Polygon",
        "coordinates": [
          [
            [
              139.76241331109483,
              35.68065299339334
            ],
            [
              139.76196181350875,
              35.68075349994958
            ],
            [
              139.76185398823722,
              35.68043121362824
            ],
            [
              139.76230537374528,
              35.68033061726667
            ],
            [
              139.76241331109483,
              35.68065299339334
            ]
          ]
        ]
      }
    },
    {
      "type": "Feature",
      "properties": {
        "id": "bldg_1adb9284-26aa-4b48-9451-c438fd390c33",
        "measuredHeight": 5.3,
        "storeysAboveGround": 1,
        "meshCode": "53394610",
        "centroid": [
          139.75911671030855,
          35.67719475208269
        ]
      },
      "geometry": {
        "type": "Polygon",
        "coordinates": [
          [
            [
              139.7591481836722,
              35.67717695811469
            ],
            [
              139.75911613313014,
              35.677191720866844
            ],
            [
              139.75916081446056,
              35.677256376786055
            ],
            [
              139.75912544764154,
              35.677273390927965
            ],
            [
              139.75905914272494,
              35.67717753418088
            ],
            [
              139.75909495090235,
              35.67716106115358
            ],
            [
              139.75909936385122,
              35.67716746361703
            ],
            [
              139.75912964608563,
              35.677153511014474
            ],
            [
              139.7591481836722,
              35.67717695811469
            ]
          ]
        ]
      }
    },
    {
      "type": "Feature",
      "properties": {
        "id": "bldg_75639f85-8581-4eaf-9bac-48b3e77d9126",
        "measuredHeight": 4.3,
        "storeysAboveGround": 1,
        "meshCode": "53394610",
        "centroid": [
          139.75849605119348,
          35.67701705667983
        ]
      },
      "geometry": {
        "type": "Polygon",
        "coordinates": [
          [
            [
              139.7586199679863,
              35.676992661435904
            ],
            [
              139.75860066767973,
              35.67707656721097
            ],
            [
              139.75837213428534,
              35.67704145190556
            ],
            [
              139.75839143482258,
              35.67695754616689
            ],
            [
              139.7586199679863,
              35.676992661435904
            ]
          ]
        ]
      }
    },
    {
      "type": "Feature",
      "properties": {
        "id": "bldg_1ae546f0-2c4b-4a21-99ce-28b9a3a2526a",
        "measuredHeight": 11.3,
        "storeysAboveGround": 2,
        "meshCode": "53394610",
        "centroid": [
          139.7590646451321,
          35.67690233357818
        ]
      },
      "geometry": {
        "type": "Polygon",
        "coordinates": [
          [
            [
              139.75922352558192,
              35.67693796060134
            ],
            [
              139.7590779824847,
              35.67699402641984
            ],
            [
              139.75903871739808,
              35.676926219006546
            ],
            [
              139.7589906449612,
              35.67694484773929
            ],
            [
              139.75893163736623,
              35.67684277595394
            ],
            [
              139.7591253630005,
              35.6767681717481
            ],
            [
              139.75922352558192,
              35.67693796060134
            ]
          ]
        ]
      }
    },
    {
      "type": "Feature",
      "properties": {
        "id": "bldg_be2612bb-fec9-4e5f-8855-30f080c0ad44",
        "measuredHeight": 5,
        "storeysAboveGround": 1,
        "meshCode": "53394610",
        "centroid": [
          139.7582199329295,
          35.676892855970124
        ]
      },
      "geometry": {
        "type": "Polygon",
        "coordinates": [
          [
            [
              139.75827758653207,
              35.6769062773092
            ],
            [
              139.75819404123658,
              35.67693696199383
            ],
            [
              139.75816227935087,
              35.6768794346202
            ],
            [
              139.75824582459853,
              35.67684874995726
            ],
            [
              139.75827758653207,
              35.6769062773092
            ]
          ]
        ]
      }
    },
    {
      "type": "Feature",
      "properties": {
        "id": "bldg_f361d0ab-bd48-42ba-a33e-7f889f4044b3",
        "measuredHeight": 9.5,
        "storeysAboveGround": 1,
        "meshCode": "53394610",
        "centroid": [
          139.75950655084029,
          35.67926521797648
        ]
      },
      "geometry": {
        "type": "Polygon",
        "coordinates": [
          [
            [
              139.75957075622284,
              35.67931905796746
            ],
            [
              139.7595084293024,
              35.67933975132029
            ],
            [
              139.75946994458522,
              35.67926266042131
            ],
            [
              139.75947701713125,
              35.67926032119308
            ],
            [
              139.75946312306098,
              35.67923237014091
            ],
            [
              139.75950776855794,
              35.6792175248881
            ],
            [
              139.75952243480248,
              35.67924673832919
            ],
            [
              139.75953293305923,
              35.67924331955145
            ],
            [
              139.75957075622284,
              35.67931905796746
            ]
          ]
        ]
      }
    },
    {
      "type": "Feature",
      "properties": {
        "id": "bldg_75f3d534-a420-48d1-a118-7de4019b36a7",
        "measuredHeight": 6.6,
        "storeysAboveGround": 9999,
        "meshCode": "53394610",
        "centroid": [
          139.76214470046475,
          35.67980429251098
        ]
      },
      "geometry": {
        "type": "Polygon",
        "coordinates": [
          [
            [
              139.7621566319769,
              35.679766802500076
            ],
            [
              139.76217859239094,
              35.679831416798756
            ],
            [
              139.76213276893552,
              35.67984178252598
            ],
            [
              139.76211080855558,
              35.67977716821911
            ],
            [
              139.7621566319769,
              35.679766802500076
            ]
          ]
        ]
      }
    },
    {
      "type": "Feature",
      "properties": {
        "id": "bldg_9793a465-1438-476b-80f4-330c909bf483",
        "measuredHeight": -9999,
        "storeysAboveGround": 1,
        "meshCode": "53394610",
        "centroid": [
          139.7591836792176,
          35.67714014388162
        ]
      },
      "geometry": {
        "type": "Polygon",
        "coordinates": [
          [
            [
              139.7591481836722,
              35.67717695811469
            ],
            [
              139.75912964608563,
              35.677153511014474
            ],
            [
              139.75910272249902,
              35.677119422549566
            ],
            [
              139.75923966367372,
              35.67704748725842
            ],
            [
              139.75930940031915,
              35.67713577449164
            ],
            [
              139.75917245905592,
              35.67720770986094
            ],
            [
              139.7591481836722,
              35.67717695811469
            ]
          ]
        ]
      }
    },
    {
      "type": "Feature",
      "properties": {
        "id": "bldg_96562cc2-3768-4ced-86c9-d1f1aafd560d",
        "measuredHeight": 6.2,
        "storeysAboveGround": 1,
        "meshCode": "53394610",
        "centroid": [
          139.75861043166535,
          35.678127190077845
        ]
      },
      "geometry": {
        "type": "Polygon",
        "coordinates": [
          [
            [
              139.7586750144887,
              35.67814482943997
            ],
            [
              139.75859223649115,
              35.67818074282753
            ],
            [
              139.75854579358983,
              35.6781095957343
            ],
            [
              139.7586286820917,
              35.67807359230956
            ],
            [
              139.7586750144887,
              35.67814482943997
            ]
          ]
        ]
      }
    },
    {
      "type": "Feature",
      "properties": {
        "id": "bldg_9b046b14-8008-4383-9b27-82b7eacf0eb0",
        "measuredHeight": 5,
        "storeysAboveGround": 9999,
        "meshCode": "53394610",
        "centroid": [
          139.75885906888118,
          35.6767414393818
        ]
      },
      "geometry": {
        "type": "Polygon",
        "coordinates": [
          [
            [
              139.75888287604263,
              35.676770545895806
            ],
            [
              139.75885867737284,
              35.67677638985009
            ],
            [
              139.75883531692224,
              35.67671237796823
            ],
            [
              139.75885940518694,
              35.67670644381309
            ],
            [
              139.75888287604263,
              35.676770545895806
            ]
          ]
        ]
      }
    },
    {
      "type": "Feature",
      "properties": {
        "id": "bldg_7b371833-5386-4dfd-b645-0b8822c092d4",
        "measuredHeight": 8,
        "storeysAboveGround": 1,
        "meshCode": "53394610",
        "centroid": [
          139.7600764276668,
          35.679167891152474
        ]
      },
      "geometry": {
        "type": "Polygon",
        "coordinates": [
          [
            [
              139.7601096656757,
              35.679184181136996
            ],
            [
              139.76005960943766,
              35.67919640934193
            ],
            [
              139.76004318967063,
              35.67915160116457
            ],
            [
              139.7600932458832,
              35.67913937296639
            ],
            [
              139.7601096656757,
              35.679184181136996
            ]
          ]
        ]
      }
    },
    {
      "type": "Feature",
      "properties": {
        "id": "bldg_a3fb950d-77c7-4725-900f-8216ee6acadf",
        "measuredHeight": 43.3,
        "storeysAboveGround": 9,
        "meshCode": "53394610",
        "centroid": [
          139.76112087323227,
          35.67675739575937
        ]
      },
      "geometry": {
        "type": "Polygon",
        "coordinates": [
          [
            [
              139.7617510981066,
              35.67708271786466
            ],
            [
              139.760780738724,
              35.67729882693571
            ],
            [
              139.76049065321723,
              35.67643207250642
            ],
            [
              139.76146100288128,
              35.676215965730684
            ],
            [
              139.7617510981066,
              35.67708271786466
            ]
          ]
        ]
      }
    },
    {
      "type": "Feature",
      "properties": {
        "id": "bldg_65eb73f6-4028-4cbf-ae48-64a3df048250",
        "measuredHeight": 6.6,
        "storeysAboveGround": 1,
        "meshCode": "53394610",
        "centroid": [
          139.76135403508684,
          35.683263728098865
        ]
      },
      "geometry": {
        "type": "Polygon",
        "coordinates": [
          [
            [
              139.76140624910022,
              35.683188765234114
            ],
            [
              139.76144237688155,
              35.68331110289742
            ],
            [
              139.76130182097234,
              35.68333869098431
            ],
            [
              139.7612656933933,
              35.683216353279626
            ],
            [
              139.76140624910022,
              35.683188765234114
            ]
          ]
        ]
      }
    },
    {
      "type": "Feature",
      "properties": {
        "id": "bldg_53b9d56a-12ac-47da-a279-a724de09f367",
        "measuredHeight": 8.1,
        "storeysAboveGround": 1,
        "meshCode": "53394610",
        "centroid": [
          139.7592732745213,
          35.67737682415471
        ]
      },
      "geometry": {
        "type": "Polygon",
        "coordinates": [
          [
            [
              139.75912544764154,
              35.677273390927965
            ],
            [
              139.75916081446056,
              35.677256376786055
            ],
            [
              139.7592797354867,
              35.67719894244105
            ],
            [
              139.75956130259388,
              35.67758733627922
            ],
            [
              139.7593969567666,
              35.677666646355384
            ],
            [
              139.75911539017852,
              35.67727825213863
            ],
            [
              139.75912544764154,
              35.677273390927965
            ]
          ]
        ]
      }
    },
    {
      "type": "Feature",
      "properties": {
        "id": "bldg_04cad586-3f33-415d-99d8-ba3725890aa4",
        "measuredHeight": 6.8,
        "storeysAboveGround": 9999,
        "meshCode": "53394610",
        "centroid": [
          139.76241857940107,
          35.68058906445355
        ]
      },
      "geometry": {
        "type": "Polygon",
        "coordinates": [
          [
            [
              139.7624333481135,
              35.680569493106304
            ],
            [
              139.7624435404668,
              35.68059972210113
            ],
            [
              139.7624038051619,
              35.68060863129232
            ],
            [
              139.76239362386218,
              35.68057841131442
            ],
            [
              139.7624333481135,
              35.680569493106304
            ]
          ]
        ]
      }
    },
    {
      "type": "Feature",
      "properties": {
        "id": "bldg_7ce665ad-782f-4590-817e-0fe2c9013080",
        "measuredHeight": 3.8,
        "storeysAboveGround": 1,
        "meshCode": "53394610",
        "centroid": [
          139.759596243837,
          35.67809304995801
        ]
      },
      "geometry": {
        "type": "Polygon",
        "coordinates": [
          [
            [
              139.75964640750246,
              35.67814353497557
            ],
            [
              139.75958375648221,
              35.678157287608805
            ],
            [
              139.75954608025464,
              35.678042519862274
            ],
            [
              139.75960873110864,
              35.678028857385385
            ],
            [
              139.75964640750246,
              35.67814353497557
            ]
          ]
        ]
      }
    },
    {
      "type": "Feature",
      "properties": {
        "id": "bldg_c85b96e3-0215-4a84-88c9-c2912c7764cc",
        "measuredHeight": -9999,
        "storeysAboveGround": 9999,
        "meshCode": "53394610",
        "centroid": [
          139.75808478867586,
          35.676932792496835
        ]
      },
      "geometry": {
        "type": "Polygon",
        "coordinates": [
          [
            [
              139.75817570193996,
              35.676938032194315
            ],
            [
              139.7580293869274,
              35.676991842832436
            ],
            [
              139.75799387545857,
              35.67692755277811
            ],
            [
              139.7581401903775,
              35.67687374218247
            ],
            [
              139.75817570193996,
              35.676938032194315
            ]
          ]
        ]
      }
    },
    {
      "type": "Feature",
      "properties": {
        "id": "bldg_3ec997d2-a7db-4729-aeed-56515ba1ab03",
        "measuredHeight": 5.1,
        "storeysAboveGround": 1,
        "meshCode": "53394610",
        "centroid": [
          139.7585270073659,
          35.683205443703336
        ]
      },
      "geometry": {
        "type": "Polygon",
        "coordinates": [
          [
            [
              139.75860220619106,
              35.68324645774352
            ],
            [
              139.75848993356308,
              35.68327279818024
            ],
            [
              139.75845180861046,
              35.68316442964568
            ],
            [
              139.758564081099,
              35.6831380892439
            ],
            [
              139.75860220619106,
              35.68324645774352
            ]
          ]
        ]
      }
    },
    {
      "type": "Feature",
      "properties": {
        "id": "bldg_cdecd10f-8296-42c6-9579-d86f168ffdb4",
        "measuredHeight": -9999,
        "storeysAboveGround": 9999,
        "meshCode": "53394610",
        "centroid": [
          139.75912421774967,
          35.6770506160309
        ]
      },
      "geometry": {
        "type": "Polygon",
        "coordinates": [
          [
            [
              139.75914364763418,
              35.67706482461783
            ],
            [
              139.75912718091675,
              35.67707175503634
            ],
            [
              139.7591047878678,
              35.677036407442465
            ],
            [
              139.75912125457987,
              35.67702947702695
            ],
            [
              139.75914364763418,
              35.67706482461783
            ]
          ]
        ]
      }
    },
    {
      "type": "Feature",
      "properties": {
        "id": "bldg_7ab03aca-87fb-4b1c-9a44-9b1ce82306b5",
        "measuredHeight": -9999,
        "storeysAboveGround": 9999,
        "meshCode": "53394610",
        "centroid": [
          139.76002313778446,
          35.68205112139478
        ]
      },
      "geometry": {
        "type": "Polygon",
        "coordinates": [
          [
            [
              139.7600476968579,
              35.68207565365163
            ],
            [
              139.76002073354886,
              35.68208275807059
            ],
            [
              139.7599985787195,
              35.682026589135496
            ],
            [
              139.7600255420116,
              35.68201948472141
            ],
            [
              139.7600476968579,
              35.68207565365163
            ]
          ]
        ]
      }
    },
    {
      "type": "Feature",
      "properties": {
        "id": "bldg_84da57c0-cf68-488d-a650-a45277dc6c57",
        "measuredHeight": 49.5,
        "storeysAboveGround": 11,
        "meshCode": "53394610",
        "centroid": [
          139.76197916657142,
          35.680102345541016
        ]
      },
      "geometry": {
        "type": "Polygon",
        "coordinates": [
          [
            [
              139.76185232386206,
              35.68042693112438
            ],
            [
              139.7616703894102,
              35.67987295706441
            ],
            [
              139.7621009968407,
              35.67977883896622
            ],
            [
              139.76229295617273,
              35.68033065500906
            ],
            [
              139.76185232386206,
              35.68042693112438
            ]
          ]
        ]
      }
    },
    {
      "type": "Feature",
      "properties": {
        "id": "bldg_4d25ad5e-ccf3-443c-8fce-c9657f8263ad",
        "measuredHeight": -9999,
        "storeysAboveGround": 9999,
        "meshCode": "53394610",
        "centroid": [
          139.75916094166564,
          35.67702936627447
        ]
      },
      "geometry": {
        "type": "Polygon",
        "coordinates": [
          [
            [
              139.75918499709056,
              35.67702915574952
            ],
            [
              139.75914653816952,
              35.677045086347434
            ],
            [
              139.75913683100765,
              35.67702957676386
            ],
            [
              139.75917540039487,
              35.67701364623705
            ],
            [
              139.75918499709056,
              35.67702915574952
            ]
          ]
        ]
      }
    },
    {
      "type": "Feature",
      "properties": {
        "id": "bldg_e0f5dff9-af1c-46a9-8c2c-61f3c0c159c3",
        "measuredHeight": 6.2,
        "storeysAboveGround": 0,
        "meshCode": "53394610",
        "centroid": [
          139.76202790535626,
          35.68261716982883
        ]
      },
      "geometry": {
        "type": "Polygon",
        "coordinates": [
          [
            [
              139.76204554806938,
              35.68262434618
            ],
            [
              139.7620182535543,
              35.682631180438165
            ],
            [
              139.76201020732648,
              35.68261008358111
            ],
            [
              139.76203761247484,
              35.68260306911603
            ],
            [
              139.76204554806938,
              35.68262434618
            ]
          ]
        ]
      }
    },
    {
      "type": "Feature",
      "properties": {
        "id": "bldg_39bebf14-baf1-44d3-a45a-f83f590af963",
        "measuredHeight": 148.6,
        "storeysAboveGround": 30,
        "meshCode": "53394610",
        "centroid": [
          139.76146793139495,
          35.6777695560168
        ]
      },
      "geometry": {
        "type": "Polygon",
        "coordinates": [
          [
            [
              139.76208075430293,
              35.67809256738757
            ],
            [
              139.7611477274662,
              35.67830441994357
            ],
            [
              139.76085511861262,
              35.67744655254975
            ],
            [
              139.76178812519802,
              35.6772346841863
            ],
            [
              139.76208075430293,
              35.67809256738757
            ]
          ]
        ]
      }
    },
    {
      "type": "Feature",
      "properties": {
        "id": "bldg_0b4da33e-418a-4c19-9641-863d4ef6bd14",
        "measuredHeight": -9999,
        "storeysAboveGround": 9999,
        "meshCode": "53394610",
        "centroid": [
          139.76033173199934,
          35.67614752793507
        ]
      },
      "geometry": {
        "type": "Polygon",
        "coordinates": [
          [
            [
              139.7603305564913,
              35.676179780579496
            ],
            [
              139.76031169864422,
              35.67611971070431
            ],
            [
              139.76033290198052,
              35.67611527078207
            ],
            [
              139.76035177088133,
              35.67617534967441
            ],
            [
              139.7603305564913,
              35.676179780579496
            ]
          ]
        ]
      }
    },
    {
      "type": "Feature",
      "properties": {
        "id": "bldg_f71c7d3f-ec7b-4fb4-afc6-be77a03ae3f5",
        "measuredHeight": 5.1,
        "storeysAboveGround": 9999,
        "meshCode": "53394610",
        "centroid": [
          139.75923725728362,
          35.67750976945433
        ]
      },
      "geometry": {
        "type": "Polygon",
        "coordinates": [
          [
            [
              139.75911539017852,
              35.67727825213863
            ],
            [
              139.7593969567666,
              35.677666646355384
            ],
            [
              139.75942166530788,
              35.677707133133886
            ],
            [
              139.75939061093663,
              35.677719643138936
            ],
            [
              139.7593469309042,
              35.67764687557591
            ],
            [
              139.75928216361797,
              35.677560123760664
            ],
            [
              139.75925447010542,
              35.67752215895815
            ],
            [
              139.75920657485213,
              35.67746831756357
            ],
            [
              139.75917875834327,
              35.67744396338691
            ],
            [
              139.7591364810002,
              35.67740770218083
            ],
            [
              139.75908757778572,
              35.67736882289482
            ],
            [
              139.75902950760477,
              35.677327594364286
            ],
            [
              139.75911539017852,
              35.67727825213863
            ]
          ]
        ]
      }
    },
    {
      "type": "Feature",
      "properties": {
        "id": "bldg_6d5ec2ed-d036-4a2f-9f37-746e0b82f82e",
        "measuredHeight": 6.7,
        "storeysAboveGround": 1,
        "meshCode": "53394610",
        "centroid": [
          139.75883923480063,
          35.67697806881111
        ]
      },
      "geometry": {
        "type": "Polygon",
        "coordinates": [
          [
            [
              139.75906087683256,
              35.67697517718983
            ],
            [
              139.75899313017584,
              35.67712395193267
            ],
            [
              139.7586371797263,
              35.677016107792596
            ],
            [
              139.75867138541497,
              35.676941044702275
            ],
            [
              139.7587733220166,
              35.67697193479962
            ],
            [
              139.7587961257745,
              35.676921832622874
            ],
            [
              139.7588679121093,
              35.67694360011218
            ],
            [
              139.7588506431125,
              35.67698171747578
            ],
            [
              139.75885682784966,
              35.676983524045994
            ],
            [
              139.75888494499387,
              35.67692179743728
            ],
            [
              139.75906087683256,
              35.67697517718983
            ]
          ]
        ]
      }
    },
    {
      "type": "Feature",
      "properties": {
        "id": "bldg_a2c0d075-65fa-401c-8e01-4a50402faafe",
        "measuredHeight": -9999,
        "storeysAboveGround": 9999,
        "meshCode": "53394610",
        "centroid": [
          139.7622522297573,
          35.68006622407896
        ]
      },
      "geometry": {
        "type": "Polygon",
        "coordinates": [
          [
            [
              139.76225041684674,
              35.68000102528815
            ],
            [
              139.7622708218958,
              35.680063150863134
            ],
            [
              139.76226409260275,
              35.6800646251409
            ],
            [
              139.7622835831889,
              35.68012397394821
            ],
            [
              139.7622421797868,
              35.68013302632202
            ],
            [
              139.76220228422272,
              35.68001154291139
            ],
            [
              139.76225041684674,
              35.68000102528815
            ]
          ]
        ]
      }
    },
    {
      "type": "Feature",
      "properties": {
        "id": "bldg_2a788854-5aa1-4ec2-b5c2-a8039c536e98",
        "measuredHeight": -9999,
        "storeysAboveGround": 9999,
        "meshCode": "53394610",
        "centroid": [
          139.75908997005246,
          35.67705217231877
        ]
      },
      "geometry": {
        "type": "Polygon",
        "coordinates": [
          [
            [
              139.75911402976868,
              35.67707715516368
            ],
            [
              139.75909789521288,
              35.67708327454793
            ],
            [
              139.75906591034067,
              35.67702718947176
            ],
            [
              139.75908204488763,
              35.677021070091705
            ],
            [
              139.75911402976868,
              35.67707715516368
            ]
          ]
        ]
      }
    },
    {
      "type": "Feature",
      "properties": {
        "id": "bldg_c18c40a7-fd39-40f9-a503-09e3a56215ff",
        "measuredHeight": 113.3,
        "storeysAboveGround": 24,
        "meshCode": "53394610",
        "centroid": [
          139.76118206338145,
          35.67578662165481
        ]
      },
      "geometry": {
        "type": "Polygon",
        "coordinates": [
          [
            [
              139.76122654767798,
              35.6754582490831
            ],
            [
              139.7612597097937,
              35.67555750103202
            ],
            [
              139.7612703833128,
              35.675555118783585
            ],
            [
              139.76138595563705,
              35.675900999429246
            ],
            [
              139.76137561355858,
              35.67590330076232
            ],
            [
              139.76141002101642,
              35.67600627607484
            ],
            [
              139.7614290367562,
              35.67600205098208
            ],
            [
              139.76143378533308,
              35.676016205364206
            ],
            [
              139.76142537891562,
              35.676028098459476
            ],
            [
              139.7604362483908,
              35.67624752866469
            ],
            [
              139.76023970605553,
              35.67565818238335
            ],
            [
              139.76123424406336,
              35.675437404946805
            ],
            [
              139.76124019344795,
              35.675455165546744
            ],
            [
              139.76122654767798,
              35.6754582490831
            ]
          ]
        ]
      }
    },
    {
      "type": "Feature",
      "properties": {
        "id": "bldg_38dd71f2-d5dc-4107-906f-e1cd6ad9db3a",
        "measuredHeight": -9999,
        "storeysAboveGround": 9999,
        "meshCode": "53394610",
        "centroid": [
          139.7587590309007,
          35.67692615877323
        ]
      },
      "geometry": {
        "type": "Polygon",
        "coordinates": [
          [
            [
              139.75877989500609,
              35.676912628577234
            ],
            [
              139.75876616441946,
              35.67694714263092
            ],
            [
              139.75873811159616,
              35.67693964386482
            ],
            [
              139.75875195258124,
              35.67690522001992
            ],
            [
              139.75877989500609,
              35.676912628577234
            ]
          ]
        ]
      }
    },
    {
      "type": "Feature",
      "properties": {
        "id": "bldg_0e7cc842-260b-4768-8271-d3cdbc3a5c86",
        "measuredHeight": 6.3,
        "storeysAboveGround": 0,
        "meshCode": "53394610",
        "centroid": [
          139.76180922615475,
          35.68195054353528
        ]
      },
      "geometry": {
        "type": "Polygon",
        "coordinates": [
          [
            [
              139.76182518509066,
              35.68195638939611
            ],
            [
              139.76179866526044,
              35.6819619621454
            ],
            [
              139.7617932672617,
              35.681944652605296
            ],
            [
              139.76181978700612,
              35.68193916999432
            ],
            [
              139.76182518509066,
              35.68195638939611
            ]
          ]
        ]
      }
    },
    {
      "type": "Feature",
      "properties": {
        "id": "bldg_eaa315b5-eaa8-42a9-9dde-c931a046f138",
        "measuredHeight": 6.9,
        "storeysAboveGround": 9999,
        "meshCode": "53394610",
        "centroid": [
          139.75686317460162,
          35.675946344056996
        ]
      },
      "geometry": {
        "type": "Polygon",
        "coordinates": [
          [
            [
              139.75673379351406,
              35.67604719865123
            ],
            [
              139.75670820273453,
              35.6760070712986
            ],
            [
              139.7568148499348,
              35.67596170995412
            ],
            [
              139.75681772594655,
              35.67595774574343
            ],
            [
              139.75682237034192,
              35.67595288128402
            ],
            [
              139.756827787426,
              35.67594864827603
            ],
            [
              139.75683397719888,
              35.67594504671943
            ],
            [
              139.75684071854806,
              35.67594225674803
            ],
            [
              139.7568476800632,
              35.6759402781512
            ],
            [
              139.756854640718,
              35.67593920092583
            ],
            [
              139.7568614902145,
              35.67593884472732
            ],
            [
              139.75686789714229,
              35.67593920934527
            ],
            [
              139.75697343894555,
              35.67589438798113
            ],
            [
              139.7569808294556,
              35.675905930234215
            ],
            [
              139.75700359549162,
              35.67589629998427
            ],
            [
              139.7570217959499,
              35.6759247948878
            ],
            [
              139.75673379351406,
              35.67604719865123
            ]
          ]
        ]
      }
    },
    {
      "type": "Feature",
      "properties": {
        "id": "bldg_85148592-827c-4ef7-aadd-6f00fa4486c9",
        "measuredHeight": 42.5,
        "storeysAboveGround": 9,
        "meshCode": "53394610",
        "centroid": [
          139.76227128274874,
          35.67655711089865
        ]
      },
      "geometry": {
        "type": "Polygon",
        "coordinates": [
          [
            [
              139.7626312246695,
              35.67595850552493
            ],
            [
              139.76277004274542,
              35.67638394457938
            ],
            [
              139.76220004528102,
              35.67650936864935
            ],
            [
              139.76227162628962,
              35.67672599265281
            ],
            [
              139.76228289659932,
              35.67672347546154
            ],
            [
              139.7623577051666,
              35.676951025942515
            ],
            [
              139.76197175192075,
              35.67703606762643
            ],
            [
              139.7616849693176,
              35.67616850675224
            ],
            [
              139.7626312246695,
              35.67595850552493
            ]
          ]
        ]
      }
    },
    {
      "type": "Feature",
      "properties": {
        "id": "bldg_038f837c-2322-44cc-93ee-bd5aa5c4b734",
        "measuredHeight": 15.7,
        "storeysAboveGround": 9999,
        "meshCode": "53394610",
        "centroid": [
          139.76188182274785,
          35.679359289455434
        ]
      },
      "geometry": {
        "type": "Polygon",
        "coordinates": [
          [
            [
              139.76200977635796,
              35.679394890691555
            ],
            [
              139.7617924953993,
              35.67944289503949
            ],
            [
              139.76175371504505,
              35.67932321487329
            ],
            [
              139.76197130418905,
              35.679276157217394
            ],
            [
              139.76200977635796,
              35.679394890691555
            ]
          ]
        ]
      }
    },
    {
      "type": "Feature",
      "properties": {
        "id": "bldg_1252f8b2-cb4c-4a39-b527-06ce0c515de2",
        "measuredHeight": 3.4,
        "storeysAboveGround": 1,
        "meshCode": "53394611",
        "centroid": [
          139.76621129709994,
          35.67652839657928
        ]
      },
      "geometry": {
        "type": "Polygon",
        "coordinates": [
          [
            [
              139.76621670260405,
              35.67655393097
            ],
            [
              139.7662245513325,
              35.676547625738465
            ],
            [
              139.76618028332044,
              35.67651073492858
            ],
            [
              139.76617376107504,
              35.67651604938755
            ],
            [
              139.76616261128183,
              35.67650675903281
            ],
            [
              139.76620373404873,
              35.67647388187669
            ],
            [
              139.7662855359587,
              35.67654216134223
            ],
            [
              139.76624319717828,
              35.676576029357925
            ],
            [
              139.76621670260405,
              35.67655393097
            ]
          ]
        ]
      }
    },
    {
      "type": "Feature",
      "properties": {
        "id": "bldg_6736c1ec-c505-4f25-a7a5-fc0eab3fc7f5",
        "measuredHeight": 3.2,
        "storeysAboveGround": 9999,
        "meshCode": "53394611",
        "centroid": [
          139.76592068244196,
          35.67607653399709
        ]
      },
      "geometry": {
        "type": "Polygon",
        "coordinates": [
          [
            [
              139.76593849590992,
              35.676076408764
            ],
            [
              139.76592014546534,
              35.67609109086139
            ],
            [
              139.76590281373888,
              35.67607665919795
            ],
            [
              139.76592127465372,
              35.67606197716505
            ],
            [
              139.76593849590992,
              35.676076408764
            ]
          ]
        ]
      }
    },
    {
      "type": "Feature",
      "properties": {
        "id": "bldg_7ca0497c-0e80-4ef8-b8a3-cc30fc8d8ebd",
        "measuredHeight": 14.9,
        "storeysAboveGround": 5,
        "meshCode": "53394611",
        "centroid": [
          139.7674394366099,
          35.676001839718836
        ]
      },
      "geometry": {
        "type": "Polygon",
        "coordinates": [
          [
            [
              139.76744839718225,
              35.676087429947444
            ],
            [
              139.7673582582727,
              35.67594712704191
            ],
            [
              139.76743042075643,
              35.67591624948667
            ],
            [
              139.76752067022812,
              35.676056552399345
            ],
            [
              139.76744839718225,
              35.676087429947444
            ]
          ]
        ]
      }
    },
    {
      "type": "Feature",
      "properties": {
        "id": "bldg_36c790a9-7f6f-4aa8-8083-66acdb0c8131",
        "measuredHeight": -9999,
        "storeysAboveGround": 9999,
        "meshCode": "53394611",
        "centroid": [
          139.76650994057755,
          35.67683805113689
        ]
      },
      "geometry": {
        "type": "Polygon",
        "coordinates": [
          [
            [
              139.7664952870585,
              35.676834106260415
            ],
            [
              139.7665141182176,
              35.67682593225199
            ],
            [
              139.76652459962528,
              35.676841991508766
            ],
            [
              139.7665057574088,
              35.67685017452639
            ],
            [
              139.7664952870585,
              35.676834106260415
            ]
          ]
        ]
      }
    },
    {
      "type": "Feature",
      "properties": {
        "id": "bldg_481cd564-10f4-4b5b-9923-41b94fd9e0c5",
        "measuredHeight": 18.9,
        "storeysAboveGround": 14,
        "meshCode": "53394611",
        "centroid": [
          139.76716477965573,
          35.67694638524771
        ]
      },
      "geometry": {
        "type": "Polygon",
        "coordinates": [
          [
            [
              139.76722466797412,
              35.67703040417862
            ],
            [
              139.76721431960698,
              35.677013569876124
            ],
            [
              139.76718759851076,
              35.67702450687246
            ],
            [
              139.76714855427358,
              35.67701538155669
            ],
            [
              139.7670063475849,
              35.67678405624359
            ],
            [
              139.76710354007642,
              35.67674428711631
            ],
            [
              139.76726842956333,
              35.677012490890164
            ],
            [
              139.76722466797412,
              35.67703040417862
            ]
          ]
        ]
      }
    },
    {
      "type": "Feature",
      "properties": {
        "id": "bldg_b9fc9045-7ca3-4532-812f-b1b5a4bcfdd7",
        "measuredHeight": 32.2,
        "storeysAboveGround": 14,
        "meshCode": "53394611",
        "centroid": [
          139.767359727767,
          35.676794742284876
        ]
      },
      "geometry": {
        "type": "Polygon",
        "coordinates": [
          [
            [
              139.76757396470745,
              35.67694100806561
            ],
            [
              139.7673012306352,
              35.67705028539514
            ],
            [
              139.7671165209648,
              35.67674368132272
            ],
            [
              139.7673571297803,
              35.67664713221137
            ],
            [
              139.76738868138708,
              35.67669960936515
            ],
            [
              139.7674208391271,
              35.676686737349286
            ],
            [
              139.76757396470745,
              35.67694100806561
            ]
          ]
        ]
      }
    },
    {
      "type": "Feature",
      "properties": {
        "id": "bldg_38566a1c-0c0f-468a-bf89-d2f2ab923fda",
        "measuredHeight": 34.2,
        "storeysAboveGround": 9,
        "meshCode": "53394611",
        "centroid": [
          139.76786871790895,
          35.677824633573714
        ]
      },
      "geometry": {
        "type": "Polygon",
        "coordinates": [
          [
            [
              139.7679409863401,
              35.67784627579902
            ],
            [
              139.76796437497683,
              35.677885047501675
            ],
            [
              139.76776103794114,
              35.67796669138695
            ],
            [
              139.7676404547055,
              35.6777667914518
            ],
            [
              139.7679041292071,
              35.677660933659375
            ],
            [
              139.76800132428303,
              35.67782206164345
            ],
            [
              139.7679409863401,
              35.67784627579902
            ]
          ]
        ]
      }
    },
    {
      "type": "Feature",
      "properties": {
        "id": "bldg_3ad95cb6-3c2b-4d7a-aca1-72dc3cc1bb98",
        "measuredHeight": 14.9,
        "storeysAboveGround": 9999,
        "meshCode": "53394611",
        "centroid": [
          139.76582127067218,
          35.67590607378432
        ]
      },
      "geometry": {
        "type": "Polygon",
        "coordinates": [
          [
            [
              139.76582068334434,
              35.67600585544057
            ],
            [
              139.76563788562828,
              35.67583863835786
            ],
            [
              139.76569287714148,
              35.67586544002437
            ],
            [
              139.76573186078036,
              35.67588006415137
            ],
            [
              139.76577813462862,
              35.67589568386586
            ],
            [
              139.765842527275,
              35.67590933070071
            ],
            [
              139.76589477550095,
              35.67591431752435
            ],
            [
              139.76599231878586,
              35.6759166255495
            ],
            [
              139.7660003729645,
              35.675928708444296
            ],
            [
              139.76582068334434,
              35.67600585544057
            ]
          ]
        ]
      }
    },
    {
      "type": "Feature",
      "properties": {
        "id": "bldg_fb9e6e0a-ccda-4364-86aa-c4c86b6f4197",
        "measuredHeight": 45.1,
        "storeysAboveGround": 10,
        "meshCode": "53394611",
        "centroid": [
          139.7676692895206,
          35.67744139359304
        ]
      },
      "geometry": {
        "type": "Polygon",
        "coordinates": [
          [
            [
              139.76747896670474,
              35.677335126229934
            ],
            [
              139.76781613092106,
              35.67719622843321
            ],
            [
              139.76802045596517,
              35.677526512087134
            ],
            [
              139.7675943301755,
              35.67770204775572
            ],
            [
              139.7674365638365,
              35.6774470534592
            ],
            [
              139.76747896670474,
              35.677335126229934
            ]
          ]
        ]
      }
    },
    {
      "type": "Feature",
      "properties": {
        "id": "bldg_7fe89678-945b-4627-b239-33ec65a1654c",
        "measuredHeight": 11.1,
        "storeysAboveGround": 3,
        "meshCode": "53394611",
        "centroid": [
          139.76768878140274,
          35.67595197228253
        ]
      },
      "geometry": {
        "type": "Polygon",
        "coordinates": [
          [
            [
              139.76765426629927,
              35.67601101590357
            ],
            [
              139.76761069111967,
              35.67593707958718
            ],
            [
              139.76772329642932,
              35.67589297375016
            ],
            [
              139.76776687176266,
              35.675966819889226
            ],
            [
              139.76765426629927,
              35.67601101590357
            ]
          ]
        ]
      }
    },
    {
      "type": "Feature",
      "properties": {
        "id": "bldg_32958c4d-00e2-4785-bb85-dc553ed3e0ac",
        "measuredHeight": 33.2,
        "storeysAboveGround": 9,
        "meshCode": "53394611",
        "centroid": [
          139.7679321690018,
          35.677970060915904
        ]
      },
      "geometry": {
        "type": "Polygon",
        "coordinates": [
          [
            [
              139.76797439259292,
              35.67792849006338
            ],
            [
              139.76799421802733,
              35.67792042452939
            ],
            [
              139.76804900587373,
              35.67801011373459
            ],
            [
              139.76784699376938,
              35.678092389442085
            ],
            [
              139.76777307551947,
              35.67797156535163
            ],
            [
              139.7679553282279,
              35.67789738237432
            ],
            [
              139.76797439259292,
              35.67792849006338
            ]
          ]
        ]
      }
    },
    {
      "type": "Feature",
      "properties": {
        "id": "bldg_9b183343-f571-44a0-8105-a4b330e5e1db",
        "measuredHeight": 24.9,
        "storeysAboveGround": 6,
        "meshCode": "53394611",
        "centroid": [
          139.7671898960485,
          35.67600332892481
        ]
      },
      "geometry": {
        "type": "Polygon",
        "coordinates": [
          [
            [
              139.7671090190956,
              35.67623660116961
            ],
            [
              139.76701766015543,
              35.67608932973311
            ],
            [
              139.7671449545131,
              35.67603675962705
            ],
            [
              139.76705958631965,
              35.67589910014075
            ],
            [
              139.76716987327072,
              35.675853461211865
            ],
            [
              139.76721389240683,
              35.675924333266124
            ],
            [
              139.76718073996383,
              35.67593810605444
            ],
            [
              139.7672208976754,
              35.67600293678834
            ],
            [
              139.76734488758956,
              35.67595171671424
            ],
            [
              139.7674374494949,
              35.67610094454257
            ],
            [
              139.7671090190956,
              35.67623660116961
            ]
          ]
        ]
      }
    },
    {
      "type": "Feature",
      "properties": {
        "id": "bldg_0ad048d0-d6b0-43e5-881f-48981b66d032",
        "measuredHeight": 42.7,
        "storeysAboveGround": 10,
        "meshCode": "53394611",
        "centroid": [
          139.76799687520085,
          35.676548930918464
        ]
      },
      "geometry": {
        "type": "Polygon",
        "coordinates": [
          [
            [
              139.76805082436158,
              35.67645551801747
            ],
            [
              139.7680763518077,
              35.67644489566175
            ],
            [
              139.76822143166433,
              35.67667815922965
            ],
            [
              139.76790294581468,
              35.67680994748528
            ],
            [
              139.76771837000788,
              35.676513115271966
            ],
            [
              139.76801132754898,
              35.67639194984465
            ],
            [
              139.76805082436158,
              35.67645551801747
            ]
          ]
        ]
      }
    },
    {
      "type": "Feature",
      "properties": {
        "id": "bldg_022303f7-f9c8-4bdb-8f78-0b39dd5365b6",
        "measuredHeight": -9999,
        "storeysAboveGround": 9999,
        "meshCode": "53394611",
        "centroid": [
          139.76648760755313,
          35.67680969283505
        ]
      },
      "geometry": {
        "type": "Polygon",
        "coordinates": [
          [
            [
              139.76648462627244,
              35.67682120170452
            ],
            [
              139.76647385679271,
              35.67680616984859
            ],
            [
              139.76649058883282,
              35.676798183966355
            ],
            [
              139.7665013583146,
              35.67681321582076
            ],
            [
              139.76648462627244,
              35.67682120170452
            ]
          ]
        ]
      }
    },
    {
      "type": "Feature",
      "properties": {
        "id": "bldg_ca1c2e17-fcb1-487b-bb88-090818b75639",
        "measuredHeight": 39.3,
        "storeysAboveGround": 9,
        "meshCode": "53394611",
        "centroid": [
          139.76770479824017,
          35.6766959286504
        ]
      },
      "geometry": {
        "type": "Polygon",
        "coordinates": [
          [
            [
              139.76752665254506,
              35.67657421382409
            ],
            [
              139.76769860137836,
              35.6765061639303
            ],
            [
              139.76788338736714,
              35.67681606618683
            ],
            [
              139.76771055167015,
              35.6768872706604
            ],
            [
              139.76752665254506,
              35.67657421382409
            ]
          ]
        ]
      }
    },
    {
      "type": "Feature",
      "properties": {
        "id": "bldg_1af20ad6-777c-43be-b3d0-cd3e298db087",
        "measuredHeight": 3.5,
        "storeysAboveGround": 1,
        "meshCode": "53394611",
        "centroid": [
          139.7662879784156,
          35.67662677901928
        ]
      },
      "geometry": {
        "type": "Polygon",
        "coordinates": [
          [
            [
              139.7662482401505,
              35.676622272568025
            ],
            [
              139.76625553592405,
              35.676616688124355
            ],
            [
              139.76622782796153,
              35.67659242576946
            ],
            [
              139.76627856648,
              35.67655387530136
            ],
            [
              139.76638961923064,
              35.676651105033464
            ],
            [
              139.76634031765894,
              35.6766886648377
            ],
            [
              139.7662862263239,
              35.676641312682555
            ],
            [
              139.7662774935952,
              35.67664788783735
            ],
            [
              139.7662482401505,
              35.676622272568025
            ]
          ]
        ]
      }
    },
    {
      "type": "Feature",
      "properties": {
        "id": "bldg_b023f8ec-805f-44ef-9c7a-ecabdb2ebd21",
        "measuredHeight": 44.3,
        "storeysAboveGround": 9,
        "meshCode": "53394611",
        "centroid": [
          139.76693142225355,
          35.67608485407452
        ]
      },
      "geometry": {
        "type": "Polygon",
        "coordinates": [
          [
            [
              139.7669380989703,
              35.67599638143228
            ],
            [
              139.76707004566836,
              35.675941830950585
            ],
            [
              139.76712580329269,
              35.67603149409667
            ],
            [
              139.76700026602225,
              35.67608332602516
            ],
            [
              139.7670995131095,
              35.67624326609647
            ],
            [
              139.7667581524264,
              35.67638378205987
            ],
            [
              139.76655383444086,
              35.676054758130554
            ],
            [
              139.76690566409815,
              35.675943993804545
            ],
            [
              139.7669380989703,
              35.67599638143228
            ]
          ]
        ]
      }
    },
    {
      "type": "Feature",
      "properties": {
        "id": "bldg_469141f7-21ba-4852-a57c-1efd324de70a",
        "measuredHeight": 16.7,
        "storeysAboveGround": 3,
        "meshCode": "53394611",
        "centroid": [
          139.76262151002874,
          35.678501564912025
        ]
      },
      "geometry": {
        "type": "Polygon",
        "coordinates": [
          [
            [
              139.76279021499485,
              35.678316768789145
            ],
            [
              139.76283263534435,
              35.67844406736719
            ],
            [
              139.7626767264061,
              35.67847867879752
            ],
            [
              139.76267273473135,
              35.67849526170014
            ],
            [
              139.7626545975649,
              35.67851733466897
            ],
            [
              139.76263304484394,
              35.67852903985125
            ],
            [
              139.76264307093004,
              35.67855969238658
            ],
            [
              139.762682849215,
              35.67855097242613
            ],
            [
              139.76270246136968,
              35.67861020407353
            ],
            [
              139.76265958915218,
              35.67861964332189
            ],
            [
              139.76266840338388,
              35.678646509380926
            ],
            [
              139.76252796368476,
              35.67867734393287
            ],
            [
              139.76246714509486,
              35.67849288743952
            ],
            [
              139.76251532104112,
              35.67848227959548
            ],
            [
              139.76251212901064,
              35.678469027549255
            ],
            [
              139.7625184490263,
              35.67844298161509
            ],
            [
              139.76253658621334,
              35.678420908666475
            ],
            [
              139.76256344419977,
              35.67840632222921
            ],
            [
              139.76255132433914,
              35.678369809537415
            ],
            [
              139.76279021499485,
              35.678316768789145
            ]
          ]
        ]
      }
    },
    {
      "type": "Feature",
      "properties": {
        "id": "bldg_6b06fc06-9eb4-4534-a7b4-792eff042182",
        "measuredHeight": -9999,
        "storeysAboveGround": 9999,
        "meshCode": "53394611",
        "centroid": [
          139.76465673304781,
          35.68123576882308
        ]
      },
      "geometry": {
        "type": "Polygon",
        "coordinates": [
          [
            [
              139.76466422848029,
              35.681223424307596
            ],
            [
              139.76466973428515,
              35.681244519543654
            ],
            [
              139.76464929285152,
              35.68124811337052
            ],
            [
              139.76464367657428,
              35.681227018070565
            ],
            [
              139.76466422848029,
              35.681223424307596
            ]
          ]
        ]
      }
    },
    {
      "type": "Feature",
      "properties": {
        "id": "bldg_1fcee33e-3608-4265-97b1-120f64967d35",
        "measuredHeight": 3.1,
        "storeysAboveGround": 9999,
        "meshCode": "53394611",
        "centroid": [
          139.76483518457815,
          35.682884355763
        ]
      },
      "geometry": {
        "type": "Polygon",
        "coordinates": [
          [
            [
              139.76482867290966,
              35.68290530593841
            ],
            [
              139.76483641967133,
              35.68288989689556
            ],
            [
              139.76483908528456,
              35.682873403315945
            ],
            [
              139.7648363373963,
              35.68285689764272
            ],
            [
              139.7648303865831,
              35.682839236391644
            ],
            [
              139.76483657444965,
              35.682838068129485
            ],
            [
              139.76485959533068,
              35.68291928577167
            ],
            [
              139.764826777493,
              35.682925495578544
            ],
            [
              139.76482281208507,
              35.68291161220306
            ],
            [
              139.76482867290966,
              35.68290530593841
            ]
          ]
        ]
      }
    },
    {
      "type": "Feature",
      "properties": {
        "id": "bldg_7a1e4eca-ed96-4ec9-9663-ac8c5acb5215",
        "measuredHeight": 6.6,
        "storeysAboveGround": 9999,
        "meshCode": "53394611",
        "centroid": [
          139.7669931514505,
          35.682510430674625
        ]
      },
      "geometry": {
        "type": "Polygon",
        "coordinates": [
          [
            [
              139.7669987509521,
              35.6824925843528
            ],
            [
              139.76701299179004,
              35.68251921871062
            ],
            [
              139.76698755194172,
              35.6825282815048
            ],
            [
              139.7669733111181,
              35.68250163813027
            ],
            [
              139.7669987509521,
              35.6824925843528
            ]
          ]
        ]
      }
    },
    {
      "type": "Feature",
      "properties": {
        "id": "bldg_bc46f2e2-968d-4614-9785-e517e38e57af",
        "measuredHeight": 147.4,
        "storeysAboveGround": 32,
        "meshCode": "53394611",
        "centroid": [
          139.7669326926192,
          35.67798869932335
        ]
      },
      "geometry": {
        "type": "Polygon",
        "coordinates": [
          [
            [
              139.76728209828022,
              35.678080921885986
            ],
            [
              139.7668206018487,
              35.67827401214409
            ],
            [
              139.76658328776062,
              35.67789647631284
            ],
            [
              139.76704478258722,
              35.67770338695048
            ],
            [
              139.76728209828022,
              35.678080921885986
            ]
          ]
        ]
      }
    },
    {
      "type": "Feature",
      "properties": {
        "id": "bldg_28d19c58-bee3-47e2-bf73-7e8777e6e915",
        "measuredHeight": -9999,
        "storeysAboveGround": 9999,
        "meshCode": "53394611",
        "centroid": [
          139.76470737146002,
          35.68051204129557
        ]
      },
      "geometry": {
        "type": "Polygon",
        "coordinates": [
          [
            [
              139.76464692470466,
              35.68053080044319
            ],
            [
              139.76464306899516,
              35.68051799876496
            ],
            [
              139.764767818206,
              35.68049328214992
            ],
            [
              139.7647716739342,
              35.68050608382423
            ],
            [
              139.76464692470466,
              35.68053080044319
            ]
          ]
        ]
      }
    },
    {
      "type": "Feature",
      "properties": {
        "id": "bldg_0059415c-2fb4-43a9-b68d-307ac803dc17",
        "measuredHeight": 11.9,
        "storeysAboveGround": 9999,
        "meshCode": "53394611",
        "centroid": [
          139.76758017805176,
          35.679280051791125
        ]
      },
      "geometry": {
        "type": "Polygon",
        "coordinates": [
          [
            [
              139.76762458348978,
              35.67933892886222
            ],
            [
              139.7675838985965,
              35.67934869555059
            ],
            [
              139.7675536862085,
              35.67926486047268
            ],
            [
              139.76755985192347,
              35.67926337657742
            ],
            [
              139.76755820959906,
              35.67925880572453
            ],
            [
              139.7675825519971,
              35.67925296911649
            ],
            [
              139.76758422740605,
              35.67925761209688
            ],
            [
              139.76759441519363,
              35.67925516592822
            ],
            [
              139.76762458348978,
              35.67933892886222
            ]
          ]
        ]
      }
    },
    {
      "type": "Feature",
      "properties": {
        "id": "bldg_1108a28a-dd5c-46fe-888e-37cce6567ff2",
        "measuredHeight": 13.2,
        "storeysAboveGround": 2,
        "meshCode": "53394611",
        "centroid": [
          139.76692157503928,
          35.681209777546016
        ]
      },
      "geometry": {
        "type": "Polygon",
        "coordinates": [
          [
            [
              139.7674250772234,
              35.682804404564536
            ],
            [
              139.7672601613149,
              35.68237899304776
            ],
            [
              139.76650649264926,
              35.680367436740674
            ],
            [
              139.76644864640275,
              35.68018307409162
            ],
            [
              139.7663899494397,
              35.67995941112502
            ],
            [
              139.76647547843524,
              35.6799345807872
            ],
            [
              139.7665330324276,
              35.68007180152348
            ],
            [
              139.76656138434203,
              35.68014682941162
            ],
            [
              139.7665862374712,
              35.68013835226995
            ],
            [
              139.7670890765682,
              35.68142605918644
            ],
            [
              139.76719812394668,
              35.681727014998394
            ],
            [
              139.76717862269837,
              35.68172923968606
            ],
            [
              139.76725844572468,
              35.68194062810623
            ],
            [
              139.76742523153115,
              35.68254960497594
            ],
            [
              139.76748766541385,
              35.68278923267538
            ],
            [
              139.7674250772234,
              35.682804404564536
            ]
          ]
        ]
      }
    },
    {
      "type": "Feature",
      "properties": {
        "id": "bldg_dc9a2856-a179-4795-9ce5-f9169aa59cbd",
        "measuredHeight": 43.1,
        "storeysAboveGround": 9,
        "meshCode": "53394611",
        "centroid": [
          139.76264061518333,
          35.677523923278756
        ]
      },
      "geometry": {
        "type": "Polygon",
        "coordinates": [
          [
            [
              139.76232180763725,
              35.67806681337869
            ],
            [
              139.7620295067268,
              35.67718491839694
            ],
            [
              139.7629628433326,
              35.67698022505014
            ],
            [
              139.76324830303668,
              35.677863736289254
            ],
            [
              139.76232180763725,
              35.67806681337869
            ]
          ]
        ]
      }
    },
    {
      "type": "Feature",
      "properties": {
        "id": "bldg_2dd92e76-b489-46ee-a04a-b2238d255858",
        "measuredHeight": 8.5,
        "storeysAboveGround": 9999,
        "meshCode": "53394611",
        "centroid": [
          139.76653865803027,
          35.67971765564839
        ]
      },
      "geometry": {
        "type": "Polygon",
        "coordinates": [
          [
            [
              139.7665603031965,
              35.6796941418523
            ],
            [
              139.76657176335684,
              35.67972930171002
            ],
            [
              139.7665170680906,
              35.679741169477694
            ],
            [
              139.76650549747717,
              35.67970600955355
            ],
            [
              139.7665603031965,
              35.6796941418523
            ]
          ]
        ]
      }
    },
    {
      "type": "Feature",
      "properties": {
        "id": "bldg_e1ebdba5-5fdc-4a14-9898-f8d22bcedd6f",
        "measuredHeight": 9.7,
        "storeysAboveGround": 9999,
        "meshCode": "53394611",
        "centroid": [
          139.76331551522935,
          35.68240230896404
        ]
      },
      "geometry": {
        "type": "Polygon",
        "coordinates": [
          [
            [
              139.7631879415779,
              35.6823564715958
            ],
            [
              139.76352923144285,
              35.68228292875617
            ],
            [
              139.7635544081721,
              35.682360713679365
            ],
            [
              139.7635340099048,
              35.682365100547905
            ],
            [
              139.76353466000427,
              35.68236708394194
            ],
            [
              139.76336189337644,
              35.68240430944949
            ],
            [
              139.763378189297,
              35.68245466051372
            ],
            [
              139.7632776784365,
              35.68247631610854
            ],
            [
              139.76326848926826,
              35.6824479446024
            ],
            [
              139.7632410189466,
              35.682453868650555
            ],
            [
              139.76323932214734,
              35.68244863069468
            ],
            [
              139.76320027141833,
              35.68245704478982
            ],
            [
              139.76318698352384,
              35.68241602464855
            ],
            [
              139.76318981232637,
              35.682415413364076
            ],
            [
              139.76317412251788,
              35.6823669464936
            ],
            [
              139.7631902113089,
              35.682363485588
            ],
            [
              139.7631879415779,
              35.6823564715958
            ]
          ]
        ]
      }
    },
    {
      "type": "Feature",
      "properties": {
        "id": "bldg_a144b000-fa6f-4761-b627-9100c8c978c1",
        "measuredHeight": 3.1,
        "storeysAboveGround": 9999,
        "meshCode": "53394611",
        "centroid": [
          139.7646466845219,
          35.680746611225175
        ]
      },
      "geometry": {
        "type": "Polygon",
        "coordinates": [
          [
            [
              139.76467931183504,
              35.680768330360415
            ],
            [
              139.76465687506538,
              35.68077994525913
            ],
            [
              139.7646140571747,
              35.680724937154565
            ],
            [
              139.76463649401242,
              35.68071323212658
            ],
            [
              139.76467931183504,
              35.680768330360415
            ]
          ]
        ]
      }
    },
    {
      "type": "Feature",
      "properties": {
        "id": "bldg_56380287-3b24-4389-a252-d0855fc48ecf",
        "measuredHeight": 8.1,
        "storeysAboveGround": 9999,
        "meshCode": "53394611",
        "centroid": [
          139.76650203702636,
          35.679649469082165
        ]
      },
      "geometry": {
        "type": "Polygon",
        "coordinates": [
          [
            [
              139.76651459598753,
              35.679658602443276
            ],
            [
              139.76649669574843,
              35.67966246840683
            ],
            [
              139.76648953326756,
              35.67964038081977
            ],
            [
              139.76650732310188,
              35.67963642465878
            ],
            [
              139.76651459598753,
              35.679658602443276
            ]
          ]
        ]
      }
    },
    {
      "type": "Feature",
      "properties": {
        "id": "bldg_e935bfae-a483-43dd-aa78-56d3994ce55a",
        "measuredHeight": 4,
        "storeysAboveGround": 9999,
        "meshCode": "53394611",
        "centroid": [
          139.76608856750195,
          35.677986677752536
        ]
      },
      "geometry": {
        "type": "Polygon",
        "coordinates": [
          [
            [
              139.76610715159785,
              35.67794635473755
            ],
            [
              139.7661301875249,
              35.67798314357983
            ],
            [
              139.7661033331784,
              35.677994332643365
            ],
            [
              139.7661058044787,
              35.67799826400568
            ],
            [
              139.76605521219184,
              35.678019345881374
            ],
            [
              139.76602971603992,
              35.67797862566737
            ],
            [
              139.76610715159785,
              35.67794635473755
            ]
          ]
        ]
      }
    },
    {
      "type": "Feature",
      "properties": {
        "id": "bldg_d669bd1c-cc05-4b4f-b637-1bc70d7ed3f4",
        "measuredHeight": 8.1,
        "storeysAboveGround": 9999,
        "meshCode": "53394611",
        "centroid": [
          139.76709581762736,
          35.68267361514411
        ]
      },
      "geometry": {
        "type": "Polygon",
        "coordinates": [
          [
            [
              139.7670745837812,
              35.68259969100984
            ],
            [
              139.76714559642144,
              35.682737766089176
            ],
            [
              139.76711705145325,
              35.682747539286694
            ],
            [
              139.7670460388536,
              35.68260946419073
            ],
            [
              139.7670745837812,
              35.68259969100984
            ]
          ]
        ]
      }
    },
    {
      "type": "Feature",
      "properties": {
        "id": "bldg_55468d67-6a56-4959-b78e-ad6fabd8dfce",
        "measuredHeight": 8.8,
        "storeysAboveGround": 9999,
        "meshCode": "53394611",
        "centroid": [
          139.76538238168206,
          35.677931289768615
        ]
      },
      "geometry": {
        "type": "Polygon",
        "coordinates": [
          [
            [
              139.76535918565682,
              35.67789089700951
            ],
            [
              139.7653814284085,
              35.67788553738687
            ],
            [
              139.76541962871127,
              35.677991316930715
            ],
            [
              139.76539489980001,
              35.67799725203566
            ],
            [
              139.7653567658337,
              35.67789144548034
            ],
            [
              139.76535918565682,
              35.67789089700951
            ]
          ]
        ]
      }
    },
    {
      "type": "Feature",
      "properties": {
        "id": "bldg_d9b0284b-728c-416a-8aeb-c0db7de9789b",
        "measuredHeight": -9999,
        "storeysAboveGround": 9999,
        "meshCode": "53394611",
        "centroid": [
          139.76560804528043,
          35.67732547352609
        ]
      },
      "geometry": {
        "type": "Polygon",
        "coordinates": [
          [
            [
              139.7655622553882,
              35.677331034022664
            ],
            [
              139.7656448022071,
              35.67730250695804
            ],
            [
              139.76565383517618,
              35.67731991753331
            ],
            [
              139.7655712883502,
              35.67734843559034
            ],
            [
              139.7655622553882,
              35.677331034022664
            ]
          ]
        ]
      }
    },
    {
      "type": "Feature",
      "properties": {
        "id": "bldg_6b0716e5-e33c-46c8-b298-2a7e5ed3f098",
        "measuredHeight": 5,
        "storeysAboveGround": 1,
        "meshCode": "53394611",
        "centroid": [
          139.7665424501165,
          35.678040668669375
        ]
      },
      "geometry": {
        "type": "Polygon",
        "coordinates": [
          [
            [
              139.7664397583519,
              35.677966162858574
            ],
            [
              139.7664861581159,
              35.677938381298546
            ],
            [
              139.7666451474285,
              35.67811517445305
            ],
            [
              139.76659873656973,
              35.67814295606735
            ],
            [
              139.7664397583519,
              35.677966162858574
            ]
          ]
        ]
      }
    },
    {
      "type": "Feature",
      "properties": {
        "id": "bldg_f74cea45-e523-47f8-8cb0-afae9cd5497f",
        "measuredHeight": -9999,
        "storeysAboveGround": 9999,
        "meshCode": "53394611",
        "centroid": [
          139.7654163057026,
          35.68265599504356
        ]
      },
      "geometry": {
        "type": "Polygon",
        "coordinates": [
          [
            [
              139.76540101036872,
              35.68264882051227
            ],
            [
              139.76542664550132,
              35.68264423797973
            ],
            [
              139.76543160103932,
              35.68266316957433
            ],
            [
              139.76540596590098,
              35.68266775210791
            ],
            [
              139.76540101036872,
              35.68264882051227
            ]
          ]
        ]
      }
    },
    {
      "type": "Feature",
      "properties": {
        "id": "bldg_0d4bb4d1-424a-4fd7-a7c7-203f7d50d461",
        "measuredHeight": 58.7,
        "storeysAboveGround": 9999,
        "meshCode": "53394611",
        "centroid": [
          139.7675629826284,
          35.67898880678468
        ]
      },
      "geometry": {
        "type": "Polygon",
        "coordinates": [
          [
            [
              139.76767016757069,
              35.679026195693396
            ],
            [
              139.7674672941258,
              35.67907755322048
            ],
            [
              139.76744531303268,
              35.679019718182055
            ],
            [
              139.76740050143465,
              35.6790369549243
            ],
            [
              139.76738883538434,
              35.67901002455459
            ],
            [
              139.7677290706547,
              35.67886659482505
            ],
            [
              139.76775830865128,
              35.6789126708614
            ],
            [
              139.767644370173,
              35.67896074201617
            ],
            [
              139.76767016757069,
              35.679026195693396
            ]
          ]
        ]
      }
    },
    {
      "type": "Feature",
      "properties": {
        "id": "bldg_eddd0f88-3741-429f-95f1-44d4c6abdcb6",
        "measuredHeight": 9.6,
        "storeysAboveGround": 2,
        "meshCode": "53394611",
        "centroid": [
          139.76671964979897,
          35.682635450812796
        ]
      },
      "geometry": {
        "type": "Polygon",
        "coordinates": [
          [
            [
              139.76668162830103,
              35.68272182626578
            ],
            [
              139.76656953929077,
              35.68266443693876
            ],
            [
              139.766782983806,
              35.68253376611785
            ],
            [
              139.76684444779806,
              35.682621773928815
            ],
            [
              139.76668162830103,
              35.68272182626578
            ]
          ]
        ]
      }
    },
    {
      "type": "Feature",
      "properties": {
        "id": "bldg_03a63bdc-6e63-4d7e-b4a9-5e333afd8b6c",
        "measuredHeight": 5.1,
        "storeysAboveGround": 9999,
        "meshCode": "53394611",
        "centroid": [
          139.76629010938893,
          35.67696161297839
        ]
      },
      "geometry": {
        "type": "Polygon",
        "coordinates": [
          [
            [
              139.7662449507581,
              35.67694909030271
            ],
            [
              139.76629995388188,
              35.67692353097867
            ],
            [
              139.76633527355511,
              35.676974135649196
            ],
            [
              139.76628025936068,
              35.67699969498298
            ],
            [
              139.7662449507581,
              35.67694909030271
            ]
          ]
        ]
      }
    },
    {
      "type": "Feature",
      "properties": {
        "id": "bldg_11252644-604b-46be-be4a-32fffcb1b9bc",
        "measuredHeight": 11.4,
        "storeysAboveGround": 1,
        "meshCode": "53394611",
        "centroid": [
          139.76741270066825,
          35.67906036121789
        ]
      },
      "geometry": {
        "type": "Polygon",
        "coordinates": [
          [
            [
              139.7673943459171,
              35.679079775735275
            ],
            [
              139.76738420458162,
              35.67905263888477
            ],
            [
              139.7674310554122,
              35.67904094670246
            ],
            [
              139.76744119676206,
              35.67906808354908
            ],
            [
              139.7673943459171,
              35.679079775735275
            ]
          ]
        ]
      }
    },
    {
      "type": "Feature",
      "properties": {
        "id": "bldg_eca59423-ac27-46b4-8ccf-451b63652d52",
        "measuredHeight": 20,
        "storeysAboveGround": 3,
        "meshCode": "53394611",
        "centroid": [
          139.76324232064806,
          35.67855416469956
        ]
      },
      "geometry": {
        "type": "Polygon",
        "coordinates": [
          [
            [
              139.7635155689805,
              35.67871487692199
            ],
            [
              139.7633782230119,
              35.678745425820374
            ],
            [
              139.76336391017344,
              35.678702178689235
            ],
            [
              139.76333097149754,
              35.67870945164233
            ],
            [
              139.76331543607546,
              35.678662030442034
            ],
            [
              139.76327455282765,
              35.67867102037999
            ],
            [
              139.763179905684,
              35.67838532047774
            ],
            [
              139.76288543597516,
              35.67845067828854
            ],
            [
              139.76283728589934,
              35.678306340442866
            ],
            [
              139.7633419163554,
              35.67819432389054
            ],
            [
              139.7635155689805,
              35.67871487692199
            ]
          ]
        ]
      }
    },
    {
      "type": "Feature",
      "properties": {
        "id": "bldg_2c243ea8-5555-4bc4-8727-24dd85a8a813",
        "measuredHeight": 21.4,
        "storeysAboveGround": 9999,
        "meshCode": "53394611",
        "centroid": [
          139.7631009695507,
          35.68240071315073
        ]
      },
      "geometry": {
        "type": "Polygon",
        "coordinates": [
          [
            [
              139.7631451640018,
              35.68239438538905
            ],
            [
              139.76315925680655,
              35.68243719071961
            ],
            [
              139.76306055779972,
              35.68245881113438
            ],
            [
              139.7630369009443,
              35.68238693999352
            ],
            [
              139.76307037151366,
              35.682379604340596
            ],
            [
              139.76307129706456,
              35.6823824261733
            ],
            [
              139.76312778485283,
              35.682370047241015
            ],
            [
              139.7631364234221,
              35.6823963002143
            ],
            [
              139.7631451640018,
              35.68239438538905
            ]
          ]
        ]
      }
    },
    {
      "type": "Feature",
      "properties": {
        "id": "bldg_d25d1e98-1372-45fc-ba92-0b44b9d0021f",
        "measuredHeight": 11.1,
        "storeysAboveGround": 9999,
        "meshCode": "53394611",
        "centroid": [
          139.76474640256046,
          35.68061199347503
        ]
      },
      "geometry": {
        "type": "Polygon",
        "coordinates": [
          [
            [
              139.76469993237635,
              35.68055543811994
            ],
            [
              139.7647045740137,
              35.68055354788517
            ],
            [
              139.7647093255872,
              35.68055228867314
            ],
            [
              139.76471418717406,
              35.68055157034664
            ],
            [
              139.76471904829788,
              35.68055139284269
            ],
            [
              139.76472788549827,
              35.6805524795247
            ],
            [
              139.76473661060226,
              35.68055545902277
            ],
            [
              139.76481133335386,
              35.68063725598723
            ],
            [
              139.76481154791105,
              35.680644737494546
            ],
            [
              139.7648095529339,
              35.680652217744296
            ],
            [
              139.76480756111616,
              35.68065600237182
            ],
            [
              139.7648047961153,
              35.68065960628493
            ],
            [
              139.76480147896172,
              35.68066293947214
            ],
            [
              139.76479749933284,
              35.68066582159629
            ],
            [
              139.76479307818212,
              35.680668252783114
            ],
            [
              139.76478821558672,
              35.680670142895444
            ],
            [
              139.76478335345362,
              35.680671492184814
            ],
            [
              139.76477838146045,
              35.68067212031404
            ],
            [
              139.76476888061458,
              35.680671934629544
            ],
            [
              139.76476059640112,
              35.68067012716819
            ],
            [
              139.76475805636153,
              35.680669044075444
            ],
            [
              139.76468377507808,
              35.6805877881531
            ],
            [
              139.76468267641116,
              35.68058066669009
            ],
            [
              139.7646834553836,
              35.6805740871207
            ],
            [
              139.7646865546733,
              35.6805671483256
            ],
            [
              139.7646889880149,
              35.68056381463759
            ],
            [
              139.76469208406147,
              35.68056066160172
            ],
            [
              139.76469584273573,
              35.68055777935504
            ],
            [
              139.76469993237635,
              35.68055543811994
            ]
          ]
        ]
      }
    },
    {
      "type": "Feature",
      "properties": {
        "id": "bldg_07a1d7e2-42ee-47c2-a80f-5b79fdf4a299",
        "measuredHeight": 3.1,
        "storeysAboveGround": 9999,
        "meshCode": "53394611",
        "centroid": [
          139.7655228180922,
          35.6771760839594
        ]
      },
      "geometry": {
        "type": "Polygon",
        "coordinates": [
          [
            [
              139.76549987052542,
              35.677175818650326
            ],
            [
              139.76553125906966,
              35.677158674202694
            ],
            [
              139.76554576013731,
              35.67717634926349
            ],
            [
              139.76551438263644,
              35.677193493721106
            ],
            [
              139.76549987052542,
              35.677175818650326
            ]
          ]
        ]
      }
    },
    {
      "type": "Feature",
      "properties": {
        "id": "bldg_c7a4f8ca-98d6-4af7-8414-91c4040775ba",
        "measuredHeight": -9999,
        "storeysAboveGround": 9999,
        "meshCode": "53394611",
        "centroid": [
          139.7637557083561,
          35.678447641951216
        ]
      },
      "geometry": {
        "type": "Polygon",
        "coordinates": [
          [
            [
              139.76378713486616,
              35.67847474633928
            ],
            [
              139.7637640532225,
              35.67847897846698
            ],
            [
              139.76375464839822,
              35.678444838073595
            ],
            [
              139.76373239543926,
              35.678448926454585
            ],
            [
              139.76372533629174,
              35.67842334143539
            ],
            [
              139.7637706819187,
              35.67841502093743
            ],
            [
              139.76378713486616,
              35.67847474633928
            ]
          ]
        ]
      }
    },
    {
      "type": "Feature",
      "properties": {
        "id": "bldg_368795e4-4ea5-4aad-92d8-1524d8463f4a",
        "measuredHeight": 5.4,
        "storeysAboveGround": 9999,
        "meshCode": "53394611",
        "centroid": [
          139.76609539429953,
          35.682263489079325
        ]
      },
      "geometry": {
        "type": "Polygon",
        "coordinates": [
          [
            [
              139.76612682155076,
              35.68215552868412
            ],
            [
              139.76609599957612,
              35.68220626770352
            ],
            [
              139.76615881702466,
              35.68237864499363
            ],
            [
              139.76622207694504,
              35.68240555916935
            ],
            [
              139.7662327939203,
              35.68239177415945
            ],
            [
              139.76630229289492,
              35.68242234232446
            ],
            [
              139.76629255964465,
              35.682435587065356
            ],
            [
              139.76634204983608,
              35.682454191878584
            ],
            [
              139.7663262151655,
              35.68248419873586
            ],
            [
              139.76630578344054,
              35.6824758947455
            ],
            [
              139.76626164315863,
              35.68254644754698
            ],
            [
              139.76604175963988,
              35.68245005838127
            ],
            [
              139.7659605159065,
              35.68223656818319
            ],
            [
              139.76589986288704,
              35.68224978438776
            ],
            [
              139.76591516882814,
              35.68229684455037
            ],
            [
              139.76588787551933,
              35.68230276930189
            ],
            [
              139.76576875623928,
              35.68193675470015
            ],
            [
              139.7658012429158,
              35.68192965209168
            ],
            [
              139.7658971224543,
              35.68222418390287
            ],
            [
              139.76595136639966,
              35.68221248743068
            ],
            [
              139.76594574447526,
              35.682197620668376
            ],
            [
              139.7660598114598,
              35.68201631950015
            ],
            [
              139.76618514339467,
              35.68207633968495
            ],
            [
              139.76616955064125,
              35.68209453869181
            ],
            [
              139.7661869960141,
              35.68210679806116
            ],
            [
              139.76614228185605,
              35.68216355951946
            ],
            [
              139.76612682155076,
              35.68215552868412
            ]
          ]
        ]
      }
    },
    {
      "type": "Feature",
      "properties": {
        "id": "bldg_255deeea-8f50-4549-b404-571b83f971eb",
        "measuredHeight": 15,
        "storeysAboveGround": 0,
        "meshCode": "53394611",
        "centroid": [
          139.76352711045013,
          35.6761495331731
        ]
      },
      "geometry": {
        "type": "Polygon",
        "coordinates": [
          [
            [
              139.76370200695402,
              35.67609298332834
            ],
            [
              139.76371656494038,
              35.67612075401587
            ],
            [
              139.76334972767347,
              35.67620680269238
            ],
            [
              139.7633401422327,
              35.67617759265583
            ],
            [
              139.76370200695402,
              35.67609298332834
            ]
          ]
        ]
      }
    },
    {
      "type": "Feature",
      "properties": {
        "id": "bldg_0816c077-bd63-4752-82c9-cef84f4dc479",
        "measuredHeight": 12.8,
        "storeysAboveGround": 9999,
        "meshCode": "53394611",
        "centroid": [
          139.76633797317353,
          35.67843829772858
        ]
      },
      "geometry": {
        "type": "Polygon",
        "coordinates": [
          [
            [
              139.7662562889372,
              35.678396709328695
            ],
            [
              139.76625328682343,
              35.67839339962069
            ],
            [
              139.76633154174755,
              35.67834605806457
            ],
            [
              139.76642583273028,
              35.67844981335411
            ],
            [
              139.76646607866786,
              35.678515599816386
            ],
            [
              139.7663884647294,
              35.678562554225046
            ],
            [
              139.76624431857923,
              35.678403949690605
            ],
            [
              139.7662562889372,
              35.678396709328695
            ]
          ]
        ]
      }
    },
    {
      "type": "Feature",
      "properties": {
        "id": "bldg_d8f72e9f-85f3-46bb-bbab-c01052c5e001",
        "measuredHeight": -9999,
        "storeysAboveGround": 9999,
        "meshCode": "53394611",
        "centroid": [
          139.76614934511252,
          35.676755514617085
        ]
      },
      "geometry": {
        "type": "Polygon",
        "coordinates": [
          [
            [
              139.766149121246,
              35.6767458224868
            ],
            [
              139.76616116631936,
              35.67675459955969
            ],
            [
              139.766149568983,
              35.67676520224111
            ],
            [
              139.76613752390176,
              35.676756434180746
            ],
            [
              139.766149121246,
              35.6767458224868
            ]
          ]
        ]
      }
    },
    {
      "type": "Feature",
      "properties": {
        "id": "bldg_29bd461f-540f-4b5e-beed-165d235ba6a4",
        "measuredHeight": -9999,
        "storeysAboveGround": 0,
        "meshCode": "53394611",
        "centroid": [
          139.76439393927896,
          35.681854421033734
        ]
      },
      "geometry": {
        "type": "Polygon",
        "coordinates": [
          [
            [
              139.76441701096752,
              35.6818294554371
            ],
            [
              139.7644271487028,
              35.68186001773439
            ],
            [
              139.7643879984812,
              35.68186898199549
            ],
            [
              139.7643739206331,
              35.681872345062466
            ],
            [
              139.7643636176102,
              35.68184130493921
            ],
            [
              139.76441701096752,
              35.6818294554371
            ]
          ]
        ]
      }
    },
    {
      "type": "Feature",
      "properties": {
        "id": "bldg_8549e3e7-9619-49c2-9d3c-88d63fab4629",
        "measuredHeight": 58,
        "storeysAboveGround": 11,
        "meshCode": "53394611",
        "centroid": [
          139.76367419896096,
          35.67664202858283
        ]
      },
      "geometry": {
        "type": "Polygon",
        "coordinates": [
          [
            [
              139.7638139043658,
              35.6769952315411
            ],
            [
              139.76383252515492,
              35.67705166819366
            ],
            [
              139.7641800251505,
              35.67697498122696
            ],
            [
              139.7643627134993,
              35.67752555402656
            ],
            [
              139.76422614349312,
              35.67755576182261
            ],
            [
              139.76425291869484,
              35.677636540133484
            ],
            [
              139.76351592501572,
              35.67779881270418
            ],
            [
              139.76288756007347,
              35.67590808878047
            ],
            [
              139.7632869870236,
              35.6758198971771
            ],
            [
              139.76331376085915,
              35.67590049544405
            ],
            [
              139.7634070156845,
              35.67587990821028
            ],
            [
              139.76348678660008,
              35.6761203505299
            ],
            [
              139.76333220850398,
              35.67615451291085
            ],
            [
              139.76335589726602,
              35.67622600550953
            ],
            [
              139.76360461452535,
              35.67617107595137
            ],
            [
              139.76371049918066,
              35.67649067372247
            ],
            [
              139.76355835137682,
              35.67652420683596
            ],
            [
              139.7635825913932,
              35.67659732217542
            ],
            [
              139.76381738756214,
              35.67654553891941
            ],
            [
              139.7639561637965,
              35.67696394584107
            ],
            [
              139.7638139043658,
              35.6769952315411
            ]
          ]
        ]
      }
    },
    {
      "type": "Feature",
      "properties": {
        "id": "bldg_cf00ef7a-2e7a-4d92-9b86-48a707b0be7a",
        "measuredHeight": -9999,
        "storeysAboveGround": 0,
        "meshCode": "53394611",
        "centroid": [
          139.76432545134318,
          35.681644171137656
        ]
      },
      "geometry": {
        "type": "Polygon",
        "coordinates": [
          [
            [
              139.76430408760797,
              35.6816666481142
            ],
            [
              139.7642931788493,
              35.68163347138596
            ],
            [
              139.7643468150293,
              35.68162173923208
            ],
            [
              139.7643577238862,
              35.68165482581839
            ],
            [
              139.76430408760797,
              35.6816666481142
            ]
          ]
        ]
      }
    },
    {
      "type": "Feature",
      "properties": {
        "id": "bldg_edc4ef72-ff55-4649-9dc5-56734c9c4256",
        "measuredHeight": 11.4,
        "storeysAboveGround": 9999,
        "meshCode": "53394611",
        "centroid": [
          139.76657798727163,
          35.679817211436955
        ]
      },
      "geometry": {
        "type": "Polygon",
        "coordinates": [
          [
            [
              139.76656111755318,
              35.6799101109983
            ],
            [
              139.76650668151797,
              35.67974341714283
            ],
            [
              139.76658027146786,
              35.679727503683715
            ],
            [
              139.76666387854758,
              35.679887813922946
            ],
            [
              139.76656111755318,
              35.6799101109983
            ]
          ]
        ]
      }
    },
    {
      "type": "Feature",
      "properties": {
        "id": "bldg_c2f71b82-6c33-450c-8be5-78a13b2de3a5",
        "measuredHeight": 3.4,
        "storeysAboveGround": 9999,
        "meshCode": "53394611",
        "centroid": [
          139.76547445135125,
          35.68102903718642
        ]
      },
      "geometry": {
        "type": "Polygon",
        "coordinates": [
          [
            [
              139.76550224596977,
              35.681039478717594
            ],
            [
              139.76543627990102,
              35.68105260156105
            ],
            [
              139.76548482818293,
              35.68099503128061
            ],
            [
              139.76550224596977,
              35.681039478717594
            ]
          ]
        ]
      }
    },
    {
      "type": "Feature",
      "properties": {
        "id": "bldg_1e9efa0d-2c7c-482b-875c-9f78eb9b52d9",
        "measuredHeight": 43.4,
        "storeysAboveGround": 34,
        "meshCode": "53394611",
        "centroid": [
          139.763573451222,
          35.679020389925036
        ]
      },
      "geometry": {
        "type": "Polygon",
        "coordinates": [
          [
            [
              139.76364993494974,
              35.67917656536915
            ],
            [
              139.7635961231927,
              35.67918870273384
            ],
            [
              139.76350701169045,
              35.67886193981175
            ],
            [
              139.76354073505496,
              35.678854351785404
            ],
            [
              139.76364993494974,
              35.67917656536915
            ]
          ]
        ]
      }
    },
    {
      "type": "Feature",
      "properties": {
        "id": "bldg_d21e45a6-4ce1-40aa-90db-441f665edb96",
        "measuredHeight": 11.3,
        "storeysAboveGround": 9999,
        "meshCode": "53394611",
        "centroid": [
          139.76642989251724,
          35.678860255357066
        ]
      },
      "geometry": {
        "type": "Polygon",
        "coordinates": [
          [
            [
              139.76645304707796,
              35.67888113498385
            ],
            [
              139.766424207497,
              35.6788880595249
            ],
            [
              139.76640668272742,
              35.67883937569753
            ],
            [
              139.7664356327666,
              35.67883245122198
            ],
            [
              139.76645304707796,
              35.67888113498385
            ]
          ]
        ]
      }
    },
    {
      "type": "Feature",
      "properties": {
        "id": "bldg_3c363b67-675e-4111-80f0-ed954af61b1e",
        "measuredHeight": 6.9,
        "storeysAboveGround": 1,
        "meshCode": "53394611",
        "centroid": [
          139.7640949055353,
          35.679289014322606
        ]
      },
      "geometry": {
        "type": "Polygon",
        "coordinates": [
          [
            [
              139.7641001334637,
              35.679301088217414
            ],
            [
              139.7641083833447,
              35.6793424659314
            ],
            [
              139.76408098034884,
              35.67934848936451
            ],
            [
              139.76406654513545,
              35.679305665895384
            ],
            [
              139.7640335090998,
              35.67931033401905
            ],
            [
              139.76402943797476,
              35.67929131272851
            ],
            [
              139.76405938031795,
              35.67928709351192
            ],
            [
              139.76404615879125,
              35.67924607348209
            ],
            [
              139.76407720796726,
              35.67923942119384
            ],
            [
              139.76408734049667,
              35.67927548189829
            ],
            [
              139.76422291462768,
              35.679250591792616
            ],
            [
              139.7642268748555,
              35.67927015383627
            ],
            [
              139.7641001334637,
              35.679301088217414
            ]
          ]
        ]
      }
    },
    {
      "type": "Feature",
      "properties": {
        "id": "bldg_18f07c97-24b0-4b2e-97aa-418c80d422e5",
        "measuredHeight": 12.7,
        "storeysAboveGround": 9999,
        "meshCode": "53394611",
        "centroid": [
          139.76567148882435,
          35.676521302573576
        ]
      },
      "geometry": {
        "type": "Polygon",
        "coordinates": [
          [
            [
              139.76557108300636,
              35.676545898675336
            ],
            [
              139.76574975037593,
              35.67646438884332
            ],
            [
              139.76577189466713,
              35.67649670645562
            ],
            [
              139.76559322724796,
              35.67657821632002
            ],
            [
              139.76557108300636,
              35.676545898675336
            ]
          ]
        ]
      }
    },
    {
      "type": "Feature",
      "properties": {
        "id": "bldg_a98349a1-56c0-4ec4-b22c-abe49301bd04",
        "measuredHeight": 180.1,
        "storeysAboveGround": 37,
        "meshCode": "53394611",
        "centroid": [
          139.76409828303468,
          35.680996077085716
        ]
      },
      "geometry": {
        "type": "Polygon",
        "coordinates": [
          [
            [
              139.7632611410718,
              35.68074362698542
            ],
            [
              139.7640593797211,
              35.68056597786673
            ],
            [
              139.76406943270197,
              35.680566434336384
            ],
            [
              139.76408246582517,
              35.680570047320295
            ],
            [
              139.7640967123235,
              35.68057582429274
            ],
            [
              139.76410698034204,
              35.68058313130789
            ],
            [
              139.7641130481486,
              35.680592869611075
            ],
            [
              139.7643540147829,
              35.68134331868956
            ],
            [
              139.76435389795145,
              35.68135070085605
            ],
            [
              139.76435046484198,
              35.68136034356522
            ],
            [
              139.76434382811098,
              35.681369714027085
            ],
            [
              139.76433034082862,
              35.68138016220847
            ],
            [
              139.7643254781791,
              35.68138205230182
            ],
            [
              139.7635287776565,
              35.68156087583129
            ],
            [
              139.7632611410718,
              35.68074362698542
            ]
          ]
        ]
      }
    },
    {
      "type": "Feature",
      "properties": {
        "id": "bldg_45a9ec00-62e0-406c-a39e-f60c3bafd802",
        "measuredHeight": 7.5,
        "storeysAboveGround": 9999,
        "meshCode": "53394611",
        "centroid": [
          139.76554460981376,
          35.677267306082875
        ]
      },
      "geometry": {
        "type": "Polygon",
        "coordinates": [
          [
            [
              139.76553635666687,
              35.6772051968941
            ],
            [
              139.76559411837022,
              35.67731464697876
            ],
            [
              139.76556682363343,
              35.67732424024741
            ],
            [
              139.76555744653098,
              35.67732189140159
            ],
            [
              139.76550508936532,
              35.67722264787781
            ],
            [
              139.76550782431582,
              35.67721521309762
            ],
            [
              139.76553635666687,
              35.6772051968941
            ]
          ]
        ]
      }
    },
    {
      "type": "Feature",
      "properties": {
        "id": "bldg_5be961f7-d72d-4db4-979e-7c001aa55aa7",
        "measuredHeight": -9999,
        "storeysAboveGround": 9999,
        "meshCode": "53394611",
        "centroid": [
          139.7627814018071,
          35.68251389684641
        ]
      },
      "geometry": {
        "type": "Polygon",
        "coordinates": [
          [
            [
              139.76271404820363,
              35.68251173521686
            ],
            [
              139.7626977426182,
              35.68246027537093
            ],
            [
              139.76274001983833,
              35.6824513585627
            ],
            [
              139.76275306432848,
              35.682492522829676
            ],
            [
              139.7627996068514,
              35.682482707129545
            ],
            [
              139.76280204168376,
              35.68249038824045
            ],
            [
              139.76304126257398,
              35.68243994318036
            ],
            [
              139.76304864426012,
              35.68246322991383
            ],
            [
              139.7630338151907,
              35.6824663670423
            ],
            [
              139.76303140239315,
              35.682458731017476
            ],
            [
              139.76268662090988,
              35.6825314411326
            ],
            [
              139.76271621335863,
              35.682624849584805
            ],
            [
              139.76270233456017,
              35.68262777090059
            ],
            [
              139.76269834630307,
              35.68261517640236
            ],
            [
              139.7626575054947,
              35.68262378757256
            ],
            [
              139.7626177662539,
              35.68249832037908
            ],
            [
              139.76265739150824,
              35.68248996089251
            ],
            [
              139.76266740619823,
              35.68252157786661
            ],
            [
              139.76271404820363,
              35.68251173521686
            ]
          ]
        ]
      }
    },
    {
      "type": "Feature",
      "properties": {
        "id": "bldg_6831738f-19f5-4d7b-8cb8-bb132543fd85",
        "measuredHeight": 6.8,
        "storeysAboveGround": 9999,
        "meshCode": "53394611",
        "centroid": [
          139.76510951142748,
          35.68008559512218
        ]
      },
      "geometry": {
        "type": "Polygon",
        "coordinates": [
          [
            [
              139.7650633559457,
              35.68012788074659
            ],
            [
              139.76504953217332,
              35.680131658668834
            ],
            [
              139.76503826467547,
              35.680104484932265
            ],
            [
              139.7650567286412,
              35.68010046627238
            ],
            [
              139.76509375160165,
              35.680084614104494
            ],
            [
              139.76512547645177,
              35.680063179432416
            ],
            [
              139.76514174379253,
              35.68004398942768
            ],
            [
              139.7651506587456,
              35.68003153751823
            ],
            [
              139.76518239604226,
              35.68004739258955
            ],
            [
              139.76516117508865,
              35.68007163649089
            ],
            [
              139.76514026904567,
              35.680089309566384
            ],
            [
              139.76512148856602,
              35.68010177391347
            ],
            [
              139.7650988077874,
              35.680114812925176
            ],
            [
              139.7650633559457,
              35.68012788074659
            ]
          ]
        ]
      }
    },
    {
      "type": "Feature",
      "properties": {
        "id": "bldg_62c10b31-7b88-419d-a05d-36d67035c157",
        "measuredHeight": 3.4,
        "storeysAboveGround": 9999,
        "meshCode": "53394611",
        "centroid": [
          139.7654948228771,
          35.67714209547019
        ]
      },
      "geometry": {
        "type": "Polygon",
        "coordinates": [
          [
            [
              139.76550626098773,
              35.67713052829553
            ],
            [
              139.76551239677144,
              35.677138157361
            ],
            [
              139.76548338476564,
              35.677153662645566
            ],
            [
              139.7654772489835,
              35.67714603357866
            ],
            [
              139.76550626098773,
              35.67713052829553
            ]
          ]
        ]
      }
    },
    {
      "type": "Feature",
      "properties": {
        "id": "bldg_f1cb3d95-878d-4d94-ae2f-214c4c1d96c3",
        "measuredHeight": -9999,
        "storeysAboveGround": 0,
        "meshCode": "53394611",
        "centroid": [
          139.76350062474285,
          35.680651533257276
        ]
      },
      "geometry": {
        "type": "Polygon",
        "coordinates": [
          [
            [
              139.76345618471981,
              35.68068406953717
            ],
            [
              139.763442191272,
              35.68064151667065
            ],
            [
              139.76354506477983,
              35.68061895191472
            ],
            [
              139.76355905819986,
              35.680661594906596
            ],
            [
              139.76345618471981,
              35.68068406953717
            ]
          ]
        ]
      }
    },
    {
      "type": "Feature",
      "properties": {
        "id": "bldg_6305895e-96c0-4ee2-8b6b-030e5b3f5b5a",
        "measuredHeight": 5.7,
        "storeysAboveGround": 9999,
        "meshCode": "53394611",
        "centroid": [
          139.76528127672088,
          35.67650261355906
        ]
      },
      "geometry": {
        "type": "Polygon",
        "coordinates": [
          [
            [
              139.765279468748,
              35.676420091915155
            ],
            [
              139.7653671861822,
              35.67654624345186
            ],
            [
              139.7652830846488,
              35.67658513523313
            ],
            [
              139.76519536730459,
              35.676458983636074
            ],
            [
              139.765279468748,
              35.676420091915155
            ]
          ]
        ]
      }
    },
    {
      "type": "Feature",
      "properties": {
        "id": "bldg_f2e91eb9-c1af-4222-a2a9-3a799c1c826e",
        "measuredHeight": 10.2,
        "storeysAboveGround": 2,
        "meshCode": "53394611",
        "centroid": [
          139.7661701296658,
          35.67761986781408
        ]
      },
      "geometry": {
        "type": "Polygon",
        "coordinates": [
          [
            [
              139.76620546074236,
              35.677577973721455
            ],
            [
              139.76622551209843,
              35.67764324424428
            ],
            [
              139.76615137230962,
              35.67765834595127
            ],
            [
              139.76609817351283,
              35.67759990733931
            ],
            [
              139.76620546074236,
              35.677577973721455
            ]
          ]
        ]
      }
    },
    {
      "type": "Feature",
      "properties": {
        "id": "bldg_8717ff9e-a205-4586-9c99-0c5e4c82971a",
        "measuredHeight": 10.6,
        "storeysAboveGround": 9999,
        "meshCode": "53394611",
        "centroid": [
          139.76711871870023,
          35.68231225956373
        ]
      },
      "geometry": {
        "type": "Polygon",
        "coordinates": [
          [
            [
              139.76713023240563,
              35.68230531567891
            ],
            [
              139.76712047493524,
              35.682307942317834
            ],
            [
              139.76712642862674,
              35.68232268301554
            ],
            [
              139.76713736847736,
              35.682319750559955
            ],
            [
              139.76714414908318,
              35.68233652881092
            ],
            [
              139.7671319826301,
              35.68233980311386
            ],
            [
              139.7671376606867,
              35.68235386763075
            ],
            [
              139.7671115818245,
              35.68236087497312
            ],
            [
              139.76708496667948,
              35.68229492500793
            ],
            [
              139.76709216049315,
              35.682292954962605
            ],
            [
              139.76708811456467,
              35.68228248781366
            ],
            [
              139.7671100052155,
              35.68227673107898
            ],
            [
              139.76712296617444,
              35.682287960282295
            ],
            [
              139.7671239700066,
              35.68228980864587
            ],
            [
              139.76713023240563,
              35.68230531567891
            ]
          ]
        ]
      }
    },
    {
      "type": "Feature",
      "properties": {
        "id": "bldg_5151a9d4-39ab-413c-ab90-63efe1ebcab8",
        "measuredHeight": 43.8,
        "storeysAboveGround": 9,
        "meshCode": "53394611",
        "centroid": [
          139.76244211088826,
          35.6801721659611
        ]
      },
      "geometry": {
        "type": "Polygon",
        "coordinates": [
          [
            [
              139.76247506186735,
              35.680409569251886
            ],
            [
              139.76232400563634,
              35.679950231342616
            ],
            [
              139.76230919901113,
              35.67995346754752
            ],
            [
              139.7623013762424,
              35.679929756854285
            ],
            [
              139.76228126574668,
              35.679934161709916
            ],
            [
              139.76222033742025,
              35.67974844314489
            ],
            [
              139.76259912058302,
              35.67966564992716
            ],
            [
              139.76288823500258,
              35.68054519773974
            ],
            [
              139.76251541491393,
              35.68062664330281
            ],
            [
              139.76245646867628,
              35.680447055371715
            ],
            [
              139.76247260134295,
              35.6804435495179
            ],
            [
              139.76246224421644,
              35.680412265822866
            ],
            [
              139.76247506186735,
              35.680409569251886
            ]
          ]
        ]
      }
    },
    {
      "type": "Feature",
      "properties": {
        "id": "bldg_9bd84c58-4d48-4e2c-a81e-8710c40962f5",
        "measuredHeight": 8.3,
        "storeysAboveGround": 9999,
        "meshCode": "53394611",
        "centroid": [
          139.7653529530033,
          35.67659062799804
        ]
      },
      "geometry": {
        "type": "Polygon",
        "coordinates": [
          [
            [
              139.765303416918,
              35.676578566704876
            ],
            [
              139.7653671829723,
              35.676550029213836
            ],
            [
              139.7654024891033,
              35.676602689281985
            ],
            [
              139.76533872301962,
              35.676631226791436
            ],
            [
              139.765303416918,
              35.676578566704876
            ]
          ]
        ]
      }
    },
    {
      "type": "Feature",
      "properties": {
        "id": "bldg_46468e66-bf4d-45ea-8c3f-96a2ad476673",
        "measuredHeight": -9999,
        "storeysAboveGround": 9999,
        "meshCode": "53394611",
        "centroid": [
          139.7654682995389,
          35.68250991203993
        ]
      },
      "geometry": {
        "type": "Polygon",
        "coordinates": [
          [
            [
              139.76552731436007,
              35.6824876363639
            ],
            [
              139.7655329349231,
              35.68250404448935
            ],
            [
              139.76540928470604,
              35.682532187718806
            ],
            [
              139.76540366416637,
              35.68251577958766
            ],
            [
              139.76552731436007,
              35.6824876363639
            ]
          ]
        ]
      }
    },
    {
      "type": "Feature",
      "properties": {
        "id": "bldg_ec96d0c9-80f0-4ccf-90e9-8773f8d80269",
        "measuredHeight": 8.4,
        "storeysAboveGround": 9999,
        "meshCode": "53394611",
        "centroid": [
          139.7658855566271,
          35.67863215241545
        ]
      },
      "geometry": {
        "type": "Polygon",
        "coordinates": [
          [
            [
              139.76587323888046,
              35.67866484278657
            ],
            [
              139.76585638454654,
              35.67860759621894
            ],
            [
              139.7658978190849,
              35.67859950708485
            ],
            [
              139.76591478399655,
              35.678656663571466
            ],
            [
              139.76587323888046,
              35.67866484278657
            ]
          ]
        ]
      }
    },
    {
      "type": "Feature",
      "properties": {
        "id": "bldg_80156c60-14b4-4e59-988d-0d672f6abd5d",
        "measuredHeight": 5,
        "storeysAboveGround": 9999,
        "meshCode": "53394611",
        "centroid": [
          139.7663454134605,
          35.67702868332309
        ]
      },
      "geometry": {
        "type": "Polygon",
        "coordinates": [
          [
            [
              139.7663862929114,
              35.67703605224751
            ],
            [
              139.76633538804475,
              35.67706184824778
            ],
            [
              139.76630453401756,
              35.677021314392235
            ],
            [
              139.7663554388684,
              35.67699551840484
            ],
            [
              139.7663862929114,
              35.67703605224751
            ]
          ]
        ]
      }
    },
    {
      "type": "Feature",
      "properties": {
        "id": "bldg_0adb2df8-9ce1-4856-a6cc-0a56a98b1a33",
        "measuredHeight": 3.3,
        "storeysAboveGround": 9999,
        "meshCode": "53394611",
        "centroid": [
          139.76599044147216,
          35.68160268638267
        ]
      },
      "geometry": {
        "type": "Polygon",
        "coordinates": [
          [
            [
              139.76596683791993,
              35.68162886703986
            ],
            [
              139.76595345827153,
              35.68159033493178
            ],
            [
              139.7660141223683,
              35.681576478730875
            ],
            [
              139.7660273473289,
              35.681615064828144
            ],
            [
              139.76596683791993,
              35.68162886703986
            ]
          ]
        ]
      }
    },
    {
      "type": "Feature",
      "properties": {
        "id": "bldg_74d10abf-f34f-41c1-91fc-2c0902ec8099",
        "measuredHeight": 19.9,
        "storeysAboveGround": 0,
        "meshCode": "53394611",
        "centroid": [
          139.76374742551337,
          35.676520778242086
        ]
      },
      "geometry": {
        "type": "Polygon",
        "coordinates": [
          [
            [
              139.76357664195413,
              35.67657893073361
            ],
            [
              139.76356716630826,
              35.676550351741156
            ],
            [
              139.76391500414755,
              35.67646402104369
            ],
            [
              139.76393088964358,
              35.67648980944988
            ],
            [
              139.76357664195413,
              35.67657893073361
            ]
          ]
        ]
      }
    },
    {
      "type": "Feature",
      "properties": {
        "id": "bldg_3ebd7110-ecb7-4092-ac8d-999816830d54",
        "measuredHeight": 14.7,
        "storeysAboveGround": 24,
        "meshCode": "53394611",
        "centroid": [
          139.76468800548938,
          35.67916342024388
        ]
      },
      "geometry": {
        "type": "Polygon",
        "coordinates": [
          [
            [
              139.76459199331512,
              35.67914247620131
            ],
            [
              139.76476138154737,
              35.67910678832626
            ],
            [
              139.76478429311697,
              35.679185310868355
            ],
            [
              139.76461435397803,
              35.679219105579634
            ],
            [
              139.76459199331512,
              35.67914247620131
            ]
          ]
        ]
      }
    },
    {
      "type": "Feature",
      "properties": {
        "id": "bldg_4f044965-08dc-45ac-82f0-301c2a131720",
        "measuredHeight": 7.2,
        "storeysAboveGround": 9999,
        "meshCode": "53394611",
        "centroid": [
          139.7655641581124,
          35.67687129903582
        ]
      },
      "geometry": {
        "type": "Polygon",
        "coordinates": [
          [
            [
              139.7657256146312,
              35.6771298133881
            ],
            [
              139.76534589431913,
              35.67664222758325
            ],
            [
              139.76540270149027,
              35.676612784771805
            ],
            [
              139.765782422009,
              35.677100370400105
            ],
            [
              139.7657256146312,
              35.6771298133881
            ]
          ]
        ]
      }
    },
    {
      "type": "Feature",
      "properties": {
        "id": "bldg_66be0e64-a0f8-4974-9b90-cd0da900205d",
        "measuredHeight": 172.1,
        "storeysAboveGround": 34,
        "meshCode": "53394611",
        "centroid": [
          139.76313192590632,
          35.678827052809375
        ]
      },
      "geometry": {
        "type": "Polygon",
        "coordinates": [
          [
            [
              139.76319861555615,
              35.67864281730875
            ],
            [
              139.7633009214297,
              35.67868543964485
            ],
            [
              139.7632913054776,
              35.678703470504836
            ],
            [
              139.76334981129068,
              35.67873022119141
            ],
            [
              139.7633782230119,
              35.678745425820374
            ],
            [
              139.76344311396213,
              35.678759885457296
            ],
            [
              139.76347813332683,
              35.67876096939904
            ],
            [
              139.76359546921174,
              35.679191208169
            ],
            [
              139.76365436382468,
              35.67917790196277
            ],
            [
              139.7636708927228,
              35.679226585610934
            ],
            [
              139.76361188760202,
              35.67923989176114
            ],
            [
              139.7636003175513,
              35.67920563292785
            ],
            [
              139.7627604321434,
              35.67939488234332
            ],
            [
              139.76254506231646,
              35.67875551195175
            ],
            [
              139.76254174001005,
              35.678739645851564
            ],
            [
              139.76254490787954,
              35.67873023739066
            ],
            [
              139.76255334536046,
              35.67872083202753
            ],
            [
              139.7626706888235,
              35.67867312823722
            ],
            [
              139.76276011605412,
              35.67864974501626
            ],
            [
              139.76289981015773,
              35.67862492190839
            ],
            [
              139.76296220072294,
              35.6786181890862
            ],
            [
              139.7630906804425,
              35.67861990460723
            ],
            [
              139.76311673789834,
              35.67862373261
            ],
            [
              139.76314744497492,
              35.67862908663627
            ],
            [
              139.76319861555615,
              35.67864281730875
            ]
          ]
        ]
      }
    },
    {
      "type": "Feature",
      "properties": {
        "id": "bldg_5d5dd52d-bfdd-4bb6-9cbf-f865fb6946fb",
        "measuredHeight": 173,
        "storeysAboveGround": 30,
        "meshCode": "53394611",
        "centroid": [
          139.76500607708599,
          35.678607433584325
        ]
      },
      "geometry": {
        "type": "Polygon",
        "coordinates": [
          [
            [
              139.76531929451826,
              35.67894468656917
            ],
            [
              139.76526729713757,
              35.67895424778258
            ],
            [
              139.76526122009753,
              35.67895536204814
            ],
            [
              139.7652230662398,
              35.67896364210658
            ],
            [
              139.76523970453056,
              35.6790146691706
            ],
            [
              139.76491915872367,
              35.679084073371584
            ],
            [
              139.7649020798791,
              35.67903169395566
            ],
            [
              139.76486594802404,
              35.679039515350276
            ],
            [
              139.764609218927,
              35.67825039816597
            ],
            [
              139.7646419251579,
              35.67824329599051
            ],
            [
              139.764594987247,
              35.67809895953266
            ],
            [
              139.76491229167615,
              35.678030554862424
            ],
            [
              139.76498195780476,
              35.678015541517276
            ],
            [
              139.76500549238872,
              35.6780758746963
            ],
            [
              139.76501318297298,
              35.67807394111042
            ],
            [
              139.76534040805046,
              35.6789424811192
            ],
            [
              139.76531929451826,
              35.67894468656917
            ]
          ]
        ]
      }
    },
    {
      "type": "Feature",
      "properties": {
        "id": "bldg_8a547876-0b03-40b5-943d-a310d884980b",
        "measuredHeight": 4.3,
        "storeysAboveGround": 1,
        "meshCode": "53394611",
        "centroid": [
          139.7656716313692,
          35.67610381103973
        ]
      },
      "geometry": {
        "type": "Polygon",
        "coordinates": [
          [
            [
              139.7656619468426,
              35.67612555872274
            ],
            [
              139.76567176646614,
              35.676140076336736
            ],
            [
              139.7656606046842,
              35.67614511774927
            ],
            [
              139.76561404453517,
              35.67607595630886
            ],
            [
              139.7656922873263,
              35.676040756628424
            ],
            [
              139.765729138361,
              35.6760954004924
            ],
            [
              139.7656619468426,
              35.67612555872274
            ]
          ]
        ]
      }
    },
    {
      "type": "Feature",
      "properties": {
        "id": "bldg_48fab8e2-9b16-43c2-8f67-4d8c0b64bd63",
        "measuredHeight": 5.2,
        "storeysAboveGround": 9999,
        "meshCode": "53394611",
        "centroid": [
          139.7655287009795,
          35.6807157412459
        ]
      },
      "geometry": {
        "type": "Polygon",
        "coordinates": [
          [
            [
              139.76569730977158,
              35.68109892575221
            ],
            [
              139.7654243813395,
              35.681157090865135
            ],
            [
              139.76541633780698,
              35.6811319290456
            ],
            [
              139.76565379654423,
              35.68108132455284
            ],
            [
              139.7655514987189,
              35.680815082937215
            ],
            [
              139.76540185884292,
              35.680748477369214
            ],
            [
              139.76536901057827,
              35.68066138632448
            ],
            [
              139.76524525045042,
              35.68069214331146
            ],
            [
              139.76521449729853,
              35.68060992081595
            ],
            [
              139.76533803627373,
              35.680579262886084
            ],
            [
              139.76530529831797,
              35.68049253243254
            ],
            [
              139.76541945946866,
              35.680316279554084
            ],
            [
              139.7655145448981,
              35.68035725542946
            ],
            [
              139.76552704397287,
              35.68033923503417
            ],
            [
              139.76553773028468,
              35.68037457482486
            ],
            [
              139.76552710739847,
              35.6803948497072
            ],
            [
              139.76554422681318,
              35.68040008730341
            ],
            [
              139.7655065818928,
              35.68045892567708
            ],
            [
              139.76549200412055,
              35.68045286925945
            ],
            [
              139.76544868300263,
              35.68050891917727
            ],
            [
              139.76551825632973,
              35.680671295431885
            ],
            [
              139.76570511650917,
              35.6807501804236
            ],
            [
              139.76572010569046,
              35.68079247218838
            ],
            [
              139.76566455635123,
              35.68076810394454
            ],
            [
              139.7656144469597,
              35.680843069895296
            ],
            [
              139.76559567288896,
              35.68083475770101
            ],
            [
              139.76567305787972,
              35.68103598737084
            ],
            [
              139.76577228795247,
              35.6810105342764
            ],
            [
              139.76578066377613,
              35.68103479488748
            ],
            [
              139.7656822072529,
              35.68105996899814
            ],
            [
              139.76569730977158,
              35.68109892575221
            ]
          ]
        ]
      }
    },
    {
      "type": "Feature",
      "properties": {
        "id": "bldg_85192508-d370-40c4-aa2e-daa0395fe27c",
        "measuredHeight": -9999,
        "storeysAboveGround": 0,
        "meshCode": "53394611",
        "centroid": [
          139.76369510080733,
          35.682007624273695
        ]
      },
      "geometry": {
        "type": "Polygon",
        "coordinates": [
          [
            [
              139.76366561448515,
              35.681994424659294
            ],
            [
              139.76371213504424,
              35.68198399566003
            ],
            [
              139.7637245871786,
              35.68202077881719
            ],
            [
              139.76367806652138,
              35.682031297958275
            ],
            [
              139.76366561448515,
              35.681994424659294
            ]
          ]
        ]
      }
    },
    {
      "type": "Feature",
      "properties": {
        "id": "bldg_48a1adfd-c74e-4ecc-9ed0-88586edce0bb",
        "measuredHeight": 8.2,
        "storeysAboveGround": 9999,
        "meshCode": "53394611",
        "centroid": [
          139.7626050627365,
          35.67744714702034
        ]
      },
      "geometry": {
        "type": "Polygon",
        "coordinates": [
          [
            [
              139.76248920636533,
              35.67744334275302
            ],
            [
              139.76259820806345,
              35.67741985398423
            ],
            [
              139.76256570738258,
              35.67731944005203
            ],
            [
              139.76266917314967,
              35.6772971828444
            ],
            [
              139.76276027475726,
              35.677578644670916
            ],
            [
              139.76254780670067,
              35.67762441781741
            ],
            [
              139.76248920636533,
              35.67744334275302
            ]
          ]
        ]
      }
    },
    {
      "type": "Feature",
      "properties": {
        "id": "bldg_c73515a2-f903-442b-ae10-c2c6aa5a6a38",
        "measuredHeight": 10.6,
        "storeysAboveGround": 2,
        "meshCode": "53394611",
        "centroid": [
          139.76673722781916,
          35.68137760116467
        ]
      },
      "geometry": {
        "type": "Polygon",
        "coordinates": [
          [
            [
              139.76687026463765,
              35.681918393936904
            ],
            [
              139.76686375569906,
              35.68192050856669
            ],
            [
              139.76625851961583,
              35.68031194560937
            ],
            [
              139.7662727167117,
              35.68031088088536
            ],
            [
              139.76626771999676,
              35.680301485808336
            ],
            [
              139.76639176700095,
              35.680269970775
            ],
            [
              139.766395493079,
              35.68027957245601
            ],
            [
              139.76640794693134,
              35.6802757665767
            ],
            [
              139.76715785976467,
              35.68226935713175
            ],
            [
              139.7671147636712,
              35.682280591566176
            ],
            [
              139.7671099612474,
              35.68227646064339
            ],
            [
              139.76708771688507,
              35.682282433512526
            ],
            [
              139.76708962426721,
              35.682287157748576
            ],
            [
              139.76703307996056,
              35.68230189108865
            ],
            [
              139.76687026463765,
              35.681918393936904
            ]
          ]
        ]
      }
    },
    {
      "type": "Feature",
      "properties": {
        "id": "bldg_398cf2a5-a8be-41b6-b37c-13a77af74fed",
        "measuredHeight": -9999,
        "storeysAboveGround": 9999,
        "meshCode": "53394611",
        "centroid": [
          139.76617448885688,
          35.676794531023475
        ]
      },
      "geometry": {
        "type": "Polygon",
        "coordinates": [
          [
            [
              139.76617517271467,
              35.67680898716358
            ],
            [
              139.76615906197028,
              35.67678739932364
            ],
            [
              139.76617380500156,
              35.67678007037748
            ],
            [
              139.7661899157409,
              35.67680166722919
            ],
            [
              139.76617517271467,
              35.67680898716358
            ]
          ]
        ]
      }
    },
    {
      "type": "Feature",
      "properties": {
        "id": "bldg_8768e1fb-68a6-4079-bc9a-f683759fb6d3",
        "measuredHeight": 8,
        "storeysAboveGround": 9999,
        "meshCode": "53394611",
        "centroid": [
          139.76653637394529,
          35.68312320515854
        ]
      },
      "geometry": {
        "type": "Polygon",
        "coordinates": [
          [
            [
              139.76654464017452,
              35.68311159347201
            ],
            [
              139.7665474008252,
              35.68311321747186
            ],
            [
              139.76654971917995,
              35.68311529191198
            ],
            [
              139.7665513743537,
              35.68311772653276
            ],
            [
              139.76655247690155,
              35.683120431258374
            ],
            [
              139.76655280601346,
              35.683123225692086
            ],
            [
              139.76655247224463,
              35.683126019758156
            ],
            [
              139.766551365265,
              35.683128633121015
            ],
            [
              139.76654970603488,
              35.68313106590328
            ],
            [
              139.76654738414913,
              35.683133227906566
            ],
            [
              139.76654462079344,
              35.683134848842066
            ],
            [
              139.76654141588511,
              35.68313602786055
            ],
            [
              139.7665381010375,
              35.683136557830636
            ],
            [
              139.766534676153,
              35.68313655593047
            ],
            [
              139.76653125171174,
              35.683136022221326
            ],
            [
              139.76652815925198,
              35.68313483970898
            ],
            [
              139.76652539860095,
              35.683133215708686
            ],
            [
              139.76652308032143,
              35.68313105113098
            ],
            [
              139.76652131466818,
              35.68312861644852
            ],
            [
              139.76652021204615,
              35.68312600185975
            ],
            [
              139.7665198829353,
              35.68312320742591
            ],
            [
              139.7665202167053,
              35.68312041335997
            ],
            [
              139.7665213237609,
              35.68311770986027
            ],
            [
              139.76652309347176,
              35.683115277139684
            ],
            [
              139.7665254152825,
              35.683113205274
            ],
            [
              139.76652817863783,
              35.68311158433894
            ],
            [
              139.76653127305772,
              35.68311041427316
            ],
            [
              139.76653469839195,
              35.683109875350894
            ],
            [
              139.76653812327532,
              35.68310987725107
            ],
            [
              139.76654143722786,
              35.683110419912374
            ],
            [
              139.76654464017452,
              35.68311159347201
            ]
          ]
        ]
      }
    },
    {
      "type": "Feature",
      "properties": {
        "id": "bldg_50688de8-4117-4a7e-8d02-0b3da49d8727",
        "measuredHeight": 47.6,
        "storeysAboveGround": 11,
        "meshCode": "53394611",
        "centroid": [
          139.76258924322133,
          35.67667510313288
        ]
      },
      "geometry": {
        "type": "Polygon",
        "coordinates": [
          [
            [
              139.7627745298661,
              35.67640676995646
            ],
            [
              139.76291488621604,
              35.676830857656114
            ],
            [
              139.76240395532253,
              35.67694343660166
            ],
            [
              139.76226360148064,
              35.67651934831728
            ],
            [
              139.7627745298661,
              35.67640676995646
            ]
          ]
        ]
      }
    },
    {
      "type": "Feature",
      "properties": {
        "id": "bldg_645422b3-0255-4c85-a7dd-a0309de98a02",
        "measuredHeight": -9999,
        "storeysAboveGround": 9999,
        "meshCode": "53394611",
        "centroid": [
          139.76393898389173,
          35.678111001881945
        ]
      },
      "geometry": {
        "type": "Polygon",
        "coordinates": [
          [
            [
              139.76395033412362,
              35.678083320527826
            ],
            [
              139.76396507419975,
              35.67813097554946
            ],
            [
              139.76392763917698,
              35.67813867873465
            ],
            [
              139.7639128880666,
              35.67809103271586
            ],
            [
              139.76395033412362,
              35.678083320527826
            ]
          ]
        ]
      }
    },
    {
      "type": "Feature",
      "properties": {
        "id": "bldg_ded14521-eb40-41b9-90af-eae7e1e59d61",
        "measuredHeight": -9999,
        "storeysAboveGround": 9999,
        "meshCode": "53394611",
        "centroid": [
          139.76383379042832,
          35.678134239415726
        ]
      },
      "geometry": {
        "type": "Polygon",
        "coordinates": [
          [
            [
              139.7638981903332,
              35.678147576325166
            ],
            [
              139.76379622741726,
              35.678168483395176
            ],
            [
              139.76378187316809,
              35.67812189219519
            ],
            [
              139.76381567294794,
              35.67811497115016
            ],
            [
              139.7638213022845,
              35.67813324521238
            ],
            [
              139.76388947641908,
              35.67811926821627
            ],
            [
              139.7638981903332,
              35.678147576325166
            ]
          ]
        ]
      }
    },
    {
      "type": "Feature",
      "properties": {
        "id": "bldg_15acfcd7-ca46-4ad6-957c-593505d8eec7",
        "measuredHeight": -9999,
        "storeysAboveGround": 0,
        "meshCode": "53394611",
        "centroid": [
          139.76325440397167,
          35.68187847244038
        ]
      },
      "geometry": {
        "type": "Polygon",
        "coordinates": [
          [
            [
              139.76322480807968,
              35.68186437128248
            ],
            [
              139.76327099710645,
              35.68185403239755
            ],
            [
              139.76328399991334,
              35.68189252852727
            ],
            [
              139.76323781078722,
              35.68190295755422
            ],
            [
              139.76322480807968,
              35.68186437128248
            ]
          ]
        ]
      }
    },
    {
      "type": "Feature",
      "properties": {
        "id": "bldg_ee9399f7-2000-42f7-b2d3-1442504b4374",
        "measuredHeight": 18.6,
        "storeysAboveGround": 2,
        "meshCode": "53394611",
        "centroid": [
          139.76754240407658,
          35.681921877502496
        ]
      },
      "geometry": {
        "type": "Polygon",
        "coordinates": [
          [
            [
              139.7677585082693,
              35.683084047816266
            ],
            [
              139.7675748944968,
              35.68213642602044
            ],
            [
              139.7675383457851,
              35.681977764666215
            ],
            [
              139.76746839739792,
              35.6817276859539
            ],
            [
              139.76742497423672,
              35.68159967644136
            ],
            [
              139.76704732705682,
              35.680571085179416
            ],
            [
              139.76664055544353,
              35.67950480810145
            ],
            [
              139.766773153233,
              35.679471620854734
            ],
            [
              139.76686269567517,
              35.67966862007901
            ],
            [
              139.7674726347938,
              35.68127664192503
            ],
            [
              139.7676461198193,
              35.68177294176336
            ],
            [
              139.76768446178056,
              35.68190050675013
            ],
            [
              139.76771418771202,
              35.68202662483199
            ],
            [
              139.76776161527334,
              35.682257311639276
            ],
            [
              139.7677786577418,
              35.6823572830168
            ],
            [
              139.7678116158302,
              35.68258435642674
            ],
            [
              139.76783439987926,
              35.68282377307278
            ],
            [
              139.76786183070553,
              35.68305526016412
            ],
            [
              139.76783077866872,
              35.68306398657612
            ],
            [
              139.76785256762247,
              35.68316936874028
            ],
            [
              139.7678079286123,
              35.68317547377887
            ],
            [
              139.76778723965054,
              35.68307604125656
            ],
            [
              139.7677585082693,
              35.683084047816266
            ]
          ]
        ]
      }
    },
    {
      "type": "Feature",
      "properties": {
        "id": "bldg_5609f563-180e-476d-89d7-6a33a5124134",
        "measuredHeight": 6.6,
        "storeysAboveGround": 9999,
        "meshCode": "53394611",
        "centroid": [
          139.7654558683767,
          35.677066297403265
        ]
      },
      "geometry": {
        "type": "Polygon",
        "coordinates": [
          [
            [
              139.7654888126956,
              35.67707091071855
            ],
            [
              139.76544758824684,
              35.67709270069092
            ],
            [
              139.76542297930212,
              35.677061679608116
            ],
            [
              139.7654640932622,
              35.67703989859548
            ],
            [
              139.7654888126956,
              35.67707091071855
            ]
          ]
        ]
      }
    },
    {
      "type": "Feature",
      "properties": {
        "id": "bldg_f40e1dda-da33-48f5-b81a-1b310d4bc0c0",
        "measuredHeight": 14.4,
        "storeysAboveGround": 14,
        "meshCode": "53394611",
        "centroid": [
          139.76801197404225,
          35.680578307373885
        ]
      },
      "geometry": {
        "type": "Polygon",
        "coordinates": [
          [
            [
              139.76802516672734,
              35.68069348501929
            ],
            [
              139.76795703324447,
              35.68052038466933
            ],
            [
              139.76786476273287,
              35.680277504978015
            ],
            [
              139.7678024646062,
              35.68012956498899
            ],
            [
              139.76773564599497,
              35.67997087814916
            ],
            [
              139.7676565673639,
              35.679809128930586
            ],
            [
              139.76756291621828,
              35.67963529331316
            ],
            [
              139.76739810040362,
              35.67935036964761
            ],
            [
              139.76725288936476,
              35.67913927886805
            ],
            [
              139.76734570564807,
              35.67911796725801
            ],
            [
              139.76750881960086,
              35.67932203701451
            ],
            [
              139.7677459256624,
              35.679694252729035
            ],
            [
              139.76780802987557,
              35.679808580495994
            ],
            [
              139.76789626888228,
              35.6799818721537
            ],
            [
              139.7679350844341,
              35.68007004740769
            ],
            [
              139.7679455367848,
              35.680095507824724
            ],
            [
              139.76803409544146,
              35.680311127965886
            ],
            [
              139.7685302173083,
              35.681629147335876
            ],
            [
              139.7688138929243,
              35.682382747135435
            ],
            [
              139.7689689400101,
              35.68279463969491
            ],
            [
              139.76882584031074,
              35.68282998700412
            ],
            [
              139.7686716140783,
              35.68241482272556
            ],
            [
              139.7686074629899,
              35.682231809844126
            ],
            [
              139.76839439640557,
              35.68166894181954
            ],
            [
              139.76802516672734,
              35.68069348501929
            ]
          ]
        ]
      }
    },
    {
      "type": "Feature",
      "properties": {
        "id": "bldg_eb0061c9-95f1-467b-b0ca-1a30baa094c6",
        "measuredHeight": 11.4,
        "storeysAboveGround": 2,
        "meshCode": "53394611",
        "centroid": [
          139.76681931778734,
          35.682716696983505
        ]
      },
      "geometry": {
        "type": "Polygon",
        "coordinates": [
          [
            [
              139.76675676287354,
              35.68271168234025
            ],
            [
              139.76684054235324,
              35.68266837267443
            ],
            [
              139.76688192792034,
              35.68272175671166
            ],
            [
              139.7667980380023,
              35.68276497620768
            ],
            [
              139.76675676287354,
              35.68271168234025
            ]
          ]
        ]
      }
    },
    {
      "type": "Feature",
      "properties": {
        "id": "bldg_1f067b36-d3df-4ad8-b1fa-e1c2f628e59c",
        "measuredHeight": 4.3,
        "storeysAboveGround": 9999,
        "meshCode": "53394611",
        "centroid": [
          139.76644808027052,
          35.67788608507097
        ]
      },
      "geometry": {
        "type": "Polygon",
        "coordinates": [
          [
            [
              139.76649143806375,
              35.67788618576979
            ],
            [
              139.76643750977553,
              35.677920371905365
            ],
            [
              139.76640469484857,
              35.677886002376994
            ],
            [
              139.76645867839417,
              35.67785178023174
            ],
            [
              139.76649143806375,
              35.67788618576979
            ]
          ]
        ]
      }
    },
    {
      "type": "Feature",
      "properties": {
        "id": "bldg_626918b8-5fc5-4696-89b9-b987f572d09d",
        "measuredHeight": 17.1,
        "storeysAboveGround": 3,
        "meshCode": "53394611",
        "centroid": [
          139.76533172289578,
          35.67615766186291
        ]
      },
      "geometry": {
        "type": "Polygon",
        "coordinates": [
          [
            [
              139.76553169021588,
              35.6760089830613
            ],
            [
              139.7655905002071,
              35.67609266352252
            ],
            [
              139.76513197578396,
              35.6763070124222
            ],
            [
              139.76507272537611,
              35.67622198844561
            ],
            [
              139.76553169021588,
              35.6760089830613
            ]
          ]
        ]
      }
    },
    {
      "type": "Feature",
      "properties": {
        "id": "bldg_f31467c0-e075-4d7a-b381-1282a0ac6332",
        "measuredHeight": -9999,
        "storeysAboveGround": 9999,
        "meshCode": "53394611",
        "centroid": [
          139.76717944969317,
          35.67816480370699
        ]
      },
      "geometry": {
        "type": "Polygon",
        "coordinates": [
          [
            [
              139.76731917685143,
              35.67808977566777
            ],
            [
              139.76728822234818,
              35.67810306294437
            ],
            [
              139.7673326726132,
              35.678175215114216
            ],
            [
              139.76689306578265,
              35.67836203508074
            ],
            [
              139.76683386234126,
              35.678269584718116
            ],
            [
              139.7672810696021,
              35.67808247168168
            ],
            [
              139.7673080783133,
              35.67807148074207
            ],
            [
              139.76731917685143,
              35.67808977566777
            ]
          ]
        ]
      }
    },
    {
      "type": "Feature",
      "properties": {
        "id": "bldg_1e6ab200-9005-4ae0-ac7e-59e582326bed",
        "measuredHeight": 6.7,
        "storeysAboveGround": 9999,
        "meshCode": "53394611",
        "centroid": [
          139.7646621138221,
          35.67795358398155
        ]
      },
      "geometry": {
        "type": "Polygon",
        "coordinates": [
          [
            [
              139.76464328503155,
              35.67794557356466
            ],
            [
              139.76467389153078,
              35.67793919127989
            ],
            [
              139.76468094265527,
              35.67796154932898
            ],
            [
              139.76465033607087,
              35.677968021752676
            ],
            [
              139.76464328503155,
              35.67794557356466
            ]
          ]
        ]
      }
    },
    {
      "type": "Feature",
      "properties": {
        "id": "bldg_194048b0-76a1-4362-af9f-8022455c92f5",
        "measuredHeight": -9999,
        "storeysAboveGround": 9999,
        "meshCode": "53394611",
        "centroid": [
          139.7654425481407,
          35.682612662867015
        ]
      },
      "geometry": {
        "type": "Polygon",
        "coordinates": [
          [
            [
              139.7655294264665,
              35.68261591172126
            ],
            [
              139.76536960997797,
              35.68265130860333
            ],
            [
              139.76535566985368,
              35.68260941400366
            ],
            [
              139.76551548626475,
              35.68257401713981
            ],
            [
              139.7655294264665,
              35.68261591172126
            ]
          ]
        ]
      }
    },
    {
      "type": "Feature",
      "properties": {
        "id": "bldg_254c0877-bcb3-4142-a5c6-2a1ec166f91f",
        "measuredHeight": 3.2,
        "storeysAboveGround": 0,
        "meshCode": "53394611",
        "centroid": [
          139.76285130349405,
          35.680770374814216
        ]
      },
      "geometry": {
        "type": "Polygon",
        "coordinates": [
          [
            [
              139.76291799602555,
              35.680773108954945
            ],
            [
              139.76279567393195,
              35.6808005201749
            ],
            [
              139.76278461098576,
              35.68076764066795
            ],
            [
              139.76290693303292,
              35.68074022945905
            ],
            [
              139.76291799602555,
              35.680773108954945
            ]
          ]
        ]
      }
    },
    {
      "type": "Feature",
      "properties": {
        "id": "bldg_6da3a696-44fd-4b36-bb0b-0b4ea987fdfe",
        "measuredHeight": 3.1,
        "storeysAboveGround": 9999,
        "meshCode": "53394611",
        "centroid": [
          139.7653227276355,
          35.68070107462142
        ]
      },
      "geometry": {
        "type": "Polygon",
        "coordinates": [
          [
            [
              139.76532756580337,
              35.68070626024676
            ],
            [
              139.76532093727226,
              35.680706166365354
            ],
            [
              139.76530491706615,
              35.68070741923496
            ],
            [
              139.76526525138016,
              35.68071271490934
            ],
            [
              139.76526206117993,
              35.68069666868939
            ],
            [
              139.76530238979527,
              35.68069128325343
            ],
            [
              139.76532017770307,
              35.680689941245575
            ],
            [
              139.76532912616852,
              35.68069012657458
            ],
            [
              139.7653424926344,
              35.68069157631828
            ],
            [
              139.7653815954512,
              35.68069862909313
            ],
            [
              139.7653772734056,
              35.680714490795715
            ],
            [
              139.76533894376604,
              35.680707618730466
            ],
            [
              139.76532756580337,
              35.68070626024676
            ]
          ]
        ]
      }
    },
    {
      "type": "Feature",
      "properties": {
        "id": "bldg_2b101e06-9f9c-488b-b833-26e3ece73683",
        "measuredHeight": 12.3,
        "storeysAboveGround": 2,
        "meshCode": "53394611",
        "centroid": [
          139.76727291275412,
          35.6816860984818
        ]
      },
      "geometry": {
        "type": "Polygon",
        "coordinates": [
          [
            [
              139.7673982929148,
              35.682205013942394
            ],
            [
              139.76732590280739,
              35.68196881494119
            ],
            [
              139.76704680185762,
              35.681206101243184
            ],
            [
              139.7665601022455,
              35.6799353488464
            ],
            [
              139.7666898284878,
              35.67990206996446
            ],
            [
              139.76682227372183,
              35.680186616146194
            ],
            [
              139.76738677491937,
              35.6817022225955
            ],
            [
              139.76742963077726,
              35.68184835839089
            ],
            [
              139.767463992535,
              35.681979166204854
            ],
            [
              139.7674932788993,
              35.68210203916153
            ],
            [
              139.7675684016636,
              35.682509346893994
            ],
            [
              139.76761426760575,
              35.682758042288405
            ],
            [
              139.76754454231553,
              35.68277340864546
            ],
            [
              139.76747668780698,
              35.68252882948068
            ],
            [
              139.7673982929148,
              35.682205013942394
            ]
          ]
        ]
      }
    },
    {
      "type": "Feature",
      "properties": {
        "id": "bldg_243d890d-ecd6-4589-b5de-1daa238b18e1",
        "measuredHeight": 19.6,
        "storeysAboveGround": 9999,
        "meshCode": "53394611",
        "centroid": [
          139.76464837063057,
          35.67846572669412
        ]
      },
      "geometry": {
        "type": "Polygon",
        "coordinates": [
          [
            [
              139.7646053082689,
              35.67825027875535
            ],
            [
              139.76481624443718,
              35.67889862967922
            ],
            [
              139.76470473214025,
              35.67892383162521
            ],
            [
              139.76449385985552,
              35.67825352312223
            ],
            [
              139.7646320756287,
              35.678224920408006
            ],
            [
              139.76463800345275,
              35.6782431765747
            ],
            [
              139.7646053082689,
              35.67825027875535
            ]
          ]
        ]
      }
    },
    {
      "type": "Feature",
      "properties": {
        "id": "bldg_5fddebc8-9ca4-47d5-a9e0-8f02ab7df171",
        "measuredHeight": -9999,
        "storeysAboveGround": 9999,
        "meshCode": "53394611",
        "centroid": [
          139.76470246994427,
          35.68113997909808
        ]
      },
      "geometry": {
        "type": "Polygon",
        "coordinates": [
          [
            [
              139.76472800393796,
              35.6811884874461
            ],
            [
              139.76471253392987,
              35.68119217425363
            ],
            [
              139.76467693595947,
              35.68109147074781
            ],
            [
              139.7646924059498,
              35.681087783944776
            ],
            [
              139.76472800393796,
              35.6811884874461
            ]
          ]
        ]
      }
    },
    {
      "type": "Feature",
      "properties": {
        "id": "bldg_40c858e0-1b52-460b-87e7-30595af73a6b",
        "measuredHeight": 41.2,
        "storeysAboveGround": 9,
        "meshCode": "53394611",
        "centroid": [
          139.7631635689468,
          35.680011295512045
        ]
      },
      "geometry": {
        "type": "Polygon",
        "coordinates": [
          [
            [
              139.76349387590156,
              35.68040917303311
            ],
            [
              139.76311575418652,
              35.680490617382326
            ],
            [
              139.76283514120735,
              35.67961432002369
            ],
            [
              139.76320950449178,
              35.67953107160907
            ],
            [
              139.76349387590156,
              35.68040917303311
            ]
          ]
        ]
      }
    },
    {
      "type": "Feature",
      "properties": {
        "id": "bldg_00133552-aa2d-431f-9786-877cd4ab98bc",
        "measuredHeight": 14.8,
        "storeysAboveGround": 2,
        "meshCode": "53394611",
        "centroid": [
          139.76779078788968,
          35.68135501094343
        ]
      },
      "geometry": {
        "type": "Polygon",
        "coordinates": [
          [
            [
              139.7680315482301,
              35.68235265219254
            ],
            [
              139.76801312374045,
              35.68218578932234
            ],
            [
              139.7679735756389,
              35.68191075940929
            ],
            [
              139.76790378477662,
              35.681601460919225
            ],
            [
              139.76786587774592,
              35.681482188851064
            ],
            [
              139.7678299453555,
              35.68138013404092
            ],
            [
              139.76754915407395,
              35.68064102743722
            ],
            [
              139.7671838387889,
              35.679679433135775
            ],
            [
              139.76707003222998,
              35.67943257493266
            ],
            [
              139.7671470521656,
              35.679409812587245
            ],
            [
              139.76715346031162,
              35.67940909501222
            ],
            [
              139.76725981027755,
              35.679588616566505
            ],
            [
              139.7673413325263,
              35.679733151187946
            ],
            [
              139.76738379971644,
              35.679813216277786
            ],
            [
              139.7674770891836,
              35.680023647527406
            ],
            [
              139.7675422513766,
              35.680180882395305
            ],
            [
              139.76770152996897,
              35.68060629060689
            ],
            [
              139.76796621901718,
              35.681313236193006
            ],
            [
              139.76801184325438,
              35.68145252286985
            ],
            [
              139.7680516119477,
              35.68159225703727
            ],
            [
              139.76810101951062,
              35.68183440123386
            ],
            [
              139.76814710540026,
              35.68208589983848
            ],
            [
              139.7681601328855,
              35.68223283044607
            ],
            [
              139.76818328711468,
              35.68296935357799
            ],
            [
              139.7681620694726,
              35.682976102379904
            ],
            [
              139.7681780570067,
              35.68315142776382
            ],
            [
              139.76811320191905,
              35.68315535868215
            ],
            [
              139.76809820018747,
              35.6829906700062
            ],
            [
              139.7680843871116,
              35.6829944482807
            ],
            [
              139.76803929575465,
              35.68247108759106
            ],
            [
              139.7680315482301,
              35.68235265219254
            ]
          ]
        ]
      }
    },
    {
      "type": "Feature",
      "properties": {
        "id": "bldg_ec99485a-a1f8-4ab5-b48f-1019c2e10719",
        "measuredHeight": 113.8,
        "storeysAboveGround": 24,
        "meshCode": "53394611",
        "centroid": [
          139.76434813020165,
          35.67865032256863
        ]
      },
      "geometry": {
        "type": "Polygon",
        "coordinates": [
          [
            [
              139.76425543225577,
              35.67907828616826
            ],
            [
              139.76401095024187,
              35.678313872336716
            ],
            [
              139.76444077099882,
              35.67822235936594
            ],
            [
              139.76468536731016,
              35.67898677240359
            ],
            [
              139.76425543225577,
              35.67907828616826
            ]
          ]
        ]
      }
    },
    {
      "type": "Feature",
      "properties": {
        "id": "bldg_d6daf92c-7567-4e57-a191-2f3059213dc8",
        "measuredHeight": 8.2,
        "storeysAboveGround": 3,
        "meshCode": "53394611",
        "centroid": [
          139.76468248479696,
          35.680675445789504
        ]
      },
      "geometry": {
        "type": "Polygon",
        "coordinates": [
          [
            [
              139.76478398724973,
              35.680705474258836
            ],
            [
              139.76471707254802,
              35.68079449166545
            ],
            [
              139.764567078426,
              35.6806265706788
            ],
            [
              139.7646618009641,
              35.68057524655492
            ],
            [
              139.76478398724973,
              35.680705474258836
            ]
          ]
        ]
      }
    },
    {
      "type": "Feature",
      "properties": {
        "id": "bldg_9fd9bfde-cfc7-4fd8-96c5-cc92d69ee26e",
        "measuredHeight": 3,
        "storeysAboveGround": 9999,
        "meshCode": "53394611",
        "centroid": [
          139.76535436074178,
          35.67786160419691
        ]
      },
      "geometry": {
        "type": "Polygon",
        "coordinates": [
          [
            [
              139.76535608123802,
              35.67789104849013
            ],
            [
              139.76535390447822,
              35.67789157005697
            ],
            [
              139.76532472105188,
              35.67780928534201
            ],
            [
              139.76535152771618,
              35.67780226977785
            ],
            [
              139.76538142890516,
              35.67788495149526
            ],
            [
              139.7653585010611,
              35.67789050001928
            ],
            [
              139.76535608123802,
              35.67789104849013
            ]
          ]
        ]
      }
    },
    {
      "type": "Feature",
      "properties": {
        "id": "bldg_4866a918-0184-4c0d-abbb-85e4ea40d889",
        "measuredHeight": 10.6,
        "storeysAboveGround": 9999,
        "meshCode": "53394611",
        "centroid": [
          139.76656706883995,
          35.67919798544064
        ]
      },
      "geometry": {
        "type": "Polygon",
        "coordinates": [
          [
            [
              139.76657609201027,
              35.67917459984354
            ],
            [
              139.76659119536797,
              35.679212646112546
            ],
            [
              139.7665580456626,
              35.67922137103976
            ],
            [
              139.76654294231898,
              35.67918332476668
            ],
            [
              139.76657609201027,
              35.67917459984354
            ]
          ]
        ]
      }
    },
    {
      "type": "Feature",
      "properties": {
        "id": "bldg_6b65b0e1-c168-4b3f-9f1c-6553044a659e",
        "measuredHeight": 9.7,
        "storeysAboveGround": 9999,
        "meshCode": "53394611",
        "centroid": [
          139.76538321658848,
          35.67695552058924
        ]
      },
      "geometry": {
        "type": "Polygon",
        "coordinates": [
          [
            [
              139.76541520943064,
              35.67697478293994
            ],
            [
              139.7653863625004,
              35.676991081502266
            ],
            [
              139.76535890519642,
              35.67693193598366
            ],
            [
              139.7653723892264,
              35.67692428193107
            ],
            [
              139.76541520943064,
              35.67697478293994
            ]
          ]
        ]
      }
    },
    {
      "type": "Feature",
      "properties": {
        "id": "bldg_e3b5c50f-39ce-42a8-beba-26f891642b41",
        "measuredHeight": 16.8,
        "storeysAboveGround": 3,
        "meshCode": "53394611",
        "centroid": [
          139.76760965321307,
          35.679246512027
        ]
      },
      "geometry": {
        "type": "Polygon",
        "coordinates": [
          [
            [
              139.76774968022428,
              35.67942618677432
            ],
            [
              139.76768271913787,
              35.67944228483834
            ],
            [
              139.7676039085779,
              35.67922383942271
            ],
            [
              139.76753020741205,
              35.67924146605506
            ],
            [
              139.7674754262426,
              35.67908955492971
            ],
            [
              139.76761597768376,
              35.67905574014184
            ],
            [
              139.76774968022428,
              35.67942618677432
            ]
          ]
        ]
      }
    },
    {
      "type": "Feature",
      "properties": {
        "id": "bldg_df8321c4-9ace-487f-9610-841f61b3d2b0",
        "measuredHeight": 166.8,
        "storeysAboveGround": 28,
        "meshCode": "53394611",
        "centroid": [
          139.76591406308359,
          35.68322172475517
        ]
      },
      "geometry": {
        "type": "Polygon",
        "coordinates": [
          [
            [
              139.76598642527273,
              35.68333845512725
            ],
            [
              139.76596864557814,
              35.683342483323756
            ],
            [
              139.76597424418756,
              35.68335890042778
            ],
            [
              139.76592927003904,
              35.68336910582141
            ],
            [
              139.7659230432615,
              35.68335083153869
            ],
            [
              139.7654602399564,
              35.68345580662049
            ],
            [
              139.7653423192977,
              35.683109721663335
            ],
            [
              139.76543800245665,
              35.68308801655633
            ],
            [
              139.7654078390833,
              35.68299948487546
            ],
            [
              139.76602734115824,
              35.6828589754916
            ],
            [
              139.76605562059606,
              35.68294198056046
            ],
            [
              139.76615012100137,
              35.68292054463714
            ],
            [
              139.76626904778476,
              35.68326956784666
            ],
            [
              139.76623242763768,
              35.683277867099704
            ],
            [
              139.7662337611744,
              35.683281779794456
            ],
            [
              139.7660286483892,
              35.6833283022566
            ],
            [
              139.7660342690379,
              35.683344800493614
            ],
            [
              139.7659918695916,
              35.683354421458496
            ],
            [
              139.76598642527273,
              35.68333845512725
            ]
          ]
        ]
      }
    },
    {
      "type": "Feature",
      "properties": {
        "id": "bldg_5291763f-d52c-43a3-9385-dd12eae0b9e8",
        "measuredHeight": 9,
        "storeysAboveGround": 9999,
        "meshCode": "53394611",
        "centroid": [
          139.76642811669123,
          35.678638516856594
        ]
      },
      "geometry": {
        "type": "Polygon",
        "coordinates": [
          [
            [
              139.7664389754635,
              35.67866596967018
            ],
            [
              139.7663987992899,
              35.6786224110733
            ],
            [
              139.7664172579168,
              35.67861106404606
            ],
            [
              139.76645743409475,
              35.678654622636834
            ],
            [
              139.7664389754635,
              35.67866596967018
            ]
          ]
        ]
      }
    },
    {
      "type": "Feature",
      "properties": {
        "id": "bldg_09a907f0-aa21-45ee-a9c1-20b2b04ff104",
        "measuredHeight": 8.6,
        "storeysAboveGround": 9999,
        "meshCode": "53394611",
        "centroid": [
          139.76592963497527,
          35.67873159843339
        ]
      },
      "geometry": {
        "type": "Polygon",
        "coordinates": [
          [
            [
              139.7659520472871,
              35.67874817368996
            ],
            [
              139.76592353852678,
              35.67875581939397
            ],
            [
              139.76590722270785,
              35.67871497810638
            ],
            [
              139.76593573137941,
              35.67870742254327
            ],
            [
              139.7659520472871,
              35.67874817368996
            ]
          ]
        ]
      }
    },
    {
      "type": "Feature",
      "properties": {
        "id": "bldg_dd63f862-3392-481a-b590-7f1b3c1b8591",
        "measuredHeight": -9999,
        "storeysAboveGround": 9999,
        "meshCode": "53394611",
        "centroid": [
          139.7650254388099,
          35.68219096144888
        ]
      },
      "geometry": {
        "type": "Polygon",
        "coordinates": [
          [
            [
              139.76504981436318,
              35.68223822742384
            ],
            [
              139.76503489671524,
              35.682241734311056
            ],
            [
              139.76500106329956,
              35.682143654910156
            ],
            [
              139.76501598086156,
              35.68214022915047
            ],
            [
              139.76504981436318,
              35.68223822742384
            ]
          ]
        ]
      }
    },
    {
      "type": "Feature",
      "properties": {
        "id": "bldg_cedf5079-d01d-4d5b-b54a-e67d864795cf",
        "measuredHeight": 39.6,
        "storeysAboveGround": 10,
        "meshCode": "53394611",
        "centroid": [
          139.7667890536236,
          35.67753318974458
        ]
      },
      "geometry": {
        "type": "Polygon",
        "coordinates": [
          [
            [
              139.76674951152188,
              35.67760982384104
            ],
            [
              139.7667253277754,
              35.67759809262652
            ],
            [
              139.76671174857148,
              35.67758735878466
            ],
            [
              139.7666966300176,
              35.67756788979295
            ],
            [
              139.76668869436827,
              35.6775457927685
            ],
            [
              139.7666877128568,
              35.677530468898034
            ],
            [
              139.7666928134725,
              35.677507757142024
            ],
            [
              139.76670542440746,
              35.67748721283525
            ],
            [
              139.76671758618028,
              35.677475411588865
            ],
            [
              139.76674024446805,
              35.67746163312833
            ],
            [
              139.7667666540906,
              35.67745353538238
            ],
            [
              139.76678532548308,
              35.67745165282204
            ],
            [
              139.76681338335553,
              35.67745419216878
            ],
            [
              139.76683955804106,
              35.677462949937166
            ],
            [
              139.7668547957465,
              35.677471972073306
            ],
            [
              139.7668732302032,
              35.6774893787336
            ],
            [
              139.76688503341052,
              35.67751029708301
            ],
            [
              139.7668887769192,
              35.67752544220173
            ],
            [
              139.76688754192202,
              35.67754932788317
            ],
            [
              139.76687846509688,
              35.677571136080566
            ],
            [
              139.7668684013389,
              35.67758411028504
            ],
            [
              139.7668554667127,
              35.67759537029638
            ],
            [
              139.76683203592177,
              35.67760815684224
            ],
            [
              139.76680507486475,
              35.67761508251378
            ],
            [
              139.76677690384415,
              35.67761569790523
            ],
            [
              139.76674951152188,
              35.67760982384104
            ]
          ]
        ]
      }
    },
    {
      "type": "Feature",
      "properties": {
        "id": "bldg_26e12df5-bb39-4683-8cf0-c93e24eed778",
        "measuredHeight": -9999,
        "storeysAboveGround": 9999,
        "meshCode": "53394611",
        "centroid": [
          139.76619999490478,
          35.67681208069359
        ]
      },
      "geometry": {
        "type": "Polygon",
        "coordinates": [
          [
            [
              139.7661867335691,
              35.676828751691964
            ],
            [
              139.766176042456,
              35.67681254806925
            ],
            [
              139.76619401172385,
              35.67680466206929
            ],
            [
              139.76619873389893,
              35.67681183061207
            ],
            [
              139.76621924494282,
              35.67680282832386
            ],
            [
              139.76622520283792,
              35.676811863395066
            ],
            [
              139.7661867335691,
              35.676828751691964
            ]
          ]
        ]
      }
    },
    {
      "type": "Feature",
      "properties": {
        "id": "bldg_861e9fa3-3ab6-443b-a1b0-6457f4d2e6dd",
        "measuredHeight": 58.2,
        "storeysAboveGround": 11,
        "meshCode": "53394611",
        "centroid": [
          139.764360618434,
          35.67670031329264
        ]
      },
      "geometry": {
        "type": "Polygon",
        "coordinates": [
          [
            [
              139.76455292888957,
              35.67716051695802
            ],
            [
              139.76433767463197,
              35.67696759027906
            ],
            [
              139.76412278800197,
              35.6767339213935
            ],
            [
              139.7639368471169,
              35.67649900688145
            ],
            [
              139.76379387767378,
              35.6762672717026
            ],
            [
              139.7636742147759,
              35.67603960600724
            ],
            [
              139.76359959046073,
              35.67585090556629
            ],
            [
              139.76362001133882,
              35.67574239215093
            ],
            [
              139.76389426612138,
              35.675918678800606
            ],
            [
              139.7642050012312,
              35.67619539865428
            ],
            [
              139.7643919764397,
              35.676383802543455
            ],
            [
              139.7645845371538,
              35.676629807017186
            ],
            [
              139.7647123119187,
              35.67680609819075
            ],
            [
              139.7648450034043,
              35.677046840136846
            ],
            [
              139.76498105099037,
              35.67736888760594
            ],
            [
              139.76501808683378,
              35.677466076547866
            ],
            [
              139.76491422021934,
              35.67749252692642
            ],
            [
              139.76487806611217,
              35.67739786229654
            ],
            [
              139.7647892969316,
              35.67733876290126
            ],
            [
              139.76455292888957,
              35.67716051695802
            ]
          ]
        ]
      }
    },
    {
      "type": "Feature",
      "properties": {
        "id": "bldg_489aed43-3314-4b80-8cf5-0e1ecd806342",
        "measuredHeight": 23,
        "storeysAboveGround": 9999,
        "meshCode": "53394611",
        "centroid": [
          139.76663593552829,
          35.68236147997821
        ]
      },
      "geometry": {
        "type": "Polygon",
        "coordinates": [
          [
            [
              139.76662642891472,
              35.6823945257545
            ],
            [
              139.76658440207183,
              35.6823554099815
            ],
            [
              139.76665425245815,
              35.68233553739129
            ],
            [
              139.7666786586684,
              35.68236044678558
            ],
            [
              139.76662642891472,
              35.6823945257545
            ]
          ]
        ]
      }
    },
    {
      "type": "Feature",
      "properties": {
        "id": "bldg_f41f100c-b00e-49a2-b82e-891cd71ffe98",
        "measuredHeight": 3.9,
        "storeysAboveGround": 9999,
        "meshCode": "53394611",
        "centroid": [
          139.76646955132222,
          35.677915123434346
        ]
      },
      "geometry": {
        "type": "Polygon",
        "coordinates": [
          [
            [
              139.76649380039925,
              35.677914823673866
            ],
            [
              139.76645545705028,
              35.67793911238834
            ],
            [
              139.76643750977553,
              35.677920371905365
            ],
            [
              139.76649143806375,
              35.67788618576979
            ],
            [
              139.76649380039925,
              35.677914823673866
            ]
          ]
        ]
      }
    },
    {
      "type": "Feature",
      "properties": {
        "id": "bldg_a071258e-ba1c-4a59-922b-a0a1cd2fb3dd",
        "measuredHeight": 8.4,
        "storeysAboveGround": 9999,
        "meshCode": "53394611",
        "centroid": [
          139.7664136804586,
          35.67866171916438
        ]
      },
      "geometry": {
        "type": "Polygon",
        "coordinates": [
          [
            [
              139.7664130031652,
              35.67867902513154
            ],
            [
              139.7663929140605,
              35.6786584626822
            ],
            [
              139.76641435775102,
              35.678644413198995
            ],
            [
              139.76643444685774,
              35.6786649756448
            ],
            [
              139.7664130031652,
              35.67867902513154
            ]
          ]
        ]
      }
    },
    {
      "type": "Feature",
      "properties": {
        "id": "bldg_5ea49e6b-2873-42ac-a934-fb0474025679",
        "measuredHeight": 3.8,
        "storeysAboveGround": 9999,
        "meshCode": "53394611",
        "centroid": [
          139.76545520881092,
          35.67810611771286
        ]
      },
      "geometry": {
        "type": "Polygon",
        "coordinates": [
          [
            [
              139.76543873314216,
              35.67802615672346
            ],
            [
              139.76550301027854,
              35.67817825442441
            ],
            [
              139.7654680932337,
              35.678187068194745
            ],
            [
              139.76541099858923,
              35.67803299150883
            ],
            [
              139.76543873314216,
              35.67802615672346
            ]
          ]
        ]
      }
    },
    {
      "type": "Feature",
      "properties": {
        "id": "bldg_b4c23048-b5ee-4ab9-8973-414ddbebd2b2",
        "measuredHeight": -9999,
        "storeysAboveGround": 9999,
        "meshCode": "53394611",
        "centroid": [
          139.7625534718723,
          35.68203341829586
        ]
      },
      "geometry": {
        "type": "Polygon",
        "coordinates": [
          [
            [
              139.76257460151822,
              35.682010842349534
            ],
            [
              139.76258599612808,
              35.682043559817004
            ],
            [
              139.76253233669237,
              35.68205599424147
            ],
            [
              139.7625209531505,
              35.68202327677543
            ],
            [
              139.76257460151822,
              35.682010842349534
            ]
          ]
        ]
      }
    },
    {
      "type": "Feature",
      "properties": {
        "id": "bldg_35111177-8da5-4f29-ba8d-b6e4702a0d2a",
        "measuredHeight": 109,
        "storeysAboveGround": 15,
        "meshCode": "53394611",
        "centroid": [
          139.7656309106983,
          35.67634712091222
        ]
      },
      "geometry": {
        "type": "Polygon",
        "coordinates": [
          [
            [
              139.76532672875237,
              35.67631528901289
            ],
            [
              139.76575706747363,
              35.67611903212739
            ],
            [
              139.76593514839854,
              35.6763789074606
            ],
            [
              139.76550469816863,
              35.676575255047986
            ],
            [
              139.76532672875237,
              35.67631528901289
            ]
          ]
        ]
      }
    },
    {
      "type": "Feature",
      "properties": {
        "id": "bldg_16bb96fd-4980-495a-8780-082f523f3c05",
        "measuredHeight": 7.8,
        "storeysAboveGround": 2,
        "meshCode": "53394611",
        "centroid": [
          139.76631611598887,
          35.67775592113475
        ]
      },
      "geometry": {
        "type": "Polygon",
        "coordinates": [
          [
            [
              139.76628807834808,
              35.67772899959257
            ],
            [
              139.766236093698,
              35.6776716433648
            ],
            [
              139.76627278915657,
              35.67764949005328
            ],
            [
              139.7664539081551,
              35.677849154589225
            ],
            [
              139.76638748039153,
              35.6778893188699
            ],
            [
              139.76625834618392,
              35.67774692033866
            ],
            [
              139.76628807834808,
              35.67772899959257
            ]
          ]
        ]
      }
    },
    {
      "type": "Feature",
      "properties": {
        "id": "bldg_a4d8d6f6-ec40-42a1-85df-7684afbddb8f",
        "measuredHeight": 4.1,
        "storeysAboveGround": 9999,
        "meshCode": "53394611",
        "centroid": [
          139.76493112017738,
          35.67915225092612
        ]
      },
      "geometry": {
        "type": "Polygon",
        "coordinates": [
          [
            [
              139.7649463651684,
              35.679139910791996
            ],
            [
              139.76495158661652,
              35.679157553606416
            ],
            [
              139.76491587518262,
              35.679164591061
            ],
            [
              139.76491065374194,
              35.67914694824506
            ],
            [
              139.7649463651684,
              35.679139910791996
            ]
          ]
        ]
      }
    },
    {
      "type": "Feature",
      "properties": {
        "id": "bldg_5ffc2bd4-bd77-45b9-9c03-08520a0220ae",
        "measuredHeight": 7,
        "storeysAboveGround": 9999,
        "meshCode": "53394611",
        "centroid": [
          139.7646865407253,
          35.680196443370335
        ]
      },
      "geometry": {
        "type": "Polygon",
        "coordinates": [
          [
            [
              139.7647829382817,
              35.68016231606426
            ],
            [
              139.76479068535295,
              35.680184998988835
            ],
            [
              139.7645901431311,
              35.680230584203336
            ],
            [
              139.7645823961355,
              35.680207874224905
            ],
            [
              139.7647829382817,
              35.68016231606426
            ]
          ]
        ]
      }
    },
    {
      "type": "Feature",
      "properties": {
        "id": "bldg_05ba08ea-0e49-4018-b6a9-b06948963f8f",
        "measuredHeight": 3.6,
        "storeysAboveGround": 9999,
        "meshCode": "53394611",
        "centroid": [
          139.76439087377437,
          35.681262049602715
        ]
      },
      "geometry": {
        "type": "Polygon",
        "coordinates": [
          [
            [
              139.7643860033208,
              35.68127302101339
            ],
            [
              139.76437983239694,
              35.68125462949845
            ],
            [
              139.764395744265,
              35.6812510331239
            ],
            [
              139.7644019151147,
              35.681269514775124
            ],
            [
              139.7643860033208,
              35.68127302101339
            ]
          ]
        ]
      }
    },
    {
      "type": "Feature",
      "properties": {
        "id": "bldg_d1cabb47-45bd-49af-be17-2e828cf61526",
        "measuredHeight": 5.5,
        "storeysAboveGround": 1,
        "meshCode": "53394611",
        "centroid": [
          139.76596253055342,
          35.67629773166583
        ]
      },
      "geometry": {
        "type": "Polygon",
        "coordinates": [
          [
            [
              139.7659210918186,
              35.676279388082484
            ],
            [
              139.76596319812194,
              35.6762592209084
            ],
            [
              139.76600391402485,
              35.67631612027987
            ],
            [
              139.76596191824834,
              35.676336197392544
            ],
            [
              139.7659210918186,
              35.676279388082484
            ]
          ]
        ]
      }
    },
    {
      "type": "Feature",
      "properties": {
        "id": "bldg_03e3f5bc-dd8a-417b-a789-3b884467a07f",
        "measuredHeight": -9999,
        "storeysAboveGround": 9999,
        "meshCode": "53394611",
        "centroid": [
          139.76645844502804,
          35.6776489633385
        ]
      },
      "geometry": {
        "type": "Polygon",
        "coordinates": [
          [
            [
              139.76649690758737,
              35.67768612024408
            ],
            [
              139.76645572482693,
              35.67765789344115
            ],
            [
              139.76639885907227,
              35.67762477246943
            ],
            [
              139.76635159633,
              35.67760140064653
            ],
            [
              139.76639117266603,
              35.677568883121225
            ],
            [
              139.7664552020274,
              35.677622460210785
            ],
            [
              139.76649140981252,
              35.677655109989615
            ],
            [
              139.76654848028286,
              35.67770778179322
            ],
            [
              139.76653665264712,
              35.67771624813044
            ],
            [
              139.76649690758737,
              35.67768612024408
            ]
          ]
        ]
      }
    },
    {
      "type": "Feature",
      "properties": {
        "id": "bldg_d338c9a8-a1af-437c-93e1-35a2ec6d3690",
        "measuredHeight": 8.8,
        "storeysAboveGround": 9999,
        "meshCode": "53394611",
        "centroid": [
          139.76544936726563,
          35.67623336634624
        ]
      },
      "geometry": {
        "type": "Polygon",
        "coordinates": [
          [
            [
              139.76559424261254,
              35.67618718353686
            ],
            [
              139.7653969195751,
              35.676278922207494
            ],
            [
              139.76538857810638,
              35.67626698333053
            ],
            [
              139.76538209091044,
              35.676270008280795
            ],
            [
              139.7653652755851,
              35.67624593214748
            ],
            [
              139.76556909680426,
              35.676151168574286
            ],
            [
              139.76559424261254,
              35.67618718353686
            ]
          ]
        ]
      }
    },
    {
      "type": "Feature",
      "properties": {
        "id": "bldg_67262e31-5d61-4db1-9be4-566c930d05ba",
        "measuredHeight": 24.9,
        "storeysAboveGround": 0,
        "meshCode": "53394611",
        "centroid": [
          139.7640333028093,
          35.67695492228966
        ]
      },
      "geometry": {
        "type": "Polygon",
        "coordinates": [
          [
            [
              139.7638358661128,
              35.67702075305412
            ],
            [
              139.76382650032525,
              35.676992714970844
            ],
            [
              139.7639561637965,
              35.67696394584107
            ],
            [
              139.76426273436988,
              35.676886333671376
            ],
            [
              139.76428524944205,
              35.6769108639109
            ],
            [
              139.7638358661128,
              35.67702075305412
            ]
          ]
        ]
      }
    },
    {
      "type": "Feature",
      "properties": {
        "id": "bldg_7a92e54b-cdea-47c4-9683-142a236630a9",
        "measuredHeight": 69.3,
        "storeysAboveGround": 16,
        "meshCode": "53394611",
        "centroid": [
          139.76274166320988,
          35.681576084928516
        ]
      },
      "geometry": {
        "type": "Polygon",
        "coordinates": [
          [
            [
              139.76238742326498,
              35.68181718970768
            ],
            [
              139.76232227076756,
              35.68178362027734
            ],
            [
              139.7622029539975,
              35.6814103820225
            ],
            [
              139.76311268733468,
              35.68121694088347
            ],
            [
              139.76322969432593,
              35.6815829659336
            ],
            [
              139.7631949495686,
              35.681645410746505
            ],
            [
              139.76238742326498,
              35.68181718970768
            ]
          ]
        ]
      }
    },
    {
      "type": "Feature",
      "properties": {
        "id": "bldg_7d5101c8-07a3-4ab5-9efd-7472899ad292",
        "measuredHeight": 3.2,
        "storeysAboveGround": 1,
        "meshCode": "53394611",
        "centroid": [
          139.7659594225952,
          35.676523035178384
        ]
      },
      "geometry": {
        "type": "Polygon",
        "coordinates": [
          [
            [
              139.7661955647086,
              35.67646729730362
            ],
            [
              139.76615366622744,
              35.67650305841565
            ],
            [
              139.7661026874406,
              35.67643290319296
            ],
            [
              139.76559928895733,
              35.676673467742916
            ],
            [
              139.76558770311357,
              35.67665732666035
            ],
            [
              139.7661176251235,
              35.676404157754796
            ],
            [
              139.7661955647086,
              35.67646729730362
            ]
          ]
        ]
      }
    },
    {
      "type": "Feature",
      "properties": {
        "id": "bldg_b3bff028-8dc1-4887-8895-3b37524b7226",
        "measuredHeight": 22.7,
        "storeysAboveGround": 3,
        "meshCode": "53394611",
        "centroid": [
          139.7681242278178,
          35.68003206613616
        ]
      },
      "geometry": {
        "type": "Polygon",
        "coordinates": [
          [
            [
              139.76838512750476,
              35.68106883063507
            ],
            [
              139.7676312243502,
              35.67905430626769
            ],
            [
              139.76776393286116,
              35.67901940538046
            ],
            [
              139.7687166265551,
              35.68098572226142
            ],
            [
              139.76838512750476,
              35.68106883063507
            ]
          ]
        ]
      }
    },
    {
      "type": "Feature",
      "properties": {
        "id": "bldg_8477944d-1cf4-41a6-badc-073fd87880e5",
        "measuredHeight": 4.8,
        "storeysAboveGround": 9999,
        "meshCode": "53394611",
        "centroid": [
          139.76491177769367,
          35.67910072652934
        ]
      },
      "geometry": {
        "type": "Polygon",
        "coordinates": [
          [
            [
              139.76493725400323,
              35.67913639927971
            ],
            [
              139.76489861429158,
              35.67914426432793
            ],
            [
              139.76487935708894,
              35.67908130156451
            ],
            [
              139.76491538910358,
              35.67907398487748
            ],
            [
              139.7649188159217,
              35.67908446076673
            ],
            [
              139.764921235753,
              35.6790839483597
            ],
            [
              139.76493725400323,
              35.67913639927971
            ]
          ]
        ]
      }
    },
    {
      "type": "Feature",
      "properties": {
        "id": "bldg_e910fbe9-acc8-4f69-8366-bee646e919e4",
        "measuredHeight": 116.2,
        "storeysAboveGround": 21,
        "meshCode": "53394611",
        "centroid": [
          139.76257391880372,
          35.681056788870094
        ]
      },
      "geometry": {
        "type": "Polygon",
        "coordinates": [
          [
            [
              139.7621778470965,
              35.68131797659937
            ],
            [
              139.76207064097252,
              35.68099332927361
            ],
            [
              139.76296998878084,
              35.68079564660253
            ],
            [
              139.7630771983651,
              35.68112020300487
            ],
            [
              139.7621778470965,
              35.68131797659937
            ]
          ]
        ]
      }
    },
    {
      "type": "Feature",
      "properties": {
        "id": "bldg_2e0506ad-1f0e-4177-8f15-72f634343529",
        "measuredHeight": 7.7,
        "storeysAboveGround": 1,
        "meshCode": "53394611",
        "centroid": [
          139.76563176844058,
          35.68210015047519
        ]
      },
      "geometry": {
        "type": "Polygon",
        "coordinates": [
          [
            [
              139.7656320892937,
              35.68204728522589
            ],
            [
              139.76569622816666,
              35.68210564001124
            ],
            [
              139.7656314475828,
              35.682153015741534
            ],
            [
              139.76556730871914,
              35.68209466092209
            ],
            [
              139.7656320892937,
              35.68204728522589
            ]
          ]
        ]
      }
    },
    {
      "type": "Feature",
      "properties": {
        "id": "bldg_2f60c661-c07f-41a5-b40b-0b74c52a8006",
        "measuredHeight": 16.5,
        "storeysAboveGround": 0,
        "meshCode": "53394611",
        "centroid": [
          139.76592037574574,
          35.6778189212957
        ]
      },
      "geometry": {
        "type": "Polygon",
        "coordinates": [
          [
            [
              139.7661182139881,
              35.67794153857283
            ],
            [
              139.76592068523476,
              35.67802387664718
            ],
            [
              139.76587587842008,
              35.677917561751705
            ],
            [
              139.76582052168698,
              35.67783733564606
            ],
            [
              139.76572045257836,
              35.677670354385036
            ],
            [
              139.76591370615589,
              35.67762649381822
            ],
            [
              139.76594322292738,
              35.677693987062675
            ],
            [
              139.76605032497454,
              35.67784022248192
            ],
            [
              139.7661182139881,
              35.67794153857283
            ]
          ]
        ]
      }
    },
    {
      "type": "Feature",
      "properties": {
        "id": "bldg_a167d98a-a942-42f3-9b71-a85483c86a89",
        "measuredHeight": -9999,
        "storeysAboveGround": 9999,
        "meshCode": "53394611",
        "centroid": [
          139.76483144910787,
          35.68069135198536
        ]
      },
      "geometry": {
        "type": "Polygon",
        "coordinates": [
          [
            [
              139.76480804182768,
              35.68073983021368
            ],
            [
              139.76479291242862,
              35.68073289005345
            ],
            [
              139.76485485639765,
              35.680642869254015
            ],
            [
              139.76486998577747,
              35.68064981842028
            ],
            [
              139.76480804182768,
              35.68073983021368
            ]
          ]
        ]
      }
    },
    {
      "type": "Feature",
      "properties": {
        "id": "bldg_c4fa981d-b14f-4cb0-821b-a95c0f98447f",
        "measuredHeight": -9999,
        "storeysAboveGround": 9999,
        "meshCode": "53394611",
        "centroid": [
          139.76508924428018,
          35.68238098194942
        ]
      },
      "geometry": {
        "type": "Polygon",
        "coordinates": [
          [
            [
              139.76511472347107,
              35.682429715517515
            ],
            [
              139.76509847988677,
              35.68243340193544
            ],
            [
              139.76506376509872,
              35.68233224837902
            ],
            [
              139.7650800086641,
              35.68232856196571
            ],
            [
              139.76511472347107,
              35.682429715517515
            ]
          ]
        ]
      }
    },
    {
      "type": "Feature",
      "properties": {
        "id": "bldg_023f86f2-e31e-47ea-8140-43613017390c",
        "measuredHeight": 19,
        "storeysAboveGround": 9999,
        "meshCode": "53394611",
        "centroid": [
          139.7662533581516,
          35.67830820276675
        ]
      },
      "geometry": {
        "type": "Polygon",
        "coordinates": [
          [
            [
              139.7663139282897,
              35.67831116516272
            ],
            [
              139.76633162043373,
              35.67833122152416
            ],
            [
              139.76632932145424,
              35.67833257230288
            ],
            [
              139.76633777571,
              35.678342167606196
            ],
            [
              139.76623792481243,
              35.67840077329816
            ],
            [
              139.76620494660088,
              35.678363375016914
            ],
            [
              139.76620984299535,
              35.6783604933561
            ],
            [
              139.76618624515456,
              35.678308552153524
            ],
            [
              139.76609376736374,
              35.678203661957944
            ],
            [
              139.76620201822587,
              35.678140121548225
            ],
            [
              139.76633954862712,
              35.67829612650747
            ],
            [
              139.7663139282897,
              35.67831116516272
            ]
          ]
        ]
      }
    },
    {
      "type": "Feature",
      "properties": {
        "id": "bldg_cbea6733-379b-4490-b641-a1e68192107d",
        "measuredHeight": 209.5,
        "storeysAboveGround": 42,
        "meshCode": "53394611",
        "centroid": [
          139.76737982432033,
          35.67863694592944
        ]
      },
      "geometry": {
        "type": "Polygon",
        "coordinates": [
          [
            [
              139.76739635009076,
              35.678255021433245
            ],
            [
              139.76777125482025,
              35.67884688676999
            ],
            [
              139.7673632421696,
              35.67901891608937
            ],
            [
              139.76698845020067,
              35.678426959425174
            ],
            [
              139.76739635009076,
              35.678255021433245
            ]
          ]
        ]
      }
    },
    {
      "type": "Feature",
      "properties": {
        "id": "bldg_7d4f7353-56e7-4085-a8ad-b2dc2955eddf",
        "measuredHeight": 14.5,
        "storeysAboveGround": 14,
        "meshCode": "53394611",
        "centroid": [
          139.7678338494392,
          35.6806342769261
        ]
      },
      "geometry": {
        "type": "Polygon",
        "coordinates": [
          [
            [
              139.7678189841178,
              35.6807336643184
            ],
            [
              139.76768492587644,
              35.68038980811537
            ],
            [
              139.76764425074472,
              35.68027918761362
            ],
            [
              139.76753544248757,
              35.67999681855107
            ],
            [
              139.76738877514728,
              35.6796740471878
            ],
            [
              139.76723511814313,
              35.67938876886376
            ],
            [
              139.76710526381876,
              35.67917723565133
            ],
            [
              139.7671863687553,
              35.679157269779715
            ],
            [
              139.7673414120707,
              35.67936818575385
            ],
            [
              139.76749883497862,
              35.67964201857982
            ],
            [
              139.76766384175673,
              35.67996470967805
            ],
            [
              139.767728020978,
              35.68010851347112
            ],
            [
              139.76774169565616,
              35.680138266191165
            ],
            [
              139.76782813875113,
              35.68034643999866
            ],
            [
              139.7684034866162,
              35.6818624982378
            ],
            [
              139.7685896807792,
              35.68236249914819
            ],
            [
              139.76865361235463,
              35.68254379931143
            ],
            [
              139.76876860041023,
              35.68284410785268
            ],
            [
              139.76862483751012,
              35.68287963484123
            ],
            [
              139.76823569783085,
              35.6818280653768
            ],
            [
              139.7678189841178,
              35.6807336643184
            ]
          ]
        ]
      }
    },
    {
      "type": "Feature",
      "properties": {
        "id": "bldg_3110e7a0-0350-4749-a869-7647a9f7850d",
        "measuredHeight": 3.5,
        "storeysAboveGround": 1,
        "meshCode": "53394611",
        "centroid": [
          139.766205159564,
          35.67675040115499
        ]
      },
      "geometry": {
        "type": "Polygon",
        "coordinates": [
          [
            [
              139.76618454986283,
              35.67669254410586
            ],
            [
              139.76627363290888,
              35.67677299616358
            ],
            [
              139.76622576922293,
              35.67680830329019
            ],
            [
              139.76613668626135,
              35.67672776106032
            ],
            [
              139.76618454986283,
              35.67669254410586
            ]
          ]
        ]
      }
    },
    {
      "type": "Feature",
      "properties": {
        "id": "bldg_6af58cef-669e-4aca-bc01-355e870d1ad5",
        "measuredHeight": 35.5,
        "storeysAboveGround": 3,
        "meshCode": "53394611",
        "centroid": [
          139.76601696359452,
          35.68123819718349
        ]
      },
      "geometry": {
        "type": "Polygon",
        "coordinates": [
          [
            [
              139.76610005429404,
              35.682206098707276
            ],
            [
              139.7661299243269,
              35.6821575314608
            ],
            [
              139.76614538463286,
              35.682165562295765
            ],
            [
              139.7661910617672,
              35.68210663808173
            ],
            [
              139.7661736164013,
              35.68209436969924
            ],
            [
              139.76619717147182,
              35.68206680086847
            ],
            [
              139.7661274074849,
              35.6818652152745
            ],
            [
              139.76610254508284,
              35.6818708800343
            ],
            [
              139.76607352631262,
              35.68178722556136
            ],
            [
              139.76609244390826,
              35.68178281039386
            ],
            [
              139.7660157483996,
              35.681560939994064
            ],
            [
              139.76597994656726,
              35.681569212589444
            ],
            [
              139.7659604504761,
              35.68151273976539
            ],
            [
              139.76598841787248,
              35.68150628356431
            ],
            [
              139.76597080540043,
              35.68145642786244
            ],
            [
              139.76595229670383,
              35.68146077113021
            ],
            [
              139.76591487859488,
              35.68135481197884
            ],
            [
              139.76593338727668,
              35.681350459703026
            ],
            [
              139.76591455155886,
              35.68129705190272
            ],
            [
              139.76588239635413,
              35.681304425139814
            ],
            [
              139.76586592211586,
              35.681254326688325
            ],
            [
              139.76588790032562,
              35.68124931836228
            ],
            [
              139.76582084915745,
              35.68105534166045
            ],
            [
              139.7657943295221,
              35.68106136597693
            ],
            [
              139.76576556524253,
              35.68097797295933
            ],
            [
              139.76578755711208,
              35.68096978281704
            ],
            [
              139.76570908393637,
              35.68074863229272
            ],
            [
              139.76552222375665,
              35.68066974730712
            ],
            [
              139.76545265042282,
              35.68050737105479
            ],
            [
              139.76549301906184,
              35.6804545734239
            ],
            [
              139.76550759683448,
              35.680460629841455
            ],
            [
              139.76554819422617,
              35.680398539177745
            ],
            [
              139.76553107481152,
              35.680393301582065
            ],
            [
              139.7655416976965,
              35.6803730266994
            ],
            [
              139.76554889304336,
              35.68035602186555
            ],
            [
              139.76555384283947,
              35.680355483829125
            ],
            [
              139.76552190822014,
              35.68027229627448
            ],
            [
              139.7655103170476,
              35.68027491273736
            ],
            [
              139.7654862322987,
              35.68026295599165
            ],
            [
              139.7654761239699,
              35.68023656714321
            ],
            [
              139.7654943081447,
              35.680210708020475
            ],
            [
              139.7655224295159,
              35.68020457650666
            ],
            [
              139.76570040931932,
              35.67992642314103
            ],
            [
              139.76569420283556,
              35.67992375159389
            ],
            [
              139.76569232544819,
              35.6799229212771
            ],
            [
              139.76573870855478,
              35.67985104489557
            ],
            [
              139.7657481508832,
              35.67985500721862
            ],
            [
              139.76578545330082,
              35.679795654789196
            ],
            [
              139.76582193156344,
              35.67977034670017
            ],
            [
              139.7658775021077,
              35.679768755377886
            ],
            [
              139.76589726675687,
              35.679781205381154
            ],
            [
              139.76591824004706,
              35.67980149799294
            ],
            [
              139.7659257266022,
              35.67983215784094
            ],
            [
              139.7659171942874,
              35.679862700555205
            ],
            [
              139.7659043509286,
              35.67988306436649
            ],
            [
              139.76594453885681,
              35.67989993350618
            ],
            [
              139.765922591203,
              35.6799347321998
            ],
            [
              139.76593459576125,
              35.67993967843801
            ],
            [
              139.76593992565807,
              35.679960052424654
            ],
            [
              139.7657596564559,
              35.68024211681183
            ],
            [
              139.76580782405043,
              35.68036016945519
            ],
            [
              139.76586901834818,
              35.68038471205834
            ],
            [
              139.76590102014106,
              35.68037540980202
            ],
            [
              139.76597451363236,
              35.680567118628595
            ],
            [
              139.7659442141723,
              35.680575159936566
            ],
            [
              139.76590737723188,
              35.68063246655427
            ],
            [
              139.76644729292659,
              35.68206964419691
            ],
            [
              139.7665095805779,
              35.68209644951815
            ],
            [
              139.76654870962278,
              35.68208623164931
            ],
            [
              139.76662327951527,
              35.68227596662048
            ],
            [
              139.76658422845065,
              35.68228531022615
            ],
            [
              139.76655158444203,
              35.68233529119894
            ],
            [
              139.76660318112098,
              35.68247770945651
            ],
            [
              139.76661246243512,
              35.682476443666644
            ],
            [
              139.76664136381734,
              35.68248971885361
            ],
            [
              139.76665064193827,
              35.682518847304046
            ],
            [
              139.76663695435272,
              35.682544429657334
            ],
            [
              139.7666043021343,
              35.68255110875419
            ],
            [
              139.76657173273256,
              35.682537939689105
            ],
            [
              139.76656584147986,
              35.68252792218553
            ],
            [
              139.76643621158448,
              35.68255974074885
            ],
            [
              139.76644114056194,
              35.68257106471265
            ],
            [
              139.76642241564946,
              35.68259591413163
            ],
            [
              139.76639186232035,
              35.68260281066637
            ],
            [
              139.76635869886735,
              35.68258662161918
            ],
            [
              139.76635252814333,
              35.682567328837756
            ],
            [
              139.76636768543204,
              35.682541467909275
            ],
            [
              139.76638028542172,
              35.68253507517967
            ],
            [
              139.7663578116707,
              35.6824584461073
            ],
            [
              139.76629662541418,
              35.68243542708241
            ],
            [
              139.76630635866377,
              35.68242218234113
            ],
            [
              139.7662325857533,
              35.68238969187539
            ],
            [
              139.76622185772285,
              35.68240348589281
            ],
            [
              139.76616288279908,
              35.682378476001446
            ],
            [
              139.76610005429404,
              35.682206098707276
            ]
          ]
        ]
      }
    },
    {
      "type": "Feature",
      "properties": {
        "id": "bldg_a16cfc59-110f-47f0-b622-2daff1b7c077",
        "measuredHeight": 6.3,
        "storeysAboveGround": 9999,
        "meshCode": "53394611",
        "centroid": [
          139.76589897908946,
          35.681415988173896
        ]
      },
      "geometry": {
        "type": "Polygon",
        "coordinates": [
          [
            [
              139.76585478931105,
              35.681394700064466
            ],
            [
              139.76592251453945,
              35.68137878372549
            ],
            [
              139.76594316889057,
              35.68143727627761
            ],
            [
              139.76587544361684,
              35.681453192628
            ],
            [
              139.76585478931105,
              35.681394700064466
            ]
          ]
        ]
      }
    },
    {
      "type": "Feature",
      "properties": {
        "id": "bldg_3782687d-cc34-4fab-b3f6-728a90e5ac0a",
        "measuredHeight": 24.7,
        "storeysAboveGround": 9999,
        "meshCode": "53394611",
        "centroid": [
          139.76581970957238,
          35.68027698851371
        ]
      },
      "geometry": {
        "type": "Polygon",
        "coordinates": [
          [
            [
              139.7658383323901,
              35.68022207837945
            ],
            [
              139.76587270141545,
              35.68031409164467
            ],
            [
              139.7658010867174,
              35.680331898658
            ],
            [
              139.76576671776667,
              35.68023988537274
            ],
            [
              139.7658383323901,
              35.68022207837945
            ]
          ]
        ]
      }
    },
    {
      "type": "Feature",
      "properties": {
        "id": "bldg_81940362-dd15-4423-8b85-0c0ad174922a",
        "measuredHeight": 5.4,
        "storeysAboveGround": 1,
        "meshCode": "53394611",
        "centroid": [
          139.7659311951425,
          35.676429490223896
        ]
      },
      "geometry": {
        "type": "Polygon",
        "coordinates": [
          [
            [
              139.7658837275844,
              35.67644053253495
            ],
            [
              139.7658724727503,
              35.67642484235071
            ],
            [
              139.76602288350645,
              35.676353627976226
            ],
            [
              139.76603755871776,
              35.67637436774353
            ],
            [
              139.76605159411102,
              35.67636770543186
            ],
            [
              139.76607995168462,
              35.676407561932734
            ],
            [
              139.7658371504141,
              35.67652235104232
            ],
            [
              139.76581155143032,
              35.67648637193312
            ],
            [
              139.76586062011944,
              35.676463144033974
            ],
            [
              139.76585444110663,
              35.67645439725946
            ],
            [
              139.7658837275844,
              35.67644053253495
            ]
          ]
        ]
      }
    },
    {
      "type": "Feature",
      "properties": {
        "id": "bldg_9ba22ce3-e90b-4715-a5f6-fd19d84f990d",
        "measuredHeight": 72.4,
        "storeysAboveGround": 15,
        "meshCode": "53394611",
        "centroid": [
          139.7632675084027,
          35.683116730959064
        ]
      },
      "geometry": {
        "type": "Polygon",
        "coordinates": [
          [
            [
              139.7629554854969,
              35.68334687997406
            ],
            [
              139.762929849128,
              35.68335245348739
            ],
            [
              139.76283244974783,
              35.68305079765011
            ],
            [
              139.76284968788121,
              35.68304711212068
            ],
            [
              139.7628442889484,
              35.68303052372718
            ],
            [
              139.7635758038039,
              35.68287320980446
            ],
            [
              139.76358010074705,
              35.68288673286454
            ],
            [
              139.76360418989114,
              35.68288151886464
            ],
            [
              139.7637012615502,
              35.68318200211532
            ],
            [
              139.76368557046302,
              35.68318532811306
            ],
            [
              139.76369141016968,
              35.68320344905468
            ],
            [
              139.76296000300488,
              35.68336076373264
            ],
            [
              139.7629554854969,
              35.68334687997406
            ]
          ]
        ]
      }
    },
    {
      "type": "Feature",
      "properties": {
        "id": "bldg_f0028aa3-e666-4608-8b70-4e981a45d6b5",
        "measuredHeight": 205.2,
        "storeysAboveGround": 6,
        "meshCode": "53394611",
        "centroid": [
          139.76481890475125,
          35.67977947152487
        ]
      },
      "geometry": {
        "type": "Polygon",
        "coordinates": [
          [
            [
              139.7652594773402,
              35.67938138549352
            ],
            [
              139.76525506971075,
              35.67936799762867
            ],
            [
              139.76546225978683,
              35.679322649403076
            ],
            [
              139.76552219289528,
              35.679504922543494
            ],
            [
              139.76514072857248,
              35.68004262778123
            ],
            [
              139.76512447227933,
              35.68006181779216
            ],
            [
              139.76509274742946,
              35.68008325246396
            ],
            [
              139.76505572447718,
              35.68009909561781
            ],
            [
              139.76503726050396,
              35.68010312329127
            ],
            [
              139.7643237772827,
              35.68026525181583
            ],
            [
              139.76428479291627,
              35.680146708090454
            ],
            [
              139.76435035072058,
              35.68013235977606
            ],
            [
              139.76433610346638,
              35.68008903168418
            ],
            [
              139.7642819268622,
              35.68010089873268
            ],
            [
              139.76418846632288,
              35.67981666059123
            ],
            [
              139.76424264274087,
              35.679804802597744
            ],
            [
              139.7641399160253,
              35.679492409243494
            ],
            [
              139.76479360950592,
              35.67934932079235
            ],
            [
              139.76482810952106,
              35.67945426912939
            ],
            [
              139.76523538551788,
              35.6793651111206
            ],
            [
              139.76524198589848,
              35.67938520643329
            ],
            [
              139.7652594773402,
              35.67938138549352
            ]
          ]
        ]
      }
    },
    {
      "type": "Feature",
      "properties": {
        "id": "bldg_74f37035-2f67-4adb-bf92-8e44b91988bf",
        "measuredHeight": -9999,
        "storeysAboveGround": 9999,
        "meshCode": "53394611",
        "centroid": [
          139.76471007932759,
          35.68086547069521
        ]
      },
      "geometry": {
        "type": "Polygon",
        "coordinates": [
          [
            [
              139.7646862581338,
              35.680913365024324
            ],
            [
              139.76467168095115,
              35.6809065964245
            ],
            [
              139.76473395576534,
              35.68081757640131
            ],
            [
              139.76474842246012,
              35.68082434493071
            ],
            [
              139.7646862581338,
              35.680913365024324
            ]
          ]
        ]
      }
    },
    {
      "type": "Feature",
      "properties": {
        "id": "bldg_3b79ea3c-daf4-422a-beb5-20f6b4269d48",
        "measuredHeight": 3.9,
        "storeysAboveGround": 9999,
        "meshCode": "53394611",
        "centroid": [
          139.76537993845747,
          35.68307853441916
        ]
      },
      "geometry": {
        "type": "Polygon",
        "coordinates": [
          [
            [
              139.76539794712764,
              35.68305632878554
            ],
            [
              139.76540514112796,
              35.6830803363637
            ],
            [
              139.76539139507702,
              35.68308307778989
            ],
            [
              139.76539279420788,
              35.68308775669672
            ],
            [
              139.76535047315872,
              35.683096196683955
            ],
            [
              139.7653418800456,
              35.68306751019516
            ],
            [
              139.76539794712764,
              35.68305632878554
            ]
          ]
        ]
      }
    },
    {
      "type": "Feature",
      "properties": {
        "id": "bldg_982a7829-06a8-49d8-8ab8-ee6584794864",
        "measuredHeight": 9.9,
        "storeysAboveGround": 2,
        "meshCode": "53394611",
        "centroid": [
          139.76645596168098,
          35.681151205813386
        ]
      },
      "geometry": {
        "type": "Polygon",
        "coordinates": [
          [
            [
              139.76646699329308,
              35.681166805317076
            ],
            [
              139.7663591719767,
              35.680883543424926
            ],
            [
              139.76629353756175,
              35.68089672100538
            ],
            [
              139.76618386982085,
              35.680616369346524
            ],
            [
              139.76614155050953,
              35.68049261443903
            ],
            [
              139.76615148577713,
              35.68048852775556
            ],
            [
              139.76606968530947,
              35.680203252003345
            ],
            [
              139.76609068646678,
              35.68023001644872
            ],
            [
              139.76611808905443,
              35.68022465957404
            ],
            [
              139.766112210207,
              35.680200120952016
            ],
            [
              139.7661489824702,
              35.68019320091423
            ],
            [
              139.76617118553654,
              35.68026226739384
            ],
            [
              139.76673417884777,
              35.681743578848916
            ],
            [
              139.76683042804947,
              35.68198259466043
            ],
            [
              139.76691360077032,
              35.68220387319544
            ],
            [
              139.76687277082544,
              35.68221350435231
            ],
            [
              139.76675681730654,
              35.6819945061644
            ],
            [
              139.76677233280256,
              35.681989331856805
            ],
            [
              139.76674996378486,
              35.681945945490455
            ],
            [
              139.7667706587222,
              35.68194317169564
            ],
            [
              139.76671519902655,
              35.681822907072316
            ],
            [
              139.76654220703796,
              35.68137810153345
            ],
            [
              139.76652760942204,
              35.68138230283992
            ],
            [
              139.76644986576343,
              35.68117102323657
            ],
            [
              139.76646699329308,
              35.681166805317076
            ]
          ]
        ]
      }
    },
    {
      "type": "Feature",
      "properties": {
        "id": "bldg_60e751ca-2882-462a-8a2f-26fb0ebca53a",
        "measuredHeight": 4,
        "storeysAboveGround": 9999,
        "meshCode": "53394611",
        "centroid": [
          139.76549529862905,
          35.678218135792775
        ]
      },
      "geometry": {
        "type": "Polygon",
        "coordinates": [
          [
            [
              139.76552107574085,
              35.678239918450714
            ],
            [
              139.7654898048276,
              35.67824810332027
            ],
            [
              139.7654695215263,
              35.678196353132265
            ],
            [
              139.76550079242145,
              35.67818816826785
            ],
            [
              139.76552107574085,
              35.678239918450714
            ]
          ]
        ]
      }
    },
    {
      "type": "Feature",
      "properties": {
        "id": "bldg_104b6adf-6a30-41d4-9bdc-dc866513368e",
        "measuredHeight": 199.9,
        "storeysAboveGround": 37,
        "meshCode": "53394611",
        "centroid": [
          139.7645495257902,
          35.682627915708665
        ]
      },
      "geometry": {
        "type": "Polygon",
        "coordinates": [
          [
            [
              139.76457608038828,
              35.68210969264975
            ],
            [
              139.76458855319595,
              35.68212285979594
            ],
            [
              139.7645963840443,
              35.68213818758221
            ],
            [
              139.76483584023742,
              35.68285689735987
            ],
            [
              139.7648385881333,
              35.6828733940194
            ],
            [
              139.76483592251992,
              35.682889887598996
            ],
            [
              139.76482817575814,
              35.68290529664176
            ],
            [
              139.7648159011693,
              35.682918539816065
            ],
            [
              139.7647997624021,
              35.68292871612681
            ],
            [
              139.7647808648724,
              35.682935105104875
            ],
            [
              139.7644536714752,
              35.68300765902704
            ],
            [
              139.76446314842923,
              35.68303596750899
            ],
            [
              139.76433463558504,
              35.68306446739845
            ],
            [
              139.76432519174722,
              35.68303624004895
            ],
            [
              139.76403807644573,
              35.68309981110567
            ],
            [
              139.76375763519974,
              35.68225812903006
            ],
            [
              139.7645005268746,
              35.682093424791496
            ],
            [
              139.76452074641222,
              35.682091182920914
            ],
            [
              139.7645409622349,
              35.682093267627955
            ],
            [
              139.7645598486787,
              35.682099588018254
            ],
            [
              139.76457608038828,
              35.68210969264975
            ]
          ]
        ]
      }
    },
    {
      "type": "Feature",
      "properties": {
        "id": "bldg_3de83faa-99f4-488f-86e1-3e2d4bcdbc9d",
        "measuredHeight": 114.2,
        "storeysAboveGround": 25,
        "meshCode": "53394611",
        "centroid": [
          139.76295983771973,
          35.682668262338524
        ]
      },
      "geometry": {
        "type": "Polygon",
        "coordinates": [
          [
            [
              139.76279671104834,
              35.682609645568924
            ],
            [
              139.762770048919,
              35.68252571226728
            ],
            [
              139.76319304207965,
              35.6824363631178
            ],
            [
              139.76327446201182,
              35.682692850690486
            ],
            [
              139.76312583948965,
              35.68272422197619
            ],
            [
              139.7631537139398,
              35.68281203180013
            ],
            [
              139.76272375725313,
              35.68290281891514
            ],
            [
              139.7626411270167,
              35.68264245437221
            ],
            [
              139.76279671104834,
              35.682609645568924
            ]
          ]
        ]
      }
    },
    {
      "type": "Feature",
      "properties": {
        "id": "bldg_9a631ab3-c153-4167-a85a-2c9703ee1169",
        "measuredHeight": 3.4,
        "storeysAboveGround": 0,
        "meshCode": "53394611",
        "centroid": [
          139.76563114876467,
          35.68253943351425
        ]
      },
      "geometry": {
        "type": "Polygon",
        "coordinates": [
          [
            [
              139.7656572094138,
              35.68252151087837
            ],
            [
              139.765664703055,
              35.68254395923903
            ],
            [
              139.76560514334741,
              35.68255735618303
            ],
            [
              139.76559753924238,
              35.68253490775659
            ],
            [
              139.7656572094138,
              35.68252151087837
            ]
          ]
        ]
      }
    },
    {
      "type": "Feature",
      "properties": {
        "id": "bldg_0edbc324-009b-40cf-9545-66cdfb56154e",
        "measuredHeight": -9999,
        "storeysAboveGround": 0,
        "meshCode": "53394611",
        "centroid": [
          139.7626221162197,
          35.682238678380976
        ]
      },
      "geometry": {
        "type": "Polygon",
        "coordinates": [
          [
            [
              139.76259818949748,
              35.682260292737645
            ],
            [
              139.76258826258206,
              35.68222943296004
            ],
            [
              139.76264604293146,
              35.68221706402665
            ],
            [
              139.7626559698677,
              35.68224792379957
            ],
            [
              139.76259818949748,
              35.682260292737645
            ]
          ]
        ]
      }
    },
    {
      "type": "Feature",
      "properties": {
        "id": "bldg_a6af9219-c241-4d86-b3cd-b92b531e3843",
        "measuredHeight": 6.6,
        "storeysAboveGround": 9999,
        "meshCode": "53394611",
        "centroid": [
          139.7668734194102,
          35.682743644072254
        ]
      },
      "geometry": {
        "type": "Polygon",
        "coordinates": [
          [
            [
              139.76689486653535,
              35.68274665973061
            ],
            [
              139.76686968726733,
              35.682761130871725
            ],
            [
              139.7668519722829,
              35.68274063291892
            ],
            [
              139.76687715155512,
              35.682726152767756
            ],
            [
              139.76689486653535,
              35.68274665973061
            ]
          ]
        ]
      }
    },
    {
      "type": "Feature",
      "properties": {
        "id": "bldg_577c07aa-dd00-4792-b3da-686f72153228",
        "measuredHeight": -9999,
        "storeysAboveGround": 9999,
        "meshCode": "53394611",
        "centroid": [
          139.76526122243584,
          35.68107024530438
        ]
      },
      "geometry": {
        "type": "Polygon",
        "coordinates": [
          [
            [
              139.7653103226698,
              35.68108103183476
            ],
            [
              139.76522288601848,
              35.68109975797406
            ],
            [
              139.76520418742075,
              35.6810416269508
            ],
            [
              139.76526400192145,
              35.681065186582934
            ],
            [
              139.76530471414867,
              35.68106362317935
            ],
            [
              139.7653103226698,
              35.68108103183476
            ]
          ]
        ]
      }
    },
    {
      "type": "Feature",
      "properties": {
        "id": "bldg_f4d17ac2-2e14-46f3-a028-5ce23384b83d",
        "measuredHeight": 4,
        "storeysAboveGround": 9999,
        "meshCode": "53394611",
        "centroid": [
          139.76578371551676,
          35.67719095226434
        ]
      },
      "geometry": {
        "type": "Polygon",
        "coordinates": [
          [
            [
              139.76581506354105,
              35.677143167835474
            ],
            [
              139.76585014215925,
              35.677191167545416
            ],
            [
              139.76575236747735,
              35.677238732200415
            ],
            [
              139.76571728888933,
              35.677190741476075
            ],
            [
              139.76581506354105,
              35.677143167835474
            ]
          ]
        ]
      }
    },
    {
      "type": "Feature",
      "properties": {
        "id": "bldg_02fa0b7a-67cc-45ac-8ea0-7e9bc77c3249",
        "measuredHeight": 15,
        "storeysAboveGround": 2,
        "meshCode": "53394611",
        "centroid": [
          139.76770090963,
          35.68173970712252
        ]
      },
      "geometry": {
        "type": "Polygon",
        "coordinates": [
          [
            [
              139.76784296952718,
              35.68234145387885
            ],
            [
              139.76777509726548,
              35.68198285135772
            ],
            [
              139.76773533646087,
              35.6818338329856
            ],
            [
              139.76767130620655,
              35.68164135525329
            ],
            [
              139.76701056111634,
              35.67987601714819
            ],
            [
              139.766853233098,
              35.679489241850106
            ],
            [
              139.76693268307866,
              35.67946711194419
            ],
            [
              139.76711250397145,
              35.67977403796771
            ],
            [
              139.76726215962205,
              35.68008905950407
            ],
            [
              139.76735533497006,
              35.6803039165112
            ],
            [
              139.7677852465211,
              35.681460602198676
            ],
            [
              139.7678220344214,
              35.681597270155244
            ],
            [
              139.76787642136708,
              35.681828952229075
            ],
            [
              139.76790799193418,
              35.681996444220744
            ],
            [
              139.76793088850454,
              35.68209813136806
            ],
            [
              139.76794582146232,
              35.68221108132823
            ],
            [
              139.76795546220413,
              35.682310868387226
            ],
            [
              139.7679632117371,
              35.682426698828955
            ],
            [
              139.7679643975993,
              35.68246275433113
            ],
            [
              139.76800616421832,
              35.68299819162181
            ],
            [
              139.7679838422686,
              35.68300430883308
            ],
            [
              139.76799710584672,
              35.68313249103978
            ],
            [
              139.76795909854485,
              35.68313508438484
            ],
            [
              139.76794649239116,
              35.683013662816414
            ],
            [
              139.76792737641205,
              35.6830172579185
            ],
            [
              139.76784296952718,
              35.68234145387885
            ]
          ]
        ]
      }
    },
    {
      "type": "Feature",
      "properties": {
        "id": "bldg_9c26a3e8-f042-4778-bee6-669c27c96ea8",
        "measuredHeight": 4.2,
        "storeysAboveGround": 9999,
        "meshCode": "53394611",
        "centroid": [
          139.7653955387989,
          35.67793852349158
        ]
      },
      "geometry": {
        "type": "Polygon",
        "coordinates": [
          [
            [
              139.7654386115994,
              35.67801314084171
            ],
            [
              139.7654036839159,
              35.67802154897021
            ],
            [
              139.76539501001332,
              35.67799755856436
            ],
            [
              139.76542042401033,
              35.67799144357141
            ],
            [
              139.76535300584993,
              35.6778048665642
            ],
            [
              139.76536249740442,
              35.677802582437565
            ],
            [
              139.7654386115994,
              35.67801314084171
            ]
          ]
        ]
      }
    },
    {
      "type": "Feature",
      "properties": {
        "id": "bldg_2add4862-da32-4310-9ba4-e3d6ac61b833",
        "measuredHeight": 25.3,
        "storeysAboveGround": 3,
        "meshCode": "53394611",
        "centroid": [
          139.76493183570912,
          35.67583173784347
        ]
      },
      "geometry": {
        "type": "Polygon",
        "coordinates": [
          [
            [
              139.7648809589455,
              35.675950791828335
            ],
            [
              139.7648491291936,
              35.675967539255296
            ],
            [
              139.76464702589905,
              35.67577164604261
            ],
            [
              139.76472781201662,
              35.675733654183496
            ],
            [
              139.76463954327798,
              35.67560849336015
            ],
            [
              139.76509883593164,
              35.6753969319858
            ],
            [
              139.7655397589325,
              35.676003804713254
            ],
            [
              139.76507162147595,
              35.676221041378795
            ],
            [
              139.7648809589455,
              35.675950791828335
            ]
          ]
        ]
      }
    },
    {
      "type": "Feature",
      "properties": {
        "id": "bldg_72b64303-ed0f-484f-a996-3ecabdb2470e",
        "measuredHeight": 4.2,
        "storeysAboveGround": 9999,
        "meshCode": "53394611",
        "centroid": [
          139.76672687816736,
          35.682479035359655
        ]
      },
      "geometry": {
        "type": "Polygon",
        "coordinates": [
          [
            [
              139.7666745414214,
              35.68244906734767
            ],
            [
              139.76672145254298,
              35.68242051983638
            ],
            [
              139.76678139923666,
              35.68251283539713
            ],
            [
              139.76673011946835,
              35.682533718857464
            ],
            [
              139.7666745414214,
              35.68244906734767
            ]
          ]
        ]
      }
    },
    {
      "type": "Feature",
      "properties": {
        "id": "bldg_5cf30bba-70c5-4f45-abfd-c0840657708e",
        "measuredHeight": 17.5,
        "storeysAboveGround": 0,
        "meshCode": "53394611",
        "centroid": [
          139.7677134952235,
          35.679499042969866
        ]
      },
      "geometry": {
        "type": "Polygon",
        "coordinates": [
          [
            [
              139.7677420275726,
              35.67946268816781
            ],
            [
              139.76776242225114,
              35.67951551967
            ],
            [
              139.7676907087405,
              35.67953395871677
            ],
            [
              139.76765882232976,
              35.679484005324895
            ],
            [
              139.7677420275726,
              35.67946268816781
            ]
          ]
        ]
      }
    },
    {
      "type": "Feature",
      "properties": {
        "id": "bldg_eb2fe2f2-0646-41bd-9e20-6eaa630860ca",
        "measuredHeight": 68.5,
        "storeysAboveGround": 14,
        "meshCode": "53394611",
        "centroid": [
          139.763580765762,
          35.680070878258746
        ]
      },
      "geometry": {
        "type": "Polygon",
        "coordinates": [
          [
            [
              139.76353444577384,
              35.68038044280101
            ],
            [
              139.7635061584122,
              35.68038664586372
            ],
            [
              139.763223755552,
              35.67953135031995
            ],
            [
              139.76369579577332,
              35.67942769608789
            ],
            [
              139.76398404310586,
              35.68030084106912
            ],
            [
              139.76354039595486,
              35.68039829341081
            ],
            [
              139.76353444577384,
              35.68038044280101
            ]
          ]
        ]
      }
    },
    {
      "type": "Feature",
      "properties": {
        "id": "bldg_4fd39851-e5e6-4e0e-9a32-c2b50b8d96ab",
        "measuredHeight": 4.3,
        "storeysAboveGround": 9999,
        "meshCode": "53394611",
        "centroid": [
          139.76556239232886,
          35.6821600977162
        ]
      },
      "geometry": {
        "type": "Polygon",
        "coordinates": [
          [
            [
              139.76553296805056,
              35.68220370753843
            ],
            [
              139.76552720540582,
              35.68209409752015
            ],
            [
              139.76562700353026,
              35.682182488090014
            ],
            [
              139.76553296805056,
              35.68220370753843
            ]
          ]
        ]
      }
    },
    {
      "type": "Feature",
      "properties": {
        "id": "bldg_d789a902-8a89-4c5d-9766-23981f07b436",
        "measuredHeight": 3.3,
        "storeysAboveGround": 9999,
        "meshCode": "53394611",
        "centroid": [
          139.76585528541005,
          35.68124942176922
        ]
      },
      "geometry": {
        "type": "Polygon",
        "coordinates": [
          [
            [
              139.76587650312925,
              35.681218205642345
            ],
            [
              139.7658871934438,
              35.68124911065082
            ],
            [
              139.76586521522646,
              35.68125412799045
            ],
            [
              139.7658689288203,
              35.68126541524413
            ],
            [
              139.765824265019,
              35.68127580105091
            ],
            [
              139.76580960682153,
              35.681233870036706
            ],
            [
              139.76587650312925,
              35.681218205642345
            ]
          ]
        ]
      }
    },
    {
      "type": "Feature",
      "properties": {
        "id": "bldg_2990b54b-2ad4-4cd5-b928-5527bc049def",
        "measuredHeight": 23.1,
        "storeysAboveGround": 24,
        "meshCode": "53394611",
        "centroid": [
          139.76406855985448,
          35.6788124091747
        ]
      },
      "geometry": {
        "type": "Polygon",
        "coordinates": [
          [
            [
              139.76420850809203,
              35.679046350670426
            ],
            [
              139.76425797963017,
              35.679198981331425
            ],
            [
              139.76399124376533,
              35.67925651580917
            ],
            [
              139.76374488927735,
              35.678487954071436
            ],
            [
              139.76400930234502,
              35.678430959616634
            ],
            [
              139.7640386100217,
              35.678521564376624
            ],
            [
              139.76406501816234,
              35.67851590092862
            ],
            [
              139.76423292754197,
              35.679041046593206
            ],
            [
              139.76420850809203,
              35.679046350670426
            ]
          ]
        ]
      }
    },
    {
      "type": "Feature",
      "properties": {
        "id": "bldg_8ef4229b-0d7e-45a0-b59e-39f1d2c37ede",
        "measuredHeight": -9999,
        "storeysAboveGround": 9999,
        "meshCode": "53394611",
        "centroid": [
          139.76541188347156,
          35.68226200759867
        ]
      },
      "geometry": {
        "type": "Polygon",
        "coordinates": [
          [
            [
              139.76541774224543,
              35.68223845356123
            ],
            [
              139.76543164963724,
              35.682279825342384
            ],
            [
              139.76540602469154,
              35.682285561637556
            ],
            [
              139.76539211731202,
              35.68224418985352
            ],
            [
              139.76541774224543,
              35.68223845356123
            ]
          ]
        ]
      }
    },
    {
      "type": "Feature",
      "properties": {
        "id": "bldg_b6493c4f-d0dd-4017-8056-783ec82785df",
        "measuredHeight": 3.1,
        "storeysAboveGround": 9999,
        "meshCode": "53394611",
        "centroid": [
          139.76526526259102,
          35.68259866138965
        ]
      },
      "geometry": {
        "type": "Polygon",
        "coordinates": [
          [
            [
              139.765236216844,
              35.682560474140715
            ],
            [
              139.76528099829565,
              35.682555586986936
            ],
            [
              139.76529430835654,
              35.682636853142995
            ],
            [
              139.76524952686793,
              35.68264173128793
            ],
            [
              139.765236216844,
              35.682560474140715
            ]
          ]
        ]
      }
    },
    {
      "type": "Feature",
      "properties": {
        "id": "bldg_5c10c04e-d235-4783-85c3-01b691187319",
        "measuredHeight": 20.3,
        "storeysAboveGround": 3,
        "meshCode": "53394611",
        "centroid": [
          139.7664692574212,
          35.68168746605792
        ]
      },
      "geometry": {
        "type": "Polygon",
        "coordinates": [
          [
            [
              139.7667274677385,
              35.68237447209652
            ],
            [
              139.766702810238,
              35.68233286917352
            ],
            [
              139.7666318432203,
              35.68222096967751
            ],
            [
              139.76652769671628,
              35.68204628923379
            ],
            [
              139.7664066703969,
              35.68180445614706
            ],
            [
              139.76638863828893,
              35.681767219477074
            ],
            [
              139.76630111536926,
              35.681545063811996
            ],
            [
              139.7662678716947,
              35.68145365523323
            ],
            [
              139.7662408649001,
              35.68146082411816
            ],
            [
              139.7661492660715,
              35.68122552406199
            ],
            [
              139.76619899174855,
              35.68121266218513
            ],
            [
              139.76611060260444,
              35.68095770496363
            ],
            [
              139.76605366805134,
              35.680740712996716
            ],
            [
              139.76599916550117,
              35.68052228016055
            ],
            [
              139.76597331654142,
              35.68038778103717
            ],
            [
              139.7659841455723,
              35.68038499284276
            ],
            [
              139.76634419074284,
              35.6811749755895
            ],
            [
              139.7663850762058,
              35.681164452282914
            ],
            [
              139.76647966328122,
              35.68140733435692
            ],
            [
              139.76643888810926,
              35.68141794789358
            ],
            [
              139.76656093618223,
              35.681719073751296
            ],
            [
              139.76671287332286,
              35.68208223037308
            ],
            [
              139.76691457393517,
              35.68250933049441
            ],
            [
              139.76690042871658,
              35.682513991794195
            ],
            [
              139.7669094123608,
              35.68253863123235
            ],
            [
              139.766868681437,
              35.682548550880696
            ],
            [
              139.7668542183299,
              35.68252354786549
            ],
            [
              139.76683599672543,
              35.68252783734445
            ],
            [
              139.76673939121173,
              35.682371134604125
            ],
            [
              139.7667274677385,
              35.68237447209652
            ]
          ]
        ]
      }
    },
    {
      "type": "Feature",
      "properties": {
        "id": "bldg_8d7d3637-898d-4343-91ca-0ffcde5c4ca9",
        "measuredHeight": 3.4,
        "storeysAboveGround": 9999,
        "meshCode": "53394611",
        "centroid": [
          139.765505041487,
          35.67715520267265
        ]
      },
      "geometry": {
        "type": "Polygon",
        "coordinates": [
          [
            [
              139.76548752273163,
              35.67715925348521
            ],
            [
              139.7655166893688,
              35.67714378434161
            ],
            [
              139.7655225602431,
              35.6771511518594
            ],
            [
              139.76549339360443,
              35.67716662100439
            ],
            [
              139.76548752273163,
              35.67715925348521
            ]
          ]
        ]
      }
    },
    {
      "type": "Feature",
      "properties": {
        "id": "bldg_9b84d8f4-7de3-4473-9348-ae33c5420c55",
        "measuredHeight": 6.7,
        "storeysAboveGround": 9999,
        "meshCode": "53394620",
        "centroid": [
          139.7624337079901,
          35.683571976741156
        ]
      },
      "geometry": {
        "type": "Polygon",
        "coordinates": [
          [
            [
              139.76246813131948,
              35.683624757274494
            ],
            [
              139.76243177683295,
              35.683631856703315
            ],
            [
              139.7624251680821,
              35.6836091382557
            ],
            [
              139.76241765419203,
              35.68361048588695
            ],
            [
              139.76239904237804,
              35.68354332276415
            ],
            [
              139.7624054512956,
              35.68354215475738
            ],
            [
              139.76239851207498,
              35.683518354467786
            ],
            [
              139.76243475603226,
              35.683511254983756
            ],
            [
              139.76244180542474,
              35.683535415884656
            ],
            [
              139.76245097683656,
              35.683533708679306
            ],
            [
              139.76246969917267,
              35.683600871859205
            ],
            [
              139.76246152224002,
              35.683602399377165
            ],
            [
              139.76246813131948,
              35.683624757274494
            ]
          ]
        ]
      }
    },
    {
      "type": "Feature",
      "properties": {
        "id": "bldg_e92c8bb8-da2c-4063-a79a-fee9a87f974a",
        "measuredHeight": 10.1,
        "storeysAboveGround": 9999,
        "meshCode": "53394620",
        "centroid": [
          139.76090721861542,
          35.683732618554664
        ]
      },
      "geometry": {
        "type": "Polygon",
        "coordinates": [
          [
            [
              139.7610789718485,
              35.68371740378687
            ],
            [
              139.76076481301007,
              35.68378517822544
            ],
            [
              139.76077388020747,
              35.683776620663835
            ],
            [
              139.76078526693286,
              35.683768695459186
            ],
            [
              139.76080306326682,
              35.683758881235455
            ],
            [
              139.76082329115658,
              35.68374798682806
            ],
            [
              139.7608407548153,
              35.683739524455184
            ],
            [
              139.7608615323283,
              35.683731695034446
            ],
            [
              139.76087910442303,
              35.68372548614931
            ],
            [
              139.76090010044643,
              35.683720360967044
            ],
            [
              139.760916786489,
              35.68371658524563
            ],
            [
              139.76094120652067,
              35.683712453624004
            ],
            [
              139.7609641881815,
              35.683710664698026
            ],
            [
              139.760986948554,
              35.68370923618317
            ],
            [
              139.76100992826053,
              35.68370961053826
            ],
            [
              139.76103334915913,
              35.683710796388
            ],
            [
              139.76105953086218,
              35.68371333594734
            ],
            [
              139.7610789718485,
              35.68371740378687
            ]
          ]
        ]
      }
    },
    {
      "type": "Feature",
      "properties": {
        "id": "bldg_d618b80b-097a-4558-9326-8974966a6a4b",
        "measuredHeight": 23.3,
        "storeysAboveGround": 9999,
        "meshCode": "53394621",
        "centroid": [
          139.76658072510202,
          35.68405003781738
        ]
      },
      "geometry": {
        "type": "Polygon",
        "coordinates": [
          [
            [
              139.7664778590646,
              35.683848238151995
            ],
            [
              139.76647010192067,
              35.683849874339806
            ],
            [
              139.76646422807838,
              35.68383213209154
            ],
            [
              139.7664397961164,
              35.683837616883686
            ],
            [
              139.76640835283186,
              35.68374542518532
            ],
            [
              139.76661875910963,
              35.683698174902666
            ],
            [
              139.76682875404126,
              35.68431936289421
            ],
            [
              139.7666916425786,
              35.684350159039205
            ],
            [
              139.7666688180693,
              35.68428249849666
            ],
            [
              139.7666432367563,
              35.68428824409086
            ],
            [
              139.76663784751534,
              35.68427224176709
            ],
            [
              139.76661930514217,
              35.68427648596554
            ],
            [
              139.7664778590646,
              35.683848238151995
            ]
          ]
        ]
      }
    },
    {
      "type": "Feature",
      "properties": {
        "id": "bldg_b4bc92ce-65d1-4697-8d87-368cacf1af2b",
        "measuredHeight": 86.3,
        "storeysAboveGround": 20,
        "meshCode": "53394621",
        "centroid": [
          139.76593585711473,
          35.68403531058106
        ]
      },
      "geometry": {
        "type": "Polygon",
        "coordinates": [
          [
            [
              139.76610341318042,
              35.68399676490421
            ],
            [
              139.76623235308102,
              35.68438289411625
            ],
            [
              139.76584846705225,
              35.68446821966848
            ],
            [
              139.76576912050436,
              35.68423039345389
            ],
            [
              139.7657082337042,
              35.68424387983684
            ],
            [
              139.76549774720627,
              35.68361352266496
            ],
            [
              139.7658319038642,
              35.683539257212296
            ],
            [
              139.76599291116383,
              35.68402131959527
            ],
            [
              139.76603297920846,
              35.68401240941128
            ],
            [
              139.76601794739446,
              35.68396735047423
            ],
            [
              139.7660900830589,
              35.683951328350346
            ],
            [
              139.76610512595863,
              35.68399638728472
            ],
            [
              139.76610341318042,
              35.68399676490421
            ]
          ]
        ]
      }
    },
    {
      "type": "Feature",
      "properties": {
        "id": "bldg_82614497-68fa-406f-bdb3-57122df77ceb",
        "measuredHeight": 150.5,
        "storeysAboveGround": 30,
        "meshCode": "53394621",
        "centroid": [
          139.7633580939941,
          35.68378849869892
        ]
      },
      "geometry": {
        "type": "Polygon",
        "coordinates": [
          [
            [
              139.7632608984221,
              35.683725165336966
            ],
            [
              139.76321170885316,
              35.68357756419658
            ],
            [
              139.76385319539085,
              35.68343525805042
            ],
            [
              139.76406824062963,
              35.68408046631524
            ],
            [
              139.76311438997715,
              35.68429207851255
            ],
            [
              139.76293727943718,
              35.683760643807815
            ],
            [
              139.76320388883,
              35.68370150720232
            ],
            [
              139.76321515041252,
              35.6837353061694
            ],
            [
              139.7632608984221,
              35.683725165336966
            ]
          ]
        ]
      }
    },
    {
      "type": "Feature",
      "properties": {
        "id": "bldg_b1ee528f-5ada-45d9-9d10-e0a05aca585c",
        "measuredHeight": 12.6,
        "storeysAboveGround": 9999,
        "meshCode": "53394621",
        "centroid": [
          139.76581698849873,
          35.683483422411165
        ]
      },
      "geometry": {
        "type": "Polygon",
        "coordinates": [
          [
            [
              139.7657826855527,
              35.68348580533104
            ],
            [
              139.76578028022064,
              35.68348207230434
            ],
            [
              139.76578001765813,
              35.68347899848088
            ],
            [
              139.765780838725,
              35.68347483460626
            ],
            [
              139.76578529471,
              35.68347054657901
            ],
            [
              139.7658610547687,
              35.68345330075929
            ],
            [
              139.76587626363795,
              35.683497800968695
            ],
            [
              139.76586790969264,
              35.68349970719484
            ],
            [
              139.76586334624247,
              35.683500416720854
            ],
            [
              139.76579219377913,
              35.68349074116648
            ],
            [
              139.7657826855527,
              35.68348580533104
            ]
          ]
        ]
      }
    },
    {
      "type": "Feature",
      "properties": {
        "id": "bldg_8b3c0aee-c23f-43bc-9022-f9a4f7724e42",
        "measuredHeight": 151.1,
        "storeysAboveGround": 29,
        "meshCode": "53394621",
        "centroid": [
          139.76687722323317,
          35.68390699058896
        ]
      },
      "geometry": {
        "type": "Polygon",
        "coordinates": [
          [
            [
              139.76669815649348,
              35.68370453748577
            ],
            [
              139.76669040908325,
              35.683681205709206
            ],
            [
              139.76693079338378,
              35.68362804946151
            ],
            [
              139.76693797881796,
              35.683649677321206
            ],
            [
              139.76699124037253,
              35.68363788970479
            ],
            [
              139.76718215204016,
              35.68421256483091
            ],
            [
              139.76694347893914,
              35.68426533492854
            ],
            [
              139.76694564999994,
              35.68427188909419
            ],
            [
              139.76682244022302,
              35.68429913263724
            ],
            [
              139.7666299329782,
              35.68371962471625
            ],
            [
              139.76669815649348,
              35.68370453748577
            ]
          ]
        ]
      }
    },
    {
      "type": "Feature",
      "properties": {
        "id": "bldg_f9793478-c291-4f69-a399-16a7bdbe7787",
        "measuredHeight": 10.9,
        "storeysAboveGround": 9999,
        "meshCode": "53394621",
        "centroid": [
          139.76341341097515,
          35.68354215797994
        ]
      },
      "geometry": {
        "type": "Polygon",
        "coordinates": [
          [
            [
              139.76320917964068,
              35.68357665233852
            ],
            [
              139.7632471076288,
              35.6836904274757
            ],
            [
              139.76299635541113,
              35.68374605809436
            ],
            [
              139.7629405328641,
              35.68357854167762
            ],
            [
              139.76359530222393,
              35.683433288173525
            ],
            [
              139.7636066190254,
              35.68346725839806
            ],
            [
              139.7638528062204,
              35.683412642420265
            ],
            [
              139.76385938478666,
              35.68343239526149
            ],
            [
              139.76320917964068,
              35.68357665233852
            ]
          ]
        ]
      }
    },
    {
      "type": "Feature",
      "properties": {
        "id": "bldg_6653a54f-6ae8-4fd7-91bc-5130fb086008",
        "measuredHeight": 89.7,
        "storeysAboveGround": 17,
        "meshCode": "53394621",
        "centroid": [
          139.76641257981495,
          35.68351576751715
        ]
      },
      "geometry": {
        "type": "Polygon",
        "coordinates": [
          [
            [
              139.7663909990564,
              35.68333207370737
            ],
            [
              139.76653000318052,
              35.68330844485087
            ],
            [
              139.766524162223,
              35.68329104514327
            ],
            [
              139.7666222837446,
              35.68318022186502
            ],
            [
              139.76664329088678,
              35.683147847230906
            ],
            [
              139.766683376527,
              35.68317030456145
            ],
            [
              139.76671854505545,
              35.683193678556755
            ],
            [
              139.76675522513216,
              35.68321952313509
            ],
            [
              139.76679797321486,
              35.68325552951063
            ],
            [
              139.76684451011187,
              35.68330569850673
            ],
            [
              139.76686722196,
              35.683335870931714
            ],
            [
              139.76689183952504,
              35.683372813702526
            ],
            [
              139.76690737246278,
              35.68340022396144
            ],
            [
              139.76692996847515,
              35.683450253519986
            ],
            [
              139.76696223632612,
              35.68354790785149
            ],
            [
              139.76696068932736,
              35.6835482314923
            ],
            [
              139.76698193408907,
              35.683615782952636
            ],
            [
              139.7669516351968,
              35.68362186853415
            ],
            [
              139.76624410384724,
              35.683781226373576
            ],
            [
              139.76625274689388,
              35.683803531114215
            ],
            [
              139.76616973553837,
              35.68382493746942
            ],
            [
              139.76615928452935,
              35.68379797162483
            ],
            [
              139.76616467717594,
              35.683796577508126
            ],
            [
              139.76616214919972,
              35.68379414239537
            ],
            [
              139.76611339572793,
              35.68380512092753
            ],
            [
              139.76609461901091,
              35.68374640413311
            ],
            [
              139.76610961425982,
              35.683742861104086
            ],
            [
              139.7661054526354,
              35.683738676417704
            ],
            [
              139.7660720256039,
              35.683746445595126
            ],
            [
              139.7660535839299,
              35.6836966525564
            ],
            [
              139.76606652415066,
              35.683693198521425
            ],
            [
              139.7660632352546,
              35.683689104458274
            ],
            [
              139.766043827171,
              35.683645557380466
            ],
            [
              139.76603215405035,
              35.68360048229222
            ],
            [
              139.76602744190964,
              35.68355459986003
            ],
            [
              139.76603683890207,
              35.68354730400561
            ],
            [
              139.76600685486358,
              35.68346787643143
            ],
            [
              139.76619746833566,
              35.68342688034311
            ],
            [
              139.76624168787126,
              35.68339427535198
            ],
            [
              139.76627584293922,
              35.68337446421174
            ],
            [
              139.7663161842923,
              35.683355377602474
            ],
            [
              139.76635563763944,
              35.683341248027844
            ],
            [
              139.7663909990564,
              35.68333207370737
            ]
          ]
        ]
      }
    },
    {
      "type": "Feature",
      "properties": {
        "id": "bldg_f3aeec04-0e48-41fa-a01e-ff6613d29879",
        "measuredHeight": 153.6,
        "storeysAboveGround": 30,
        "meshCode": "53394621",
        "centroid": [
          139.76471700338672,
          35.683434420552416
        ]
      },
      "geometry": {
        "type": "Polygon",
        "coordinates": [
          [
            [
              139.76481122155676,
              35.68322311053041
            ],
            [
              139.76480505046297,
              35.683204628905905
            ],
            [
              139.76496174119887,
              35.68316983492098
            ],
            [
              139.7650771189237,
              35.68351629738087
            ],
            [
              139.7650586651967,
              35.68352034308813
            ],
            [
              139.76515519995462,
              35.68380991824152
            ],
            [
              139.76433262139642,
              35.68399233783348
            ],
            [
              139.7641786775544,
              35.683530386883824
            ],
            [
              139.76451847059778,
              35.68345495653075
            ],
            [
              139.76446050724306,
              35.68328104886278
            ],
            [
              139.76461929778932,
              35.68324580583973
            ],
            [
              139.76462546876616,
              35.68326437761067
            ],
            [
              139.76481122155676,
              35.68322311053041
            ]
          ]
        ]
      }
    }
  ]
}
